order_id,customer_id,dish_id,quantity,unit_price,discount,payment_method,order_date,order_time,total_bill
1,56,105,1,420,0,UPI,2026-03-26,20:07:36,420.0
2,456,108,1,695,5,Card,2026-03-21,13:18:49,660.25
3,262,130,3,220,0,UPI,2026-03-02,13:56:58,660.0
4,128,113,1,220,0,UPI,2026-05-07,19:57:44,220.0
5,142,120,5,120,0,Card,2026-06-16,20:51:15,600.0
6,407,105,3,420,0,UPI,2026-01-10,20:37:39,1260.0
7,291,101,1,695,0,UPI,2026-03-14,12:32:25,695.0
8,446,130,1,220,15,UPI,2026-06-05,12:27:25,187.0
9,82,104,1,390,10,UPI,2026-05-03,20:38:20,351.0
10,444,101,3,695,5,Cash,2026-02-07,19:28:50,1980.75
11,97,120,2,120,0,UPI,2026-02-07,12:19:26,240.0
12,325,104,2,390,0,Card,2026-06-14,18:06:09,780.0
13,493,114,1,180,0,Cash,2026-03-16,18:16:22,180.0
14,303,105,3,420,0,Card,2026-01-12,13:15:45,1260.0
15,274,129,1,180,0,Card,2026-04-13,13:29:35,180.0
16,10,115,1,150,0,Card,2026-04-15,19:52:12,150.0
17,86,106,1,300,0,UPI,2026-05-02,20:53:57,300.0
18,495,123,2,420,5,Cash,2026-04-02,19:42:20,798.0
19,488,105,3,420,0,Card,2026-02-21,20:55:00,1260.0
20,80,108,1,695,10,Cash,2026-06-29,13:38:14,625.5
21,364,104,1,390,0,Card,2026-01-14,13:58:42,390.0
22,94,101,2,695,0,UPI,2026-06-21,18:01:25,1390.0
23,32,117,1,130,0,UPI,2026-03-19,13:56:39,130.0
24,372,125,1,120,0,UPI,2026-06-15,13:22:09,120.0
25,23,102,1,380,0,UPI,2026-05-17,18:43:21,380.0
26,426,110,2,280,5,Card,2026-06-14,22:47:49,532.0
27,278,105,1,420,15,UPI,2026-06-22,20:20:42,357.0
28,162,105,1,420,0,UPI,2026-04-23,13:39:25,420.0
29,118,117,2,130,0,Cash,2026-04-05,20:13:29,260.0
30,321,109,2,650,0,UPI,2026-04-02,21:14:44,1300.0
31,462,127,1,90,5,UPI,2026-01-06,19:02:22,85.5
32,312,102,1,380,0,UPI,2026-05-02,18:43:42,380.0
33,455,116,1,120,0,UPI,2026-04-26,21:11:38,120.0
34,171,119,2,220,0,Cash,2026-03-26,13:48:11,440.0
35,432,116,2,120,0,UPI,2026-05-16,19:54:20,240.0
36,131,110,2,280,0,Cash,2026-03-31,20:10:41,560.0
37,275,129,2,180,10,UPI,2026-06-29,13:04:53,324.0
38,271,105,4,420,0,UPI,2026-03-16,21:28:19,1680.0
39,149,115,1,150,5,UPI,2026-04-09,14:23:20,142.5
40,6,122,2,320,5,UPI,2026-06-15,13:36:37,608.0
41,372,114,2,180,0,Cash,2026-02-02,19:21:59,360.0
42,313,119,1,220,0,Cash,2026-04-06,12:19:15,220.0
43,134,102,5,380,10,UPI,2026-01-22,12:07:06,1710.0
44,157,124,5,180,0,UPI,2026-02-22,13:46:15,900.0
45,499,108,1,695,0,UPI,2026-05-21,21:18:04,695.0
46,426,123,2,420,0,Card,2026-06-25,13:19:07,840.0
47,312,120,1,120,10,UPI,2026-03-17,12:57:40,108.0
48,489,102,2,380,0,UPI,2026-01-15,11:19:51,760.0
49,492,116,1,120,0,Cash,2026-02-19,12:35:52,120.0
50,211,120,4,120,0,Cash,2026-01-17,14:10:08,480.0
51,18,126,4,60,0,UPI,2026-04-29,20:34:43,240.0
52,30,123,2,420,5,UPI,2026-05-10,21:52:02,798.0
53,318,115,1,150,5,UPI,2026-03-29,14:35:18,142.5
54,393,129,1,180,15,Card,2026-01-05,19:21:37,153.0
55,119,123,2,420,0,UPI,2026-01-13,12:38:13,840.0
56,167,112,1,240,0,Card,2026-04-26,19:36:59,240.0
57,219,107,4,695,0,UPI,2026-01-02,19:59:51,2780.0
58,74,108,1,695,0,UPI,2026-06-10,11:46:02,695.0
59,30,106,2,300,15,UPI,2026-05-13,13:27:18,510.0
60,96,126,4,60,0,UPI,2026-03-06,21:07:35,240.0
61,104,104,4,390,0,UPI,2026-06-26,12:29:23,1560.0
62,245,120,1,120,0,UPI,2026-06-10,13:27:39,120.0
63,212,105,1,420,0,UPI,2026-03-30,13:23:27,420.0
64,191,120,2,120,0,Card,2026-05-03,19:00:00,240.0
65,138,102,2,380,0,UPI,2026-06-21,13:03:11,760.0
66,191,112,1,240,0,Cash,2026-02-17,19:57:03,240.0
67,98,106,1,300,5,Cash,2026-06-29,14:29:08,285.0
68,227,123,4,420,5,UPI,2026-06-21,22:41:01,1596.0
69,460,114,1,180,10,UPI,2026-02-19,12:13:50,162.0
70,499,116,2,120,10,Card,2026-03-18,19:48:06,216.0
71,188,101,2,695,0,Card,2026-02-25,21:48:06,1390.0
72,400,101,1,695,10,UPI,2026-02-04,19:04:47,625.5
73,452,118,2,150,5,UPI,2026-06-29,12:47:51,285.0
74,318,102,2,380,0,UPI,2026-03-27,18:48:01,760.0
75,475,120,2,120,0,Cash,2026-03-09,18:36:53,240.0
76,370,124,1,180,0,Cash,2026-02-09,21:53:12,180.0
77,171,106,1,300,10,UPI,2026-05-16,12:43:27,270.0
78,193,103,1,320,0,UPI,2026-02-20,20:28:16,320.0
79,123,103,4,320,0,UPI,2026-05-25,20:40:26,1280.0
80,432,117,3,130,15,UPI,2026-02-04,19:20:00,331.5
81,93,115,2,150,0,Cash,2026-06-28,11:27:57,300.0
82,454,126,1,60,5,UPI,2026-03-08,19:28:38,57.0
83,230,120,1,120,5,UPI,2026-01-31,12:57:57,114.0
84,359,126,1,60,0,UPI,2026-01-31,12:16:55,60.0
85,326,105,1,420,0,UPI,2026-05-11,12:40:52,420.0
86,458,128,1,150,0,UPI,2026-05-04,13:39:09,150.0
87,426,108,1,695,0,UPI,2026-06-02,14:47:06,695.0
88,87,101,1,695,0,Cash,2026-03-06,14:01:01,695.0
89,176,108,1,695,10,UPI,2026-05-22,13:42:36,625.5
90,45,112,1,240,0,Cash,2026-03-11,20:42:40,240.0
91,154,104,1,390,0,UPI,2026-06-28,13:07:23,390.0
92,444,106,1,300,0,Cash,2026-04-04,14:59:09,300.0
93,25,111,2,320,0,Card,2026-05-17,13:51:16,640.0
94,451,109,1,650,0,Card,2026-06-15,13:25:43,650.0
95,281,126,2,60,0,UPI,2026-01-04,18:54:51,120.0
96,4,119,1,220,0,Card,2026-06-19,18:22:31,220.0
97,79,102,3,380,0,UPI,2026-01-15,20:59:11,1140.0
98,425,101,3,695,0,Card,2026-04-11,18:34:20,2085.0
99,254,102,3,380,0,UPI,2026-01-10,18:26:45,1140.0
100,290,120,1,120,0,UPI,2026-02-15,20:09:17,120.0
101,150,113,2,220,10,Cash,2026-05-28,13:34:41,396.0
102,144,101,4,695,10,UPI,2026-01-20,20:34:53,2502.0
103,331,110,2,280,0,UPI,2026-04-22,18:31:50,560.0
104,493,113,2,220,5,UPI,2026-01-25,19:19:31,418.0
105,114,104,3,390,0,UPI,2026-01-06,18:50:31,1170.0
106,325,115,1,150,0,UPI,2026-05-13,12:48:02,150.0
107,362,105,2,420,0,Card,2026-03-16,20:24:37,840.0
108,59,107,1,695,10,UPI,2026-01-16,18:53:46,625.5
109,344,123,2,420,0,Card,2026-01-08,20:26:42,840.0
110,377,113,2,220,5,UPI,2026-02-14,19:46:26,418.0
111,17,118,2,150,0,UPI,2026-01-07,19:23:24,300.0
112,156,129,1,180,0,UPI,2026-05-05,13:56:32,180.0
113,496,117,1,130,0,Cash,2026-05-06,14:38:22,130.0
114,284,128,1,150,0,UPI,2026-01-25,20:01:37,150.0
115,183,101,1,695,10,UPI,2026-03-19,13:30:42,625.5
116,118,124,1,180,0,UPI,2026-02-18,19:01:38,180.0
117,367,109,1,650,0,UPI,2026-03-07,13:14:16,650.0
118,258,105,1,420,0,UPI,2026-04-30,21:18:20,420.0
119,358,101,1,695,0,Cash,2026-05-16,13:35:59,695.0
120,200,118,1,150,0,UPI,2026-01-03,21:55:58,150.0
121,203,115,1,150,0,UPI,2026-05-16,19:00:57,150.0
122,455,123,2,420,0,Card,2026-05-19,19:13:22,840.0
123,368,128,2,150,15,Cash,2026-03-17,19:32:49,255.0
124,477,106,5,300,10,UPI,2026-03-16,20:28:43,1350.0
125,305,112,1,240,0,UPI,2026-01-19,20:31:27,240.0
126,18,103,2,320,5,Cash,2026-06-24,13:12:25,608.0
127,104,102,2,380,0,Card,2026-01-09,19:48:10,760.0
128,425,123,2,420,5,Card,2026-02-27,14:46:36,798.0
129,476,123,3,420,0,Card,2026-06-26,14:06:33,1260.0
130,18,127,1,90,0,Cash,2026-01-01,20:59:37,90.0
131,242,122,2,320,0,Card,2026-06-21,21:26:08,640.0
132,333,109,1,650,0,UPI,2026-05-21,19:49:13,650.0
133,370,115,1,150,0,UPI,2026-02-10,13:59:38,150.0
134,3,102,2,380,0,UPI,2026-04-04,19:58:20,760.0
135,58,123,2,420,0,UPI,2026-05-12,19:16:20,840.0
136,100,113,2,220,5,UPI,2026-03-09,14:32:30,418.0
137,39,124,1,180,0,UPI,2026-06-24,14:08:49,180.0
138,131,118,2,150,15,UPI,2026-03-18,12:12:04,255.0
139,425,120,1,120,0,UPI,2026-02-19,22:05:59,120.0
140,166,121,1,350,0,Card,2026-06-23,14:11:53,350.0
141,115,108,1,695,0,UPI,2026-04-09,19:21:16,695.0
142,377,105,2,420,0,Cash,2026-04-10,12:23:17,840.0
143,134,121,2,350,0,UPI,2026-06-02,18:18:22,700.0
144,492,110,3,280,10,UPI,2026-04-19,19:53:34,756.0
145,152,122,1,320,5,UPI,2026-02-18,21:20:25,304.0
146,184,101,2,695,0,Cash,2026-01-18,12:05:48,1390.0
147,460,104,1,390,0,Card,2026-06-19,14:02:01,390.0
148,266,103,2,320,0,UPI,2026-01-08,19:45:54,640.0
149,450,114,4,180,0,UPI,2026-04-11,19:30:53,720.0
150,275,125,2,120,0,Cash,2026-04-25,18:43:13,240.0
151,403,109,1,650,15,Cash,2026-05-27,20:27:20,552.5
152,102,118,2,150,0,UPI,2026-05-16,14:53:42,300.0
153,439,120,1,120,0,Cash,2026-03-19,19:35:30,120.0
154,493,123,1,420,0,UPI,2026-01-12,20:59:24,420.0
155,215,114,1,180,15,UPI,2026-04-28,18:26:35,153.0
156,170,104,1,390,0,Card,2026-01-06,21:00:55,390.0
157,257,104,1,390,10,Card,2026-06-02,18:30:02,351.0
158,140,106,2,300,0,UPI,2026-02-22,12:44:51,600.0
159,36,120,2,120,10,UPI,2026-05-01,12:46:51,216.0
160,85,104,2,390,15,UPI,2026-05-16,19:56:59,663.0
161,202,104,2,390,0,UPI,2026-01-06,19:28:18,780.0
162,56,119,1,220,0,Cash,2026-06-01,13:45:04,220.0
163,377,123,2,420,0,Cash,2026-01-17,18:32:40,840.0
164,49,124,1,180,0,Card,2026-05-20,20:25:00,180.0
165,253,108,1,695,5,Card,2026-06-24,21:40:32,660.25
166,312,119,1,220,0,UPI,2026-04-23,21:54:46,220.0
167,342,118,5,150,0,UPI,2026-05-18,12:48:52,750.0
168,289,129,1,180,10,UPI,2026-06-27,14:00:13,162.0
169,377,101,1,695,0,UPI,2026-02-25,21:29:34,695.0
170,478,117,2,130,0,UPI,2026-05-01,19:25:05,260.0
171,451,105,2,420,0,Cash,2026-03-10,11:23:15,840.0
172,302,118,2,150,15,UPI,2026-01-22,13:52:55,255.0
173,348,109,1,650,0,UPI,2026-01-09,11:58:14,650.0
174,191,115,1,150,0,UPI,2026-03-05,12:08:42,150.0
175,374,116,1,120,0,Cash,2026-06-05,12:30:07,120.0
176,395,117,1,130,10,UPI,2026-06-16,19:02:30,117.0
177,167,130,1,220,5,UPI,2026-04-14,18:31:22,209.0
178,9,125,1,120,0,Cash,2026-04-30,21:09:24,120.0
179,450,121,1,350,0,UPI,2026-03-31,19:38:43,350.0
180,73,116,2,120,0,Card,2026-04-12,13:57:31,240.0
181,252,107,3,695,0,UPI,2026-06-15,19:39:52,2085.0
182,122,105,3,420,0,Cash,2026-03-31,19:38:08,1260.0
183,206,105,1,420,0,UPI,2026-01-17,21:15:12,420.0
184,269,107,1,695,0,Cash,2026-04-19,18:39:13,695.0
185,189,118,1,150,0,Card,2026-01-01,20:04:28,150.0
186,225,105,3,420,0,Card,2026-05-10,19:57:10,1260.0
187,469,121,1,350,0,Card,2026-02-19,13:17:13,350.0
188,69,119,5,220,0,UPI,2026-06-13,11:32:11,1100.0
189,345,105,3,420,0,UPI,2026-01-06,19:19:25,1260.0
190,373,101,3,695,0,Cash,2026-05-31,19:34:14,2085.0
191,393,125,1,120,10,UPI,2026-02-12,20:57:38,108.0
192,142,108,3,695,0,Cash,2026-03-09,19:55:59,2085.0
193,90,123,2,420,5,Cash,2026-04-10,19:36:06,798.0
194,189,129,1,180,0,UPI,2026-03-06,13:04:02,180.0
195,87,111,3,320,0,UPI,2026-03-11,19:25:40,960.0
196,237,121,1,350,0,UPI,2026-01-08,18:51:47,350.0
197,400,129,3,180,0,Cash,2026-03-05,11:29:40,540.0
198,247,116,1,120,0,Card,2026-03-18,12:17:52,120.0
199,291,110,3,280,0,Cash,2026-04-01,19:35:43,840.0
200,75,102,2,380,0,Card,2026-04-20,20:37:39,760.0
201,454,116,3,120,0,Card,2026-03-26,18:33:57,360.0
202,455,123,4,420,0,Card,2026-05-16,19:00:47,1680.0
203,104,120,2,120,0,Card,2026-02-09,14:04:11,240.0
204,158,102,4,380,10,UPI,2026-04-25,19:09:21,1368.0
205,303,126,1,60,0,Card,2026-04-04,14:57:33,60.0
206,297,128,1,150,5,UPI,2026-04-15,18:44:37,142.5
207,117,127,1,90,0,UPI,2026-01-22,11:09:05,90.0
208,198,119,1,220,10,UPI,2026-03-30,18:58:59,198.0
209,11,118,1,150,5,UPI,2026-06-30,21:22:36,142.5
210,386,101,1,695,0,Card,2026-02-26,13:20:54,695.0
211,102,118,2,150,0,Cash,2026-01-06,19:16:38,300.0
212,251,118,1,150,0,UPI,2026-01-09,13:43:55,150.0
213,417,102,2,380,15,UPI,2026-02-09,21:35:04,646.0
214,438,105,2,420,10,UPI,2026-01-15,19:32:38,756.0
215,367,101,2,695,0,UPI,2026-02-10,13:07:57,1390.0
216,94,115,1,150,0,Cash,2026-01-01,19:15:17,150.0
217,465,105,1,420,5,Card,2026-03-03,13:12:59,399.0
218,13,107,1,695,5,UPI,2026-06-26,13:14:49,660.25
219,141,103,1,320,0,Cash,2026-06-09,12:29:43,320.0
220,425,105,4,420,5,UPI,2026-05-08,21:45:32,1596.0
221,92,120,2,120,0,Card,2026-04-01,21:49:04,240.0
222,314,105,2,420,0,UPI,2026-04-21,18:26:05,840.0
223,45,109,1,650,0,Cash,2026-06-29,20:27:53,650.0
224,230,110,1,280,0,UPI,2026-03-03,19:00:15,280.0
225,267,122,3,320,0,UPI,2026-01-06,12:04:07,960.0
226,368,102,2,380,5,UPI,2026-05-29,14:24:23,722.0
227,202,107,5,695,10,UPI,2026-01-29,19:08:09,3127.5
228,359,118,1,150,5,UPI,2026-03-14,18:42:43,142.5
229,161,121,2,350,0,Cash,2026-05-04,13:12:53,700.0
230,88,111,1,320,0,Card,2026-05-19,13:18:45,320.0
231,100,102,1,380,10,UPI,2026-05-11,20:42:22,342.0
232,340,116,2,120,0,Card,2026-06-26,14:07:00,240.0
233,2,117,1,130,0,UPI,2026-01-22,19:10:56,130.0
234,380,104,2,390,0,Card,2026-06-07,21:21:02,780.0
235,359,116,1,120,0,UPI,2026-02-18,13:55:47,120.0
236,296,128,2,150,0,Card,2026-06-15,21:43:30,300.0
237,194,101,1,695,0,Card,2026-06-01,19:06:32,695.0
238,460,102,2,380,5,UPI,2026-06-09,20:39:14,722.0
239,35,120,2,120,0,Card,2026-06-08,19:03:41,240.0
240,77,113,1,220,0,UPI,2026-01-22,13:44:33,220.0
241,39,107,2,695,0,UPI,2026-01-20,13:53:51,1390.0
242,341,107,2,695,10,UPI,2026-06-02,19:20:40,1251.0
243,473,106,2,300,0,Card,2026-04-10,18:22:11,600.0
244,212,121,2,350,5,Card,2026-05-17,20:01:20,665.0
245,48,101,2,695,0,Card,2026-02-11,13:53:12,1390.0
246,332,116,2,120,0,UPI,2026-04-24,19:44:33,240.0
247,411,120,1,120,0,Card,2026-06-05,18:27:17,120.0
248,300,126,1,60,10,Card,2026-03-30,11:48:23,54.0
249,403,120,2,120,5,Card,2026-01-24,20:37:02,228.0
250,114,127,2,90,0,UPI,2026-06-19,19:13:01,180.0
251,357,117,3,130,0,UPI,2026-01-23,14:45:27,390.0
252,102,119,1,220,0,Cash,2026-05-31,13:22:13,220.0
253,432,122,1,320,5,UPI,2026-03-03,18:47:45,304.0
254,404,126,1,60,0,Card,2026-06-24,20:32:41,60.0
255,14,109,2,650,0,UPI,2026-04-30,19:22:21,1300.0
256,75,101,1,695,0,Card,2026-01-10,13:52:32,695.0
257,217,104,2,390,0,UPI,2026-01-12,20:07:51,780.0
258,372,102,2,380,0,Card,2026-02-04,13:19:13,760.0
259,428,104,1,390,0,Cash,2026-04-05,12:22:37,390.0
260,485,107,2,695,0,UPI,2026-04-24,12:28:44,1390.0
261,485,130,1,220,0,Card,2026-04-11,20:27:14,220.0
262,15,106,2,300,0,Card,2026-02-13,13:56:04,600.0
263,438,103,1,320,10,UPI,2026-04-28,20:05:23,288.0
264,491,124,1,180,0,UPI,2026-04-21,20:59:30,180.0
265,421,101,3,695,10,UPI,2026-02-08,13:33:22,1876.5
266,282,113,1,220,0,Card,2026-03-31,19:16:20,220.0
267,250,106,2,300,0,Cash,2026-05-18,18:59:00,600.0
268,386,120,2,120,0,UPI,2026-04-06,20:54:39,240.0
269,141,119,2,220,0,Cash,2026-03-12,14:22:21,440.0
270,41,111,1,320,5,UPI,2026-02-08,13:15:41,304.0
271,59,122,1,320,5,UPI,2026-04-15,13:01:59,304.0
272,51,128,1,150,5,UPI,2026-03-16,12:32:58,142.5
273,310,107,1,695,0,UPI,2026-02-11,13:47:35,695.0
274,256,123,2,420,10,UPI,2026-02-15,20:16:13,756.0
275,266,106,2,300,0,UPI,2026-06-12,13:39:25,600.0
276,405,107,3,695,0,Cash,2026-06-07,21:39:21,2085.0
277,241,113,2,220,0,UPI,2026-06-29,12:22:39,440.0
278,171,122,1,320,0,UPI,2026-04-20,19:02:54,320.0
279,229,102,3,380,0,UPI,2026-01-25,12:06:25,1140.0
280,230,104,1,390,0,UPI,2026-02-06,19:36:16,390.0
281,7,127,1,90,0,Cash,2026-01-01,18:46:48,90.0
282,127,107,2,695,0,UPI,2026-05-22,13:34:50,1390.0
283,406,115,2,150,5,UPI,2026-04-18,11:56:18,285.0
284,365,117,2,130,0,UPI,2026-02-18,12:25:57,260.0
285,457,117,1,130,0,Card,2026-04-25,20:12:34,130.0
286,247,103,1,320,0,UPI,2026-06-25,19:18:05,320.0
287,479,121,1,350,0,Card,2026-02-02,21:33:13,350.0
288,163,104,1,390,0,Cash,2026-01-26,12:46:07,390.0
289,478,103,1,320,10,UPI,2026-05-10,21:14:39,288.0
290,222,114,1,180,10,Card,2026-04-07,18:57:02,162.0
291,360,112,2,240,0,UPI,2026-03-01,14:24:59,480.0
292,396,104,2,390,0,Card,2026-05-07,21:58:33,780.0
293,423,108,1,695,0,Card,2026-04-15,13:13:36,695.0
294,457,106,2,300,5,Card,2026-03-24,14:49:47,570.0
295,366,101,3,695,0,UPI,2026-02-06,13:18:52,2085.0
296,20,123,2,420,0,UPI,2026-01-10,13:25:26,840.0
297,220,120,3,120,0,UPI,2026-04-30,19:46:20,360.0
298,141,103,1,320,0,Cash,2026-04-23,12:05:24,320.0
299,461,125,1,120,0,Card,2026-02-10,12:24:40,120.0
300,416,108,1,695,0,UPI,2026-03-04,13:31:34,695.0
301,359,111,1,320,5,Card,2026-05-04,13:46:56,304.0
302,443,102,1,380,0,Card,2026-04-10,20:00:13,380.0
303,355,102,1,380,0,Cash,2026-03-16,12:32:38,380.0
304,15,107,1,695,10,UPI,2026-02-07,19:30:04,625.5
305,482,105,2,420,0,UPI,2026-05-16,12:46:18,840.0
306,40,101,1,695,0,Cash,2026-03-06,14:48:02,695.0
307,428,123,1,420,0,UPI,2026-02-26,19:43:18,420.0
308,438,103,5,320,0,Cash,2026-06-22,19:41:46,1600.0
309,330,102,1,380,0,Card,2026-04-27,20:45:40,380.0
310,215,128,4,150,0,UPI,2026-01-09,11:42:40,600.0
311,203,120,1,120,5,Card,2026-03-14,12:05:34,114.0
312,485,111,1,320,0,UPI,2026-01-29,19:06:03,320.0
313,238,105,1,420,5,Card,2026-01-09,13:20:35,399.0
314,201,103,3,320,0,UPI,2026-06-11,12:52:29,960.0
315,245,127,4,90,0,UPI,2026-05-19,18:51:47,360.0
316,154,120,3,120,0,UPI,2026-06-19,12:15:28,360.0
317,279,122,2,320,0,Card,2026-02-05,14:29:14,640.0
318,201,101,1,695,10,UPI,2026-05-26,13:20:05,625.5
319,18,105,1,420,0,UPI,2026-04-08,21:54:15,420.0
320,258,116,1,120,5,UPI,2026-03-20,14:31:15,114.0
321,163,105,1,420,5,UPI,2026-01-30,20:46:08,399.0
322,291,105,2,420,0,Cash,2026-04-20,19:50:36,840.0
323,11,110,2,280,0,Cash,2026-03-14,19:38:15,560.0
324,5,111,4,320,0,UPI,2026-01-07,22:51:56,1280.0
325,21,101,2,695,0,UPI,2026-01-20,18:55:09,1390.0
326,437,102,1,380,0,Card,2026-02-19,11:17:00,380.0
327,290,121,1,350,0,UPI,2026-02-10,13:51:59,350.0
328,378,103,5,320,0,Card,2026-06-10,18:25:59,1600.0
329,110,108,2,695,15,Cash,2026-03-03,19:53:38,1181.5
330,330,103,1,320,0,Card,2026-02-10,20:33:44,320.0
331,116,130,1,220,0,UPI,2026-06-05,20:38:07,220.0
332,39,116,4,120,0,Card,2026-05-21,11:31:22,480.0
333,381,110,1,280,0,UPI,2026-05-02,12:18:04,280.0
334,491,123,2,420,0,UPI,2026-02-17,11:00:09,840.0
335,300,106,2,300,0,UPI,2026-06-12,13:09:02,600.0
336,445,129,1,180,0,UPI,2026-02-16,14:42:32,180.0
337,233,108,1,695,0,Card,2026-01-17,11:38:40,695.0
338,174,128,2,150,0,Card,2026-05-27,18:18:17,300.0
339,492,120,2,120,5,Card,2026-04-28,13:43:29,228.0
340,107,128,2,150,0,Card,2026-03-09,14:57:21,300.0
341,417,104,1,390,5,UPI,2026-06-26,20:21:57,370.5
342,45,125,3,120,0,UPI,2026-03-02,19:03:01,360.0
343,408,116,1,120,10,UPI,2026-06-03,20:23:59,108.0
344,380,124,2,180,5,Card,2026-01-05,18:53:09,342.0
345,10,123,1,420,10,UPI,2026-05-06,11:05:56,378.0
346,217,103,3,320,5,UPI,2026-02-03,14:32:47,912.0
347,283,101,3,695,10,UPI,2026-05-29,20:29:09,1876.5
348,286,123,1,420,10,Cash,2026-02-04,20:42:43,378.0
349,435,105,2,420,0,Card,2026-03-27,18:27:10,840.0
350,161,107,5,695,0,UPI,2026-02-28,13:58:59,3475.0
351,124,122,1,320,0,UPI,2026-06-19,22:39:14,320.0
352,411,120,1,120,0,Card,2026-02-16,13:57:00,120.0
353,68,102,3,380,5,UPI,2026-02-08,18:34:16,1083.0
354,398,127,2,90,0,UPI,2026-04-05,20:36:52,180.0
355,212,101,3,695,10,Cash,2026-03-03,13:35:18,1876.5
356,131,120,1,120,5,UPI,2026-05-06,18:12:34,114.0
357,336,128,1,150,0,UPI,2026-01-05,14:06:19,150.0
358,261,103,2,320,0,UPI,2026-03-11,13:17:51,640.0
359,96,115,2,150,0,UPI,2026-01-19,13:19:57,300.0
360,377,104,1,390,0,Card,2026-04-05,19:35:42,390.0
361,166,114,2,180,0,UPI,2026-02-05,12:12:02,360.0
362,441,103,1,320,5,UPI,2026-03-28,12:30:31,304.0
363,212,109,1,650,0,Cash,2026-06-17,13:26:53,650.0
364,236,106,1,300,0,UPI,2026-04-28,19:03:12,300.0
365,259,129,2,180,0,UPI,2026-03-22,13:08:51,360.0
366,42,117,1,130,0,UPI,2026-01-25,21:51:33,130.0
367,231,104,2,390,0,UPI,2026-03-22,13:29:08,780.0
368,301,118,2,150,5,Cash,2026-04-18,20:44:25,285.0
369,184,115,1,150,0,Cash,2026-06-23,13:07:39,150.0
370,336,107,1,695,0,Card,2026-02-25,14:59:08,695.0
371,175,102,2,380,0,UPI,2026-03-26,19:53:49,760.0
372,176,124,1,180,0,UPI,2026-04-30,19:46:23,180.0
373,212,103,2,320,0,UPI,2026-04-03,14:35:58,640.0
374,235,120,1,120,0,UPI,2026-01-22,18:47:04,120.0
375,331,120,3,120,0,UPI,2026-03-27,21:00:23,360.0
376,272,103,3,320,0,UPI,2026-05-26,21:08:34,960.0
377,52,118,1,150,0,Card,2026-05-15,18:48:15,150.0
378,421,101,1,695,0,Card,2026-04-19,19:26:46,695.0
379,38,106,1,300,15,UPI,2026-02-13,18:11:38,255.0
380,215,102,1,380,0,UPI,2026-03-31,12:09:12,380.0
381,104,118,1,150,0,Card,2026-06-26,18:04:13,150.0
382,82,126,2,60,0,UPI,2026-02-01,12:34:00,120.0
383,210,125,1,120,15,Card,2026-01-14,12:52:06,102.0
384,14,108,2,695,0,UPI,2026-01-11,21:23:47,1390.0
385,232,101,1,695,0,Card,2026-04-28,20:04:15,695.0
386,365,121,2,350,0,Cash,2026-05-08,19:15:34,700.0
387,302,104,2,390,0,UPI,2026-05-09,19:10:53,780.0
388,12,119,4,220,0,UPI,2026-05-25,18:13:38,880.0
389,99,102,3,380,0,UPI,2026-02-16,12:23:04,1140.0
390,265,102,1,380,0,UPI,2026-01-30,12:16:08,380.0
391,199,103,2,320,0,UPI,2026-02-19,19:45:37,640.0
392,331,102,2,380,0,UPI,2026-04-27,13:43:47,760.0
393,324,102,2,380,0,UPI,2026-04-14,19:04:12,760.0
394,375,118,2,150,0,UPI,2026-03-23,21:31:46,300.0
395,488,107,1,695,10,UPI,2026-03-09,12:19:07,625.5
396,353,127,2,90,0,Card,2026-02-25,12:10:05,180.0
397,351,103,4,320,0,UPI,2026-06-24,19:46:39,1280.0
398,496,114,1,180,10,Card,2026-04-05,21:16:17,162.0
399,193,102,4,380,0,UPI,2026-02-16,21:43:01,1520.0
400,107,129,1,180,10,UPI,2026-05-03,14:41:45,162.0
401,250,103,3,320,0,UPI,2026-05-22,19:25:11,960.0
402,202,102,2,380,0,Cash,2026-02-28,14:24:52,760.0
403,64,119,2,220,0,UPI,2026-03-18,18:45:09,440.0
404,246,121,1,350,0,Cash,2026-06-06,19:08:38,350.0
405,159,128,3,150,5,UPI,2026-04-15,12:12:24,427.5
406,341,103,4,320,0,Cash,2026-02-19,19:42:45,1280.0
407,376,103,2,320,0,UPI,2026-02-04,14:10:24,640.0
408,491,118,2,150,0,Card,2026-04-13,21:24:42,300.0
409,240,111,3,320,0,Cash,2026-01-31,12:00:54,960.0
410,65,106,2,300,0,UPI,2026-04-05,19:33:20,600.0
411,480,103,1,320,0,UPI,2026-01-28,12:58:07,320.0
412,179,118,1,150,5,Cash,2026-02-05,14:02:33,142.5
413,91,117,3,130,0,UPI,2026-01-23,19:21:43,390.0
414,251,115,2,150,0,Card,2026-06-14,20:52:38,300.0
415,77,118,2,150,0,UPI,2026-01-26,12:58:23,300.0
416,297,119,1,220,15,Card,2026-04-01,13:04:57,187.0
417,390,118,1,150,5,UPI,2026-01-29,20:46:50,142.5
418,117,105,4,420,0,Card,2026-02-20,19:36:18,1680.0
419,418,128,1,150,0,Card,2026-03-10,11:40:31,150.0
420,370,115,3,150,0,Card,2026-06-03,22:17:19,450.0
421,185,105,1,420,0,Card,2026-01-09,12:47:26,420.0
422,372,122,1,320,0,Card,2026-01-11,11:58:17,320.0
423,37,111,1,320,10,Card,2026-01-21,21:03:39,288.0
424,470,101,2,695,0,UPI,2026-04-19,13:31:00,1390.0
425,385,120,2,120,0,Cash,2026-02-20,13:26:27,240.0
426,219,118,2,150,0,Card,2026-06-30,19:14:40,300.0
427,123,101,2,695,0,Cash,2026-05-09,19:53:11,1390.0
428,216,101,3,695,0,Card,2026-03-08,13:17:35,2085.0
429,403,120,1,120,0,Card,2026-01-17,18:51:08,120.0
430,424,125,2,120,0,UPI,2026-04-09,11:31:15,240.0
431,243,103,1,320,0,UPI,2026-06-23,21:20:39,320.0
432,70,102,1,380,5,UPI,2026-05-04,19:10:04,361.0
433,334,103,1,320,0,UPI,2026-02-20,13:22:42,320.0
434,86,103,2,320,5,UPI,2026-01-15,13:24:31,608.0
435,109,104,1,390,10,Card,2026-05-18,20:36:55,351.0
436,20,121,2,350,10,UPI,2026-06-05,19:54:27,630.0
437,34,119,1,220,0,Card,2026-01-24,19:30:38,220.0
438,207,114,2,180,0,UPI,2026-02-05,20:54:55,360.0
439,277,106,2,300,0,Card,2026-02-21,21:48:30,600.0
440,218,111,2,320,0,UPI,2026-05-14,13:33:25,640.0
441,39,123,1,420,0,UPI,2026-04-10,11:01:03,420.0
442,457,108,2,695,10,Cash,2026-04-14,12:54:30,1251.0
443,163,115,2,150,5,UPI,2026-04-28,19:02:33,285.0
444,279,125,3,120,5,UPI,2026-01-12,11:00:36,342.0
445,223,105,5,420,0,UPI,2026-03-15,12:07:16,2100.0
446,382,108,4,695,15,UPI,2026-05-29,20:01:51,2363.0
447,283,129,2,180,0,UPI,2026-05-01,20:36:47,360.0
448,380,102,1,380,10,UPI,2026-03-01,13:49:15,342.0
449,194,129,1,180,0,Card,2026-03-15,13:28:19,180.0
450,500,118,1,150,0,UPI,2026-05-26,12:30:07,150.0
451,435,128,1,150,0,UPI,2026-03-16,20:30:19,150.0
452,383,116,3,120,0,UPI,2026-02-13,21:30:16,360.0
453,368,113,1,220,0,UPI,2026-06-01,12:28:11,220.0
454,393,113,1,220,0,Card,2026-04-07,19:23:39,220.0
455,137,119,1,220,0,UPI,2026-05-03,11:25:27,220.0
456,51,118,2,150,0,UPI,2026-06-24,12:40:13,300.0
457,215,121,1,350,0,Cash,2026-04-30,14:48:50,350.0
458,432,105,2,420,15,Card,2026-02-16,12:51:15,714.0
459,110,101,1,695,10,UPI,2026-02-23,20:23:49,625.5
460,397,118,2,150,0,UPI,2026-04-25,13:24:09,300.0
461,336,121,5,350,10,UPI,2026-05-19,12:35:58,1575.0
462,215,101,5,695,0,UPI,2026-03-06,19:15:02,3475.0
463,79,124,2,180,0,UPI,2026-05-26,13:58:12,360.0
464,456,123,5,420,0,Card,2026-01-17,14:14:04,2100.0
465,440,120,2,120,0,UPI,2026-03-11,19:26:00,240.0
466,460,104,3,390,5,UPI,2026-06-06,21:53:59,1111.5
467,447,107,2,695,5,UPI,2026-01-09,20:44:37,1320.5
468,217,104,1,390,5,Cash,2026-01-19,13:14:51,370.5
469,262,101,1,695,0,UPI,2026-01-28,14:34:44,695.0
470,392,102,1,380,0,UPI,2026-01-30,13:11:10,380.0
471,342,130,2,220,0,UPI,2026-04-13,19:22:10,440.0
472,44,121,1,350,10,UPI,2026-01-22,18:09:06,315.0
473,264,104,1,390,0,UPI,2026-05-28,11:17:30,390.0
474,458,102,2,380,5,Cash,2026-01-20,19:41:20,722.0
475,335,123,4,420,5,Cash,2026-05-29,20:12:46,1596.0
476,361,107,2,695,10,Cash,2026-02-16,12:36:04,1251.0
477,72,109,1,650,0,UPI,2026-05-02,12:54:53,650.0
478,53,120,1,120,0,UPI,2026-02-01,12:27:41,120.0
479,107,126,1,60,0,UPI,2026-04-27,20:04:12,60.0
480,111,118,1,150,0,Card,2026-04-02,12:19:59,150.0
481,212,121,1,350,0,Card,2026-04-21,19:14:35,350.0
482,292,119,1,220,15,UPI,2026-06-24,20:31:07,187.0
483,68,105,2,420,0,Card,2026-02-18,12:03:05,840.0
484,454,101,1,695,0,UPI,2026-03-14,14:19:53,695.0
485,353,114,1,180,0,UPI,2026-02-17,19:00:38,180.0
486,319,119,1,220,5,UPI,2026-03-02,13:24:22,209.0
487,75,118,3,150,0,Cash,2026-03-22,13:20:32,450.0
488,307,115,1,150,0,UPI,2026-03-27,18:39:53,150.0
489,283,116,1,120,15,Cash,2026-04-04,19:01:13,102.0
490,289,111,2,320,0,UPI,2026-06-10,14:31:39,640.0
491,247,125,2,120,0,UPI,2026-05-21,19:34:27,240.0
492,411,120,1,120,0,UPI,2026-04-21,13:28:35,120.0
493,495,106,2,300,0,Card,2026-01-11,21:28:32,600.0
494,367,101,1,695,0,UPI,2026-05-16,14:06:04,695.0
495,261,110,1,280,5,Card,2026-06-08,13:13:18,266.0
496,19,101,1,695,0,UPI,2026-01-04,20:22:33,695.0
497,13,126,2,60,10,Cash,2026-04-03,20:02:56,108.0
498,498,119,1,220,5,UPI,2026-06-10,13:26:39,209.0
499,256,111,1,320,0,UPI,2026-03-26,19:04:55,320.0
500,198,119,1,220,0,UPI,2026-01-12,21:06:04,220.0
501,13,112,1,240,0,UPI,2026-03-06,12:43:23,240.0
502,65,108,2,695,0,Cash,2026-06-23,21:59:59,1390.0
503,40,107,1,695,0,UPI,2026-03-18,13:38:29,695.0
504,76,122,1,320,0,UPI,2026-02-02,18:30:40,320.0
505,166,129,1,180,10,UPI,2026-04-11,20:37:06,162.0
506,255,129,1,180,0,Card,2026-05-29,12:07:25,180.0
507,42,118,1,150,15,Cash,2026-04-30,13:19:50,127.5
508,421,109,4,650,0,Cash,2026-02-14,19:23:01,2600.0
509,474,102,2,380,0,UPI,2026-04-08,13:09:21,760.0
510,436,126,2,60,5,Card,2026-02-16,20:52:35,114.0
511,222,113,1,220,0,Card,2026-06-30,19:49:13,220.0
512,125,105,2,420,10,UPI,2026-01-14,13:40:24,756.0
513,65,118,2,150,5,UPI,2026-04-01,20:41:25,285.0
514,276,101,2,695,0,Card,2026-01-23,11:06:54,1390.0
515,496,101,1,695,15,UPI,2026-03-28,21:31:28,590.75
516,92,123,1,420,0,UPI,2026-04-09,12:00:48,420.0
517,256,104,5,390,0,UPI,2026-05-14,12:04:27,1950.0
518,357,103,2,320,0,UPI,2026-04-13,19:05:47,640.0
519,321,125,2,120,0,Cash,2026-05-29,22:25:07,240.0
520,471,109,1,650,0,UPI,2026-02-06,18:11:27,650.0
521,377,118,1,150,10,UPI,2026-06-28,20:30:26,135.0
522,415,111,1,320,10,Cash,2026-06-24,13:32:00,288.0
523,143,104,1,390,5,Cash,2026-05-27,21:53:01,370.5
524,445,128,2,150,0,Card,2026-04-01,11:16:38,300.0
525,132,101,2,695,10,UPI,2026-05-21,22:59:32,1251.0
526,470,118,1,150,0,Cash,2026-01-02,19:09:39,150.0
527,143,105,2,420,15,UPI,2026-06-08,14:06:43,714.0
528,427,106,3,300,0,UPI,2026-04-26,20:10:20,900.0
529,200,116,1,120,0,UPI,2026-04-06,13:27:20,120.0
530,272,129,1,180,0,Card,2026-01-08,12:01:24,180.0
531,190,109,1,650,5,Cash,2026-04-10,11:01:01,617.5
532,115,101,1,695,5,UPI,2026-06-29,13:31:35,660.25
533,32,125,1,120,10,UPI,2026-01-17,13:37:18,108.0
534,204,103,1,320,0,Card,2026-02-10,12:50:26,320.0
535,448,117,1,130,0,UPI,2026-02-15,13:49:02,130.0
536,135,123,1,420,0,UPI,2026-06-07,12:37:19,420.0
537,161,103,1,320,5,UPI,2026-04-11,19:51:59,304.0
538,72,113,1,220,0,Card,2026-06-27,18:30:18,220.0
539,111,102,1,380,0,UPI,2026-06-30,20:55:30,380.0
540,404,118,2,150,5,UPI,2026-06-24,12:49:28,285.0
541,37,101,1,695,15,Card,2026-04-09,20:32:54,590.75
542,118,113,3,220,5,Card,2026-03-17,12:00:05,627.0
543,93,119,1,220,0,UPI,2026-01-20,14:02:10,220.0
544,45,114,1,180,10,UPI,2026-06-29,20:36:28,162.0
545,279,109,3,650,5,UPI,2026-05-13,13:17:30,1852.5
546,366,115,2,150,10,UPI,2026-06-28,13:32:33,270.0
547,218,114,3,180,15,UPI,2026-03-27,20:40:24,459.0
548,215,101,2,695,0,UPI,2026-03-31,19:45:40,1390.0
549,230,126,1,60,0,UPI,2026-03-04,13:06:34,60.0
550,386,102,1,380,0,Card,2026-02-12,13:03:26,380.0
551,236,104,2,390,0,Card,2026-05-27,14:03:56,780.0
552,154,103,2,320,0,UPI,2026-05-30,13:18:00,640.0
553,107,124,4,180,5,UPI,2026-01-21,20:23:16,684.0
554,31,116,1,120,0,Cash,2026-05-06,12:20:25,120.0
555,232,104,2,390,0,UPI,2026-06-15,12:36:04,780.0
556,287,119,1,220,0,Cash,2026-06-15,12:15:12,220.0
557,329,103,1,320,10,UPI,2026-06-24,20:00:52,288.0
558,24,120,1,120,0,Card,2026-02-27,13:44:10,120.0
559,104,106,3,300,0,UPI,2026-02-10,19:22:25,900.0
560,97,111,3,320,10,UPI,2026-05-27,11:40:57,864.0
561,439,104,2,390,0,Cash,2026-01-10,13:11:18,780.0
562,417,113,1,220,0,UPI,2026-05-08,18:23:05,220.0
563,78,128,1,150,0,UPI,2026-03-14,12:46:35,150.0
564,223,118,2,150,0,UPI,2026-04-30,19:20:04,300.0
565,154,108,2,695,0,UPI,2026-03-23,19:19:34,1390.0
566,280,122,2,320,5,Cash,2026-04-22,19:38:28,608.0
567,495,129,3,180,0,UPI,2026-02-21,20:47:40,540.0
568,240,123,1,420,0,Card,2026-03-19,21:29:06,420.0
569,494,114,2,180,0,UPI,2026-04-03,19:15:34,360.0
570,307,102,2,380,10,Card,2026-05-28,13:39:44,684.0
571,325,116,1,120,5,Cash,2026-04-05,20:46:22,114.0
572,208,117,1,130,0,Cash,2026-04-13,13:24:07,130.0
573,214,104,3,390,0,Card,2026-03-08,19:40:42,1170.0
574,286,102,1,380,0,UPI,2026-03-26,20:37:23,380.0
575,374,118,2,150,0,Card,2026-01-12,11:33:25,300.0
576,319,109,1,650,0,UPI,2026-05-29,14:23:40,650.0
577,245,118,3,150,15,UPI,2026-04-04,18:29:30,382.5
578,233,106,1,300,0,Cash,2026-01-01,13:48:26,300.0
579,239,127,2,90,5,Cash,2026-05-12,13:42:04,171.0
580,311,104,3,390,15,UPI,2026-02-14,21:36:38,994.5
581,368,125,1,120,5,UPI,2026-02-15,13:48:53,114.0
582,156,117,2,130,0,UPI,2026-05-10,21:04:51,260.0
583,394,105,1,420,0,UPI,2026-02-26,13:20:46,420.0
584,39,116,1,120,10,UPI,2026-06-22,14:12:45,108.0
585,460,116,1,120,0,UPI,2026-05-10,13:37:43,120.0
586,216,120,2,120,0,UPI,2026-01-16,11:26:29,240.0
587,360,104,2,390,0,UPI,2026-06-27,13:33:28,780.0
588,175,120,3,120,10,Cash,2026-02-07,14:56:56,324.0
589,314,101,2,695,0,UPI,2026-01-27,19:50:58,1390.0
590,489,103,1,320,0,Card,2026-01-08,18:07:17,320.0
591,486,116,1,120,5,UPI,2026-05-24,19:51:15,114.0
592,286,106,2,300,0,Cash,2026-03-12,21:16:33,600.0
593,39,120,2,120,0,UPI,2026-03-04,13:03:57,240.0
594,83,112,1,240,0,UPI,2026-05-15,19:25:15,240.0
595,342,129,2,180,0,Cash,2026-06-22,21:58:48,360.0
596,251,124,3,180,5,Card,2026-06-03,19:46:10,513.0
597,76,120,2,120,0,UPI,2026-02-06,14:04:43,240.0
598,220,118,4,150,0,Card,2026-01-25,12:35:14,600.0
599,348,110,3,280,0,UPI,2026-03-10,18:44:04,840.0
600,469,101,1,695,0,UPI,2026-03-07,14:59:37,695.0
601,202,101,1,695,5,UPI,2026-05-07,19:36:25,660.25
602,36,129,1,180,5,UPI,2026-06-06,12:16:15,171.0
603,145,108,1,695,0,Card,2026-06-29,19:15:41,695.0
604,234,103,1,320,0,UPI,2026-06-11,13:58:58,320.0
605,279,121,1,350,0,Cash,2026-03-19,13:52:45,350.0
606,293,107,2,695,0,Cash,2026-02-07,12:11:17,1390.0
607,343,104,1,390,5,UPI,2026-01-04,13:25:24,370.5
608,85,122,1,320,0,UPI,2026-03-08,19:24:49,320.0
609,456,110,1,280,5,Cash,2026-05-07,13:47:03,266.0
610,460,105,1,420,0,Card,2026-05-25,21:12:19,420.0
611,387,108,2,695,0,Card,2026-06-19,14:47:39,1390.0
612,58,129,1,180,15,Cash,2026-05-22,21:04:54,153.0
613,17,105,2,420,0,Card,2026-03-01,19:01:12,840.0
614,143,127,2,90,0,UPI,2026-01-30,19:26:59,180.0
615,289,102,1,380,0,UPI,2026-06-22,20:51:51,380.0
616,389,129,2,180,0,Card,2026-01-20,19:05:14,360.0
617,28,129,1,180,0,UPI,2026-04-24,14:10:55,180.0
618,438,103,2,320,15,UPI,2026-04-22,13:46:31,544.0
619,44,124,4,180,0,UPI,2026-03-12,14:45:21,720.0
620,493,119,2,220,0,UPI,2026-06-29,12:53:20,440.0
621,250,107,2,695,0,UPI,2026-06-20,20:37:27,1390.0
622,125,105,1,420,0,Cash,2026-05-05,18:40:06,420.0
623,72,102,1,380,0,Cash,2026-05-03,13:33:48,380.0
624,465,115,2,150,0,UPI,2026-06-24,19:31:44,300.0
625,191,107,2,695,5,UPI,2026-04-02,19:17:44,1320.5
626,175,101,3,695,0,UPI,2026-01-22,19:50:40,2085.0
627,304,111,2,320,10,UPI,2026-03-23,20:37:16,576.0
628,72,103,1,320,0,Card,2026-02-11,22:47:54,320.0
629,413,102,1,380,0,UPI,2026-06-18,14:25:03,380.0
630,155,123,1,420,10,Card,2026-02-18,21:00:58,378.0
631,62,106,2,300,0,Card,2026-06-03,14:41:55,600.0
632,8,121,2,350,0,UPI,2026-02-03,20:57:50,700.0
633,250,106,1,300,0,Cash,2026-02-23,13:58:11,300.0
634,282,123,1,420,10,UPI,2026-02-28,14:05:55,378.0
635,86,101,1,695,0,UPI,2026-05-03,12:26:39,695.0
636,183,103,1,320,0,UPI,2026-04-30,14:57:46,320.0
637,277,129,1,180,10,UPI,2026-04-19,21:58:34,162.0
638,335,124,1,180,0,UPI,2026-06-11,12:16:44,180.0
639,124,101,1,695,5,UPI,2026-01-05,14:23:34,660.25
640,69,105,1,420,0,Card,2026-03-27,19:48:32,420.0
641,127,101,2,695,5,UPI,2026-01-07,13:03:24,1320.5
642,327,120,2,120,0,UPI,2026-05-02,13:47:55,240.0
643,312,104,2,390,5,Card,2026-06-12,13:29:35,741.0
644,337,119,1,220,5,Card,2026-05-01,12:42:29,209.0
645,198,113,4,220,0,UPI,2026-02-26,11:00:19,880.0
646,106,103,2,320,5,UPI,2026-01-23,12:35:27,608.0
647,294,114,4,180,5,UPI,2026-02-07,11:23:57,684.0
648,253,127,2,90,0,UPI,2026-05-01,19:17:32,180.0
649,432,107,1,695,0,Card,2026-06-08,13:03:15,695.0
650,376,107,1,695,0,UPI,2026-02-16,18:49:40,695.0
651,174,128,3,150,5,Card,2026-01-11,20:21:54,427.5
652,405,105,2,420,0,UPI,2026-04-26,13:09:44,840.0
653,216,126,3,60,0,Card,2026-04-11,13:28:06,180.0
654,425,104,1,390,0,Cash,2026-01-20,13:40:20,390.0
655,422,102,2,380,0,UPI,2026-03-15,20:23:51,760.0
656,137,111,1,320,10,Cash,2026-02-06,14:35:25,288.0
657,339,106,1,300,0,UPI,2026-04-30,13:46:36,300.0
658,399,121,2,350,10,UPI,2026-06-20,21:11:56,630.0
659,346,105,5,420,0,Cash,2026-04-28,18:01:35,2100.0
660,480,102,2,380,0,UPI,2026-05-16,14:38:18,760.0
661,137,108,1,695,0,Card,2026-05-23,18:40:30,695.0
662,462,107,5,695,5,UPI,2026-05-22,20:16:56,3301.25
663,210,119,2,220,10,Card,2026-04-20,13:46:42,396.0
664,455,105,5,420,5,Card,2026-03-25,13:57:05,1995.0
665,300,102,1,380,0,UPI,2026-04-18,19:06:13,380.0
666,341,120,1,120,0,UPI,2026-04-23,11:28:30,120.0
667,476,101,1,695,5,UPI,2026-06-28,19:13:11,660.25
668,245,104,3,390,0,UPI,2026-04-20,21:10:03,1170.0
669,289,120,1,120,0,UPI,2026-02-23,18:58:12,120.0
670,497,115,4,150,0,UPI,2026-06-07,14:58:34,600.0
671,438,110,1,280,0,UPI,2026-06-01,13:08:32,280.0
672,402,123,1,420,0,UPI,2026-04-28,22:50:33,420.0
673,311,104,1,390,0,Card,2026-01-20,18:51:26,390.0
674,276,107,2,695,0,UPI,2026-03-11,18:09:34,1390.0
675,251,118,3,150,0,UPI,2026-02-15,21:27:51,450.0
676,340,129,3,180,10,UPI,2026-05-31,11:15:32,486.0
677,376,102,1,380,5,UPI,2026-01-26,13:33:08,361.0
678,166,102,2,380,5,Cash,2026-06-09,20:20:18,722.0
679,125,102,2,380,0,Card,2026-01-08,19:14:26,760.0
680,488,107,2,695,15,UPI,2026-06-06,13:05:32,1181.5
681,363,101,1,695,0,UPI,2026-02-07,12:05:39,695.0
682,137,127,1,90,5,UPI,2026-03-10,14:50:53,85.5
683,346,130,2,220,10,UPI,2026-06-13,19:11:04,396.0
684,57,105,1,420,0,UPI,2026-04-25,11:37:28,420.0
685,286,125,2,120,10,UPI,2026-02-11,12:36:36,216.0
686,395,119,3,220,0,Card,2026-04-05,13:31:28,660.0
687,194,130,1,220,15,UPI,2026-02-26,12:31:58,187.0
688,118,106,1,300,0,UPI,2026-06-15,14:53:07,300.0
689,458,108,1,695,0,UPI,2026-02-27,11:39:13,695.0
690,261,124,1,180,0,Cash,2026-01-14,19:38:27,180.0
691,440,118,2,150,0,Card,2026-06-27,12:25:14,300.0
692,383,105,1,420,0,Card,2026-04-06,14:44:41,420.0
693,410,125,1,120,0,UPI,2026-01-17,19:31:48,120.0
694,129,115,2,150,10,UPI,2026-01-12,18:10:16,270.0
695,136,104,2,390,10,Card,2026-06-22,19:27:19,702.0
696,68,112,1,240,0,UPI,2026-03-31,18:25:55,240.0
697,424,123,1,420,0,UPI,2026-03-09,20:19:44,420.0
698,295,115,2,150,5,Card,2026-06-29,22:35:43,285.0
699,299,115,1,150,0,UPI,2026-05-05,20:53:46,150.0
700,297,105,2,420,0,Cash,2026-02-23,12:43:30,840.0
701,329,112,3,240,0,UPI,2026-04-14,13:28:18,720.0
702,313,103,4,320,0,UPI,2026-05-15,19:36:08,1280.0
703,497,115,1,150,0,UPI,2026-03-01,12:43:51,150.0
704,67,107,3,695,0,UPI,2026-02-08,13:05:11,2085.0
705,243,109,3,650,0,UPI,2026-05-19,19:29:18,1950.0
706,413,117,1,130,0,UPI,2026-06-22,20:09:01,130.0
707,334,101,2,695,0,UPI,2026-02-12,19:02:55,1390.0
708,193,121,2,350,10,UPI,2026-02-06,20:16:35,630.0
709,397,114,2,180,0,Card,2026-02-18,19:27:09,360.0
710,368,110,3,280,10,Card,2026-05-12,18:14:58,756.0
711,426,118,1,150,15,UPI,2026-04-24,13:23:39,127.5
712,152,104,1,390,10,UPI,2026-01-29,12:03:43,351.0
713,394,110,2,280,0,Card,2026-03-20,18:46:21,560.0
714,356,118,1,150,0,Card,2026-01-10,11:14:17,150.0
715,495,105,1,420,0,Card,2026-06-26,21:36:17,420.0
716,48,104,2,390,10,UPI,2026-06-30,13:19:17,702.0
717,104,107,1,695,0,Cash,2026-01-02,20:17:35,695.0
718,151,127,1,90,5,Card,2026-01-16,14:04:45,85.5
719,278,125,1,120,5,Cash,2026-02-10,12:46:14,114.0
720,206,101,1,695,0,Cash,2026-01-14,12:34:57,695.0
721,313,121,2,350,0,Card,2026-05-06,14:52:27,700.0
722,43,117,5,130,5,UPI,2026-05-18,20:17:53,617.5
723,154,120,1,120,0,Cash,2026-01-08,14:20:07,120.0
724,171,106,2,300,0,UPI,2026-02-11,18:34:20,600.0
725,94,126,2,60,0,UPI,2026-01-31,14:51:46,120.0
726,62,104,1,390,0,UPI,2026-04-05,19:15:57,390.0
727,473,122,1,320,5,Card,2026-05-20,13:48:19,304.0
728,45,122,1,320,5,UPI,2026-06-14,19:13:00,304.0
729,447,105,2,420,5,Card,2026-02-13,19:39:59,798.0
730,24,101,1,695,0,Cash,2026-04-13,18:30:13,695.0
731,62,130,1,220,0,UPI,2026-04-09,11:08:38,220.0
732,187,118,4,150,5,Card,2026-05-11,19:09:46,570.0
733,372,101,1,695,0,Cash,2026-04-29,19:08:56,695.0
734,113,118,4,150,0,Card,2026-04-26,19:46:07,600.0
735,320,105,1,420,0,UPI,2026-05-05,13:10:36,420.0
736,87,121,1,350,0,UPI,2026-05-28,11:13:27,350.0
737,457,101,3,695,0,Cash,2026-06-29,19:31:19,2085.0
738,63,106,1,300,15,Cash,2026-01-02,19:17:38,255.0
739,283,122,4,320,0,UPI,2026-03-16,18:01:30,1280.0
740,254,111,3,320,10,UPI,2026-04-15,20:52:58,864.0
741,187,101,3,695,0,Card,2026-03-28,20:06:12,2085.0
742,49,101,1,695,0,UPI,2026-04-24,20:01:14,695.0
743,360,101,1,695,0,UPI,2026-05-18,13:32:11,695.0
744,189,105,2,420,5,UPI,2026-04-17,20:08:52,798.0
745,281,106,1,300,0,UPI,2026-03-10,19:07:31,300.0
746,136,109,3,650,0,UPI,2026-05-14,12:24:11,1950.0
747,478,102,2,380,0,UPI,2026-05-29,13:50:09,760.0
748,478,115,1,150,5,Card,2026-06-07,13:43:52,142.5
749,370,101,1,695,15,Card,2026-01-16,14:00:43,590.75
750,103,116,1,120,5,UPI,2026-01-23,21:13:20,114.0
751,61,101,5,695,0,UPI,2026-03-06,19:55:02,3475.0
752,473,119,2,220,0,UPI,2026-05-27,21:12:09,440.0
753,456,106,1,300,0,Card,2026-03-31,12:41:34,300.0
754,208,111,5,320,0,Card,2026-04-25,11:46:30,1600.0
755,497,124,2,180,15,UPI,2026-03-28,19:04:17,306.0
756,354,106,2,300,0,UPI,2026-01-14,13:47:04,600.0
757,152,102,1,380,15,UPI,2026-03-31,12:27:10,323.0
758,177,120,3,120,5,UPI,2026-05-19,20:55:15,342.0
759,291,115,2,150,5,UPI,2026-01-31,19:09:55,285.0
760,23,116,1,120,0,UPI,2026-04-17,19:45:38,120.0
761,18,121,1,350,0,Card,2026-01-31,19:52:45,350.0
762,344,121,1,350,15,Card,2026-03-29,21:49:01,297.5
763,35,108,3,695,10,Cash,2026-04-14,14:10:12,1876.5
764,435,114,4,180,5,UPI,2026-03-23,12:45:15,684.0
765,212,119,5,220,0,UPI,2026-02-02,12:50:37,1100.0
766,166,125,1,120,0,UPI,2026-01-12,13:02:03,120.0
767,136,118,5,150,0,UPI,2026-02-07,13:05:32,750.0
768,254,115,2,150,0,Card,2026-03-03,13:36:55,300.0
769,194,117,2,130,0,UPI,2026-05-21,18:54:26,260.0
770,80,109,2,650,0,UPI,2026-04-09,21:37:22,1300.0
771,273,106,3,300,15,UPI,2026-06-03,18:58:33,765.0
772,298,120,3,120,0,Card,2026-06-07,20:03:09,360.0
773,465,102,4,380,15,UPI,2026-01-30,19:20:33,1292.0
774,147,104,1,390,0,Card,2026-02-13,21:07:27,390.0
775,95,105,2,420,0,UPI,2026-01-20,18:00:57,840.0
776,418,101,1,695,0,UPI,2026-04-07,13:16:59,695.0
777,440,115,1,150,15,UPI,2026-06-30,14:51:04,127.5
778,273,119,2,220,0,Cash,2026-02-01,20:31:13,440.0
779,362,101,1,695,0,UPI,2026-02-15,20:11:37,695.0
780,95,124,5,180,0,UPI,2026-06-26,13:17:56,900.0
781,210,123,1,420,0,UPI,2026-02-08,12:35:48,420.0
782,470,105,3,420,0,UPI,2026-04-18,19:03:04,1260.0
783,281,122,2,320,0,UPI,2026-02-06,13:54:06,640.0
784,364,102,2,380,0,UPI,2026-02-13,13:56:46,760.0
785,107,126,2,60,15,Card,2026-01-17,18:02:03,102.0
786,318,117,1,130,15,UPI,2026-01-21,19:40:16,110.5
787,405,124,2,180,0,Card,2026-04-03,19:23:30,360.0
788,316,113,1,220,0,Cash,2026-05-13,12:43:27,220.0
789,386,121,1,350,0,UPI,2026-05-03,19:59:54,350.0
790,329,119,3,220,0,Card,2026-06-05,12:31:47,660.0
791,119,110,1,280,0,Card,2026-05-17,20:24:38,280.0
792,153,111,1,320,0,Card,2026-05-07,21:07:14,320.0
793,333,110,1,280,0,UPI,2026-01-23,20:47:33,280.0
794,395,107,1,695,5,UPI,2026-04-04,20:59:10,660.25
795,104,115,1,150,0,Cash,2026-01-10,13:32:29,150.0
796,495,101,2,695,0,Cash,2026-04-09,22:33:02,1390.0
797,300,129,4,180,0,Cash,2026-01-18,13:46:04,720.0
798,368,105,3,420,0,UPI,2026-02-11,21:34:21,1260.0
799,463,102,1,380,5,Card,2026-05-11,19:57:54,361.0
800,144,124,1,180,5,Cash,2026-03-22,18:50:14,171.0
801,201,124,1,180,0,UPI,2026-06-20,11:30:55,180.0
802,56,129,1,180,0,Card,2026-01-16,13:40:49,180.0
803,266,108,2,695,0,Card,2026-04-11,12:36:55,1390.0
804,193,118,1,150,0,UPI,2026-03-31,19:18:43,150.0
805,100,124,2,180,0,UPI,2026-02-26,13:43:20,360.0
806,216,120,2,120,0,UPI,2026-06-24,19:39:40,240.0
807,429,104,4,390,0,UPI,2026-01-01,20:39:17,1560.0
808,422,106,2,300,10,UPI,2026-01-03,20:26:15,540.0
809,219,104,1,390,0,UPI,2026-05-02,18:57:55,390.0
810,21,118,3,150,0,UPI,2026-03-12,19:02:52,450.0
811,70,124,2,180,10,UPI,2026-06-15,13:15:24,324.0
812,235,113,2,220,0,Card,2026-01-03,18:43:48,440.0
813,102,113,1,220,0,UPI,2026-03-01,18:31:48,220.0
814,322,103,1,320,5,UPI,2026-03-08,19:31:44,304.0
815,363,103,1,320,0,UPI,2026-04-07,18:03:49,320.0
816,391,104,1,390,0,UPI,2026-05-04,13:49:12,390.0
817,65,122,1,320,0,UPI,2026-04-28,21:04:33,320.0
818,418,115,4,150,0,UPI,2026-02-01,12:52:38,600.0
819,331,104,1,390,0,UPI,2026-01-23,18:31:42,390.0
820,203,109,2,650,0,Cash,2026-02-12,20:31:57,1300.0
821,24,117,2,130,0,UPI,2026-05-05,20:08:07,260.0
822,481,118,1,150,0,Card,2026-05-31,19:58:28,150.0
823,48,128,5,150,5,Cash,2026-02-16,13:11:42,712.5
824,272,105,3,420,0,UPI,2026-06-01,13:50:55,1260.0
825,192,102,5,380,10,UPI,2026-01-05,13:21:59,1710.0
826,362,123,4,420,0,UPI,2026-01-16,12:21:29,1680.0
827,493,117,3,130,0,Card,2026-03-20,19:56:24,390.0
828,437,101,3,695,0,Cash,2026-02-28,12:52:51,2085.0
829,320,105,1,420,0,UPI,2026-05-21,11:53:06,420.0
830,40,117,1,130,0,Cash,2026-06-08,12:14:49,130.0
831,138,114,2,180,0,UPI,2026-04-10,19:37:05,360.0
832,464,111,1,320,0,UPI,2026-06-28,19:30:18,320.0
833,148,126,1,60,5,UPI,2026-04-07,13:10:56,57.0
834,121,118,1,150,5,UPI,2026-01-06,13:09:31,142.5
835,361,129,4,180,0,Card,2026-01-14,12:02:18,720.0
836,248,122,2,320,0,Card,2026-03-19,14:19:58,640.0
837,56,122,1,320,0,Cash,2026-05-04,13:41:12,320.0
838,426,110,1,280,5,UPI,2026-04-16,12:41:58,266.0
839,278,105,1,420,0,Card,2026-02-22,19:28:10,420.0
840,260,129,1,180,0,Card,2026-05-09,21:37:29,180.0
841,161,102,1,380,0,Card,2026-02-25,18:36:51,380.0
842,228,105,2,420,0,UPI,2026-03-09,21:22:44,840.0
843,396,111,2,320,0,Card,2026-02-24,18:41:24,640.0
844,30,103,1,320,0,Card,2026-03-30,20:21:25,320.0
845,241,130,4,220,0,UPI,2026-05-02,12:27:38,880.0
846,487,127,1,90,0,Cash,2026-01-30,12:03:36,90.0
847,274,108,2,695,10,UPI,2026-03-11,13:56:32,1251.0
848,64,128,4,150,0,Cash,2026-04-21,19:54:55,600.0
849,216,119,2,220,0,UPI,2026-03-07,13:16:31,440.0
850,450,101,1,695,5,Card,2026-05-28,12:46:26,660.25
851,462,109,3,650,10,Card,2026-04-30,18:39:38,1755.0
852,46,114,4,180,0,Card,2026-03-21,13:49:52,720.0
853,325,101,2,695,0,Card,2026-03-29,19:24:23,1390.0
854,217,116,1,120,5,Cash,2026-05-27,14:09:41,114.0
855,89,105,2,420,0,UPI,2026-01-15,12:57:33,840.0
856,338,102,2,380,5,UPI,2026-05-28,19:32:07,722.0
857,4,122,2,320,0,Card,2026-06-14,19:18:57,640.0
858,470,103,1,320,0,Card,2026-02-23,12:07:18,320.0
859,450,117,4,130,5,UPI,2026-01-02,12:27:05,494.0
860,470,102,4,380,0,Card,2026-03-15,19:51:46,1520.0
861,4,109,2,650,15,UPI,2026-04-03,13:19:55,1105.0
862,138,119,1,220,0,UPI,2026-06-04,20:01:01,220.0
863,242,101,1,695,0,UPI,2026-04-23,21:03:46,695.0
864,21,121,3,350,0,UPI,2026-01-03,13:05:14,1050.0
865,128,102,1,380,0,UPI,2026-02-09,13:52:10,380.0
866,392,123,1,420,0,UPI,2026-04-26,19:30:19,420.0
867,177,115,3,150,0,Cash,2026-02-02,12:20:53,450.0
868,96,126,2,60,0,Card,2026-05-01,18:48:53,120.0
869,200,104,1,390,0,Cash,2026-06-11,14:26:56,390.0
870,327,101,2,695,0,UPI,2026-05-07,11:18:51,1390.0
871,422,120,3,120,5,Card,2026-02-20,18:06:32,342.0
872,482,123,2,420,0,Cash,2026-03-25,18:40:52,840.0
873,464,115,3,150,0,UPI,2026-04-20,13:47:22,450.0
874,435,103,1,320,0,UPI,2026-03-20,13:06:21,320.0
875,438,105,1,420,10,UPI,2026-06-24,14:55:14,378.0
876,35,101,1,695,0,UPI,2026-03-13,12:33:57,695.0
877,488,118,1,150,0,Card,2026-01-05,12:03:57,150.0
878,409,101,5,695,0,UPI,2026-03-10,20:41:00,3475.0
879,273,105,2,420,10,Card,2026-06-29,12:34:16,756.0
880,37,108,2,695,0,UPI,2026-03-24,20:42:14,1390.0
881,216,119,1,220,0,UPI,2026-03-14,21:46:44,220.0
882,233,113,3,220,0,Card,2026-06-19,14:47:14,660.0
883,436,113,2,220,0,UPI,2026-04-09,20:34:17,440.0
884,370,119,2,220,0,Card,2026-04-07,19:50:20,440.0
885,434,115,2,150,0,UPI,2026-01-06,21:56:15,300.0
886,217,113,2,220,0,Card,2026-04-26,12:26:54,440.0
887,219,119,1,220,0,Cash,2026-04-03,13:54:11,220.0
888,193,120,2,120,0,UPI,2026-05-22,12:37:24,240.0
889,402,120,3,120,0,UPI,2026-02-17,19:44:17,360.0
890,449,127,1,90,0,UPI,2026-01-02,22:43:19,90.0
891,211,108,1,695,0,Card,2026-03-19,19:51:50,695.0
892,7,116,1,120,0,Card,2026-03-21,12:21:54,120.0
893,303,109,2,650,0,UPI,2026-02-25,20:02:13,1300.0
894,346,103,1,320,0,Cash,2026-06-27,21:51:26,320.0
895,475,111,2,320,0,UPI,2026-04-13,13:59:24,640.0
896,10,130,1,220,15,UPI,2026-03-09,19:43:31,187.0
897,301,129,3,180,15,UPI,2026-01-22,11:36:34,459.0
898,294,116,2,120,0,UPI,2026-05-01,12:14:13,240.0
899,482,101,2,695,0,UPI,2026-04-22,13:47:17,1390.0
900,287,119,2,220,0,Card,2026-06-06,20:19:13,440.0
901,68,129,2,180,0,Card,2026-03-19,18:58:10,360.0
902,153,110,3,280,0,UPI,2026-06-18,20:04:39,840.0
903,112,102,1,380,10,UPI,2026-05-22,20:07:04,342.0
904,271,104,3,390,0,Card,2026-02-16,20:28:32,1170.0
905,294,123,1,420,0,Card,2026-06-22,19:17:18,420.0
906,189,106,2,300,5,UPI,2026-06-30,18:36:46,570.0
907,3,127,1,90,0,UPI,2026-06-20,19:01:58,90.0
908,418,114,1,180,0,Cash,2026-06-09,19:18:14,180.0
909,347,109,4,650,0,Card,2026-06-13,18:36:21,2600.0
910,343,116,5,120,0,Card,2026-03-09,12:59:13,600.0
911,455,104,2,390,0,UPI,2026-02-28,21:12:56,780.0
912,242,105,1,420,0,UPI,2026-05-25,12:16:47,420.0
913,97,120,2,120,0,Card,2026-02-05,12:36:33,240.0
914,233,108,2,695,0,Cash,2026-03-16,14:36:45,1390.0
915,356,118,1,150,0,UPI,2026-01-23,20:02:02,150.0
916,38,106,1,300,0,Card,2026-05-10,13:53:42,300.0
917,468,115,2,150,10,Cash,2026-01-17,12:14:04,270.0
918,134,102,1,380,0,UPI,2026-02-15,20:10:57,380.0
919,437,113,1,220,0,Cash,2026-03-31,18:21:45,220.0
920,136,121,1,350,0,UPI,2026-04-11,14:22:16,350.0
921,459,114,1,180,0,UPI,2026-04-08,13:08:11,180.0
922,383,120,5,120,10,Cash,2026-05-03,18:51:07,540.0
923,390,116,1,120,0,Card,2026-05-09,20:17:18,120.0
924,105,118,1,150,0,UPI,2026-06-14,21:28:45,150.0
925,4,107,2,695,0,Cash,2026-06-01,12:36:41,1390.0
926,98,103,5,320,0,UPI,2026-01-06,11:33:17,1600.0
927,72,106,1,300,0,UPI,2026-02-20,14:14:56,300.0
928,155,128,1,150,0,Cash,2026-06-15,13:33:24,150.0
929,432,119,1,220,0,UPI,2026-01-25,19:32:57,220.0
930,34,130,1,220,5,UPI,2026-01-16,18:52:51,209.0
931,364,114,1,180,10,Cash,2026-03-13,20:51:30,162.0
932,487,120,1,120,0,UPI,2026-06-13,20:38:52,120.0
933,149,117,3,130,5,Cash,2026-04-09,14:17:58,370.5
934,176,121,5,350,0,UPI,2026-05-15,14:55:48,1750.0
935,166,123,3,420,0,Card,2026-04-09,20:28:57,1260.0
936,336,103,1,320,5,UPI,2026-05-16,18:03:26,304.0
937,372,119,1,220,5,UPI,2026-06-21,12:53:52,209.0
938,166,106,2,300,15,Card,2026-05-08,22:37:48,510.0
939,173,120,1,120,0,UPI,2026-04-29,19:25:50,120.0
940,500,125,3,120,0,Cash,2026-05-31,18:28:15,360.0
941,174,102,4,380,0,Card,2026-03-02,13:04:04,1520.0
942,170,102,1,380,0,UPI,2026-03-20,20:27:33,380.0
943,420,101,5,695,0,UPI,2026-05-14,19:44:14,3475.0
944,125,121,3,350,10,UPI,2026-03-16,20:45:14,945.0
945,141,115,1,150,0,Card,2026-03-08,19:09:03,150.0
946,63,115,1,150,0,UPI,2026-02-17,13:43:03,150.0
947,74,121,1,350,10,UPI,2026-05-24,19:15:56,315.0
948,449,119,2,220,0,Cash,2026-04-27,19:56:44,440.0
949,80,123,2,420,0,Card,2026-05-30,19:21:58,840.0
950,4,111,1,320,0,UPI,2026-02-07,12:35:04,320.0
951,10,113,2,220,0,Card,2026-02-19,11:43:02,440.0
952,173,102,1,380,0,Card,2026-05-24,18:25:13,380.0
953,422,105,1,420,0,UPI,2026-01-06,12:03:57,420.0
954,95,122,2,320,0,UPI,2026-05-15,12:02:21,640.0
955,272,123,1,420,0,Cash,2026-02-10,21:31:34,420.0
956,124,101,1,695,0,Card,2026-01-26,21:11:11,695.0
957,191,105,3,420,0,UPI,2026-04-22,21:18:42,1260.0
958,407,120,4,120,0,UPI,2026-01-11,19:24:13,480.0
959,15,105,5,420,0,UPI,2026-01-31,19:25:13,2100.0
960,297,121,2,350,10,UPI,2026-03-04,18:10:16,630.0
961,159,117,3,130,0,Cash,2026-03-18,18:55:26,390.0
962,77,102,1,380,0,Card,2026-03-28,20:54:38,380.0
963,50,107,1,695,0,UPI,2026-05-09,12:19:37,695.0
964,262,117,1,130,0,UPI,2026-05-15,12:50:39,130.0
965,462,102,1,380,10,Card,2026-06-26,19:01:27,342.0
966,48,124,3,180,0,UPI,2026-04-21,20:28:24,540.0
967,52,102,1,380,10,Cash,2026-05-05,20:23:35,342.0
968,390,102,1,380,0,UPI,2026-02-16,12:38:59,380.0
969,168,128,1,150,0,UPI,2026-05-26,18:17:18,150.0
970,219,106,1,300,0,UPI,2026-04-02,13:34:42,300.0
971,297,124,1,180,15,UPI,2026-03-03,19:45:06,153.0
972,233,119,1,220,0,UPI,2026-03-27,20:44:36,220.0
973,226,109,1,650,0,UPI,2026-01-07,22:16:53,650.0
974,391,101,2,695,0,Cash,2026-02-14,14:25:35,1390.0
975,70,105,1,420,0,UPI,2026-04-19,14:40:00,420.0
976,184,121,1,350,5,UPI,2026-06-20,19:15:36,332.5
977,301,122,3,320,0,UPI,2026-02-22,13:47:28,960.0
978,333,119,1,220,0,UPI,2026-06-06,13:30:36,220.0
979,140,108,1,695,0,Cash,2026-06-14,13:41:50,695.0
980,117,101,1,695,10,UPI,2026-01-12,19:49:08,625.5
981,404,130,4,220,0,UPI,2026-05-01,12:57:38,880.0
982,312,101,1,695,0,UPI,2026-04-26,12:09:16,695.0
983,352,124,2,180,0,Card,2026-01-13,20:47:00,360.0
984,187,104,2,390,0,UPI,2026-04-14,12:07:25,780.0
985,90,104,2,390,0,Card,2026-05-15,19:20:34,780.0
986,151,123,5,420,0,Card,2026-04-18,13:27:45,2100.0
987,156,117,1,130,10,UPI,2026-02-20,12:56:18,117.0
988,409,111,2,320,0,UPI,2026-02-13,13:22:04,640.0
989,169,101,1,695,0,Cash,2026-03-07,13:46:54,695.0
990,450,119,2,220,10,Card,2026-04-08,11:50:06,396.0
991,191,119,5,220,15,UPI,2026-05-25,13:01:57,935.0
992,128,111,2,320,0,UPI,2026-04-29,20:41:12,640.0
993,436,114,2,180,0,Cash,2026-04-06,14:41:34,360.0
994,125,130,1,220,0,Card,2026-06-19,19:50:54,220.0
995,273,123,2,420,0,UPI,2026-04-03,19:47:29,840.0
996,445,114,1,180,0,UPI,2026-06-13,12:50:49,180.0
997,192,116,2,120,0,UPI,2026-04-22,14:07:06,240.0
998,116,103,2,320,5,UPI,2026-03-18,20:31:10,608.0
999,359,128,2,150,10,UPI,2026-02-24,12:56:36,270.0
1000,245,127,2,90,0,UPI,2026-06-12,14:40:13,180.0
1001,17,110,2,280,0,UPI,2026-04-10,12:01:38,560.0
1002,44,127,2,90,0,Cash,2026-02-26,12:29:52,180.0
1003,181,109,2,650,0,Card,2026-05-17,19:50:14,1300.0
1004,34,129,2,180,0,UPI,2026-06-23,13:37:43,360.0
1005,44,116,1,120,0,Cash,2026-06-10,18:52:56,120.0
1006,279,115,1,150,15,UPI,2026-06-03,20:21:38,127.5
1007,400,116,1,120,0,Cash,2026-05-18,19:02:57,120.0
1008,420,101,3,695,0,Card,2026-01-19,22:53:30,2085.0
1009,35,115,1,150,0,Card,2026-05-23,21:57:38,150.0
1010,436,101,1,695,0,Card,2026-01-14,20:03:15,695.0
1011,491,125,2,120,0,UPI,2026-03-08,12:54:43,240.0
1012,202,118,2,150,5,UPI,2026-05-23,12:26:24,285.0
1013,236,114,3,180,0,UPI,2026-02-01,19:19:07,540.0
1014,401,123,1,420,0,UPI,2026-03-20,14:19:07,420.0
1015,434,113,2,220,0,UPI,2026-02-11,13:43:31,440.0
1016,109,101,1,695,0,Card,2026-05-24,20:39:02,695.0
1017,346,119,2,220,0,UPI,2026-04-16,14:06:51,440.0
1018,475,103,1,320,0,Card,2026-06-24,19:15:56,320.0
1019,39,120,1,120,0,UPI,2026-06-18,18:19:09,120.0
1020,219,113,2,220,5,UPI,2026-06-13,19:41:38,418.0
1021,35,130,2,220,0,UPI,2026-04-29,13:30:42,440.0
1022,472,120,5,120,0,UPI,2026-02-19,13:25:05,600.0
1023,102,101,3,695,0,UPI,2026-02-28,14:30:58,2085.0
1024,457,107,2,695,0,UPI,2026-05-18,22:42:15,1390.0
1025,122,105,3,420,10,UPI,2026-03-08,21:13:42,1134.0
1026,31,115,3,150,0,UPI,2026-02-05,22:20:17,450.0
1027,413,124,2,180,5,Cash,2026-01-03,13:27:40,342.0
1028,379,108,2,695,0,UPI,2026-02-21,19:24:00,1390.0
1029,345,119,2,220,0,UPI,2026-01-30,18:56:58,440.0
1030,97,105,1,420,0,Cash,2026-05-17,20:20:28,420.0
1031,363,109,2,650,5,UPI,2026-05-27,13:45:39,1235.0
1032,294,102,1,380,0,Card,2026-03-03,19:41:58,380.0
1033,258,112,1,240,0,UPI,2026-01-12,21:38:35,240.0
1034,29,102,5,380,0,UPI,2026-06-01,18:31:25,1900.0
1035,124,103,1,320,0,UPI,2026-05-25,13:46:32,320.0
1036,104,106,1,300,0,UPI,2026-05-31,20:47:38,300.0
1037,133,114,1,180,0,UPI,2026-01-17,19:58:13,180.0
1038,494,101,1,695,10,UPI,2026-02-20,11:57:23,625.5
1039,487,101,5,695,0,UPI,2026-06-13,20:12:45,3475.0
1040,234,115,5,150,0,UPI,2026-03-23,13:44:55,750.0
1041,320,119,3,220,0,UPI,2026-02-19,20:02:53,660.0
1042,350,115,1,150,0,UPI,2026-05-30,13:24:48,150.0
1043,403,103,1,320,5,UPI,2026-03-14,13:35:10,304.0
1044,47,111,4,320,0,UPI,2026-06-29,13:48:22,1280.0
1045,84,107,2,695,0,UPI,2026-01-04,13:01:16,1390.0
1046,159,129,1,180,0,Card,2026-06-14,19:43:47,180.0
1047,496,115,1,150,0,UPI,2026-01-16,20:02:30,150.0
1048,146,115,1,150,5,Cash,2026-05-22,13:51:23,142.5
1049,345,123,3,420,0,UPI,2026-02-08,14:29:46,1260.0
1050,447,101,1,695,15,UPI,2026-01-16,18:11:52,590.75
1051,140,116,2,120,0,UPI,2026-06-01,13:33:10,240.0
1052,391,105,4,420,0,UPI,2026-06-19,18:42:53,1680.0
1053,387,119,2,220,0,Cash,2026-06-30,20:13:55,440.0
1054,371,127,1,90,10,UPI,2026-04-22,11:15:46,81.0
1055,195,112,1,240,5,UPI,2026-02-10,19:38:32,228.0
1056,314,105,2,420,0,UPI,2026-05-27,12:44:10,840.0
1057,67,104,3,390,0,UPI,2026-05-08,19:51:55,1170.0
1058,114,101,1,695,0,Cash,2026-01-17,18:35:21,695.0
1059,367,101,3,695,0,UPI,2026-04-25,19:12:13,2085.0
1060,108,108,1,695,0,UPI,2026-01-05,13:52:42,695.0
1061,420,126,2,60,5,UPI,2026-01-16,18:07:06,114.0
1062,113,105,1,420,0,UPI,2026-06-19,19:14:53,420.0
1063,299,102,1,380,0,UPI,2026-03-15,13:07:54,380.0
1064,94,108,1,695,0,UPI,2026-04-08,13:10:53,695.0
1065,383,101,3,695,0,UPI,2026-03-14,14:57:35,2085.0
1066,115,120,1,120,0,UPI,2026-05-13,14:34:07,120.0
1067,80,129,1,180,5,UPI,2026-02-12,19:11:28,171.0
1068,387,119,1,220,0,UPI,2026-02-16,18:31:36,220.0
1069,365,126,1,60,0,Cash,2026-03-24,13:23:15,60.0
1070,360,107,1,695,0,UPI,2026-06-22,13:23:45,695.0
1071,238,111,1,320,0,UPI,2026-05-01,14:45:12,320.0
1072,230,106,3,300,15,Cash,2026-05-22,13:59:31,765.0
1073,284,121,1,350,0,UPI,2026-03-10,19:36:02,350.0
1074,341,125,1,120,5,Cash,2026-03-11,22:23:57,114.0
1075,365,116,2,120,0,UPI,2026-04-06,19:06:39,240.0
1076,196,117,1,130,5,UPI,2026-06-29,13:23:06,123.5
1077,232,128,2,150,5,UPI,2026-04-11,11:12:21,285.0
1078,344,115,1,150,0,Cash,2026-04-28,20:50:45,150.0
1079,64,129,1,180,15,Card,2026-01-28,21:43:15,153.0
1080,416,128,1,150,0,Card,2026-06-01,19:04:08,150.0
1081,109,102,1,380,0,UPI,2026-05-13,13:16:48,380.0
1082,469,107,4,695,0,UPI,2026-06-22,21:05:19,2780.0
1083,130,125,1,120,0,UPI,2026-05-23,22:47:40,120.0
1084,422,122,1,320,10,UPI,2026-06-03,13:48:09,288.0
1085,306,106,2,300,0,UPI,2026-02-08,12:04:45,600.0
1086,23,108,3,695,10,UPI,2026-02-07,13:39:17,1876.5
1087,152,126,1,60,5,Card,2026-04-18,20:09:41,57.0
1088,412,102,1,380,0,Cash,2026-05-24,21:00:29,380.0
1089,152,101,2,695,0,UPI,2026-04-11,19:27:20,1390.0
1090,279,127,2,90,5,UPI,2026-02-04,12:55:43,171.0
1091,272,117,1,130,5,UPI,2026-04-29,12:54:26,123.5
1092,37,118,3,150,10,UPI,2026-03-24,14:17:53,405.0
1093,465,105,1,420,5,UPI,2026-06-03,19:43:02,399.0
1094,359,117,4,130,0,UPI,2026-05-15,14:03:32,520.0
1095,45,123,1,420,5,UPI,2026-05-04,19:40:33,399.0
1096,225,119,3,220,0,UPI,2026-05-08,20:48:35,660.0
1097,83,118,2,150,0,Cash,2026-05-11,21:13:31,300.0
1098,141,121,1,350,0,UPI,2026-01-22,19:26:17,350.0
1099,154,120,1,120,5,UPI,2026-05-10,13:10:08,114.0
1100,421,130,1,220,0,Card,2026-04-26,18:47:34,220.0
1101,78,114,2,180,0,Card,2026-03-28,11:57:09,360.0
1102,337,103,1,320,0,UPI,2026-02-09,12:06:36,320.0
1103,150,129,2,180,0,UPI,2026-06-14,19:18:28,360.0
1104,194,121,2,350,0,Cash,2026-02-03,19:27:05,700.0
1105,176,118,1,150,0,Card,2026-02-28,19:22:10,150.0
1106,235,126,2,60,0,UPI,2026-04-15,12:34:26,120.0
1107,307,120,2,120,0,Card,2026-01-16,14:55:48,240.0
1108,35,104,2,390,0,UPI,2026-05-21,12:19:54,780.0
1109,35,123,1,420,0,UPI,2026-06-24,12:38:17,420.0
1110,232,118,1,150,0,UPI,2026-04-06,19:15:46,150.0
1111,237,105,2,420,0,Card,2026-03-30,19:06:20,840.0
1112,83,101,2,695,0,UPI,2026-02-23,21:52:47,1390.0
1113,447,104,1,390,0,UPI,2026-06-20,19:03:01,390.0
1114,468,103,4,320,5,UPI,2026-05-13,19:47:27,1216.0
1115,468,108,2,695,10,UPI,2026-04-23,19:00:27,1251.0
1116,402,123,1,420,0,UPI,2026-04-30,22:08:18,420.0
1117,378,122,1,320,0,UPI,2026-02-19,14:56:59,320.0
1118,486,103,1,320,0,Card,2026-06-22,19:05:50,320.0
1119,190,106,4,300,10,UPI,2026-05-19,13:45:11,1080.0
1120,459,128,1,150,0,UPI,2026-02-10,13:39:30,150.0
1121,10,111,2,320,10,UPI,2026-04-25,19:08:57,576.0
1122,221,108,1,695,0,Card,2026-04-23,19:19:34,695.0
1123,26,103,2,320,0,UPI,2026-02-03,20:52:02,640.0
1124,132,105,1,420,5,UPI,2026-01-01,22:34:40,399.0
1125,109,108,2,695,0,Card,2026-05-29,13:36:53,1390.0
1126,194,119,1,220,5,UPI,2026-05-26,19:20:39,209.0
1127,369,121,1,350,5,UPI,2026-05-03,14:59:15,332.5
1128,355,101,3,695,15,Card,2026-01-09,21:48:57,1772.25
1129,203,130,1,220,0,Cash,2026-06-08,18:16:06,220.0
1130,346,120,3,120,0,UPI,2026-03-12,18:50:25,360.0
1131,356,118,4,150,0,UPI,2026-01-26,18:21:47,600.0
1132,499,103,1,320,0,Card,2026-01-30,19:43:49,320.0
1133,210,130,2,220,10,UPI,2026-01-30,21:54:03,396.0
1134,233,113,1,220,15,UPI,2026-01-07,13:55:33,187.0
1135,209,119,2,220,0,UPI,2026-05-29,21:15:44,440.0
1136,330,119,1,220,0,UPI,2026-03-25,13:16:16,220.0
1137,407,103,1,320,0,UPI,2026-03-28,18:25:22,320.0
1138,279,127,1,90,5,Cash,2026-06-03,19:10:16,85.5
1139,104,126,4,60,0,UPI,2026-06-19,13:18:31,240.0
1140,342,125,1,120,0,Cash,2026-05-17,20:59:31,120.0
1141,202,119,4,220,0,UPI,2026-02-17,12:56:22,880.0
1142,290,111,2,320,0,UPI,2026-01-26,13:03:27,640.0
1143,80,110,2,280,0,UPI,2026-06-25,14:25:40,560.0
1144,386,101,2,695,0,UPI,2026-04-29,19:14:04,1390.0
1145,305,120,2,120,0,UPI,2026-01-01,19:21:42,240.0
1146,425,120,3,120,0,UPI,2026-02-03,11:58:59,360.0
1147,430,121,1,350,5,Card,2026-03-03,13:05:43,332.5
1148,366,128,3,150,0,UPI,2026-04-28,20:11:18,450.0
1149,338,104,1,390,5,UPI,2026-06-26,13:06:55,370.5
1150,74,107,1,695,0,Cash,2026-02-10,19:55:22,695.0
1151,67,124,1,180,10,Cash,2026-02-25,14:59:57,162.0
1152,64,119,1,220,0,Card,2026-04-26,19:36:54,220.0
1153,267,121,1,350,0,UPI,2026-04-25,13:05:55,350.0
1154,295,106,1,300,10,UPI,2026-06-11,13:41:11,270.0
1155,270,101,2,695,0,UPI,2026-03-15,18:33:13,1390.0
1156,441,101,1,695,5,UPI,2026-02-17,11:06:15,660.25
1157,41,102,5,380,5,Card,2026-06-24,18:56:08,1805.0
1158,171,127,2,90,0,Card,2026-06-08,21:35:02,180.0
1159,146,107,2,695,15,UPI,2026-03-25,18:15:48,1181.5
1160,185,102,1,380,0,Cash,2026-01-21,20:07:57,380.0
1161,400,123,2,420,0,UPI,2026-03-22,13:40:24,840.0
1162,17,116,3,120,0,Card,2026-01-08,11:49:23,360.0
1163,96,105,4,420,0,UPI,2026-04-12,22:49:35,1680.0
1164,343,102,2,380,0,UPI,2026-04-30,22:51:26,760.0
1165,50,105,1,420,5,UPI,2026-02-27,19:26:28,399.0
1166,361,118,1,150,0,Card,2026-05-25,11:06:29,150.0
1167,123,119,1,220,0,Card,2026-06-20,19:38:45,220.0
1168,377,121,1,350,10,UPI,2026-05-25,12:54:30,315.0
1169,72,111,1,320,0,Card,2026-02-25,13:24:04,320.0
1170,443,113,1,220,0,UPI,2026-01-31,20:54:04,220.0
1171,500,107,1,695,0,UPI,2026-06-12,11:23:23,695.0
1172,290,101,1,695,0,Card,2026-01-01,20:39:49,695.0
1173,333,108,3,695,0,Card,2026-06-14,19:25:51,2085.0
1174,333,106,1,300,5,UPI,2026-04-27,19:05:42,285.0
1175,335,125,2,120,0,Cash,2026-06-21,22:03:50,240.0
1176,443,116,2,120,0,UPI,2026-01-02,20:52:37,240.0
1177,24,101,1,695,10,UPI,2026-04-14,14:20:35,625.5
1178,55,112,2,240,0,UPI,2026-05-20,19:12:40,480.0
1179,107,121,2,350,0,Card,2026-01-07,18:01:34,700.0
1180,426,123,1,420,0,UPI,2026-05-21,20:24:21,420.0
1181,249,104,1,390,10,UPI,2026-02-24,14:35:41,351.0
1182,428,118,1,150,0,Card,2026-04-27,12:36:57,150.0
1183,205,102,5,380,0,UPI,2026-04-29,12:54:52,1900.0
1184,21,101,2,695,5,UPI,2026-04-30,19:04:28,1320.5
1185,490,106,1,300,0,UPI,2026-01-25,13:40:07,300.0
1186,183,102,1,380,0,UPI,2026-05-20,13:25:41,380.0
1187,287,128,1,150,0,UPI,2026-01-27,13:44:26,150.0
1188,297,102,1,380,0,Cash,2026-02-04,18:39:54,380.0
1189,318,127,3,90,0,Cash,2026-01-02,19:54:26,270.0
1190,371,119,1,220,0,UPI,2026-02-26,11:32:55,220.0
1191,339,116,1,120,5,Card,2026-04-17,19:21:07,114.0
1192,239,117,3,130,0,Cash,2026-04-14,18:18:20,390.0
1193,113,118,1,150,5,Card,2026-06-25,13:24:59,142.5
1194,120,113,2,220,0,UPI,2026-01-20,19:26:33,440.0
1195,84,109,1,650,10,UPI,2026-06-28,19:32:39,585.0
1196,391,103,1,320,0,UPI,2026-06-02,13:27:15,320.0
1197,487,104,1,390,0,UPI,2026-01-31,14:18:52,390.0
1198,469,105,1,420,0,UPI,2026-05-16,20:33:28,420.0
1199,19,104,2,390,0,Card,2026-03-19,12:36:57,780.0
1200,166,102,2,380,0,UPI,2026-02-02,12:49:06,760.0
1201,444,102,3,380,0,Card,2026-03-14,13:16:53,1140.0
1202,159,114,3,180,0,UPI,2026-03-24,14:50:04,540.0
1203,190,126,1,60,5,UPI,2026-01-17,12:45:31,57.0
1204,141,115,2,150,0,UPI,2026-03-28,14:36:19,300.0
1205,389,117,1,130,0,UPI,2026-01-25,14:52:30,130.0
1206,331,102,3,380,0,UPI,2026-06-18,21:13:54,1140.0
1207,396,111,1,320,0,Card,2026-02-09,14:47:19,320.0
1208,52,119,2,220,0,UPI,2026-03-21,19:06:17,440.0
1209,27,101,1,695,5,UPI,2026-06-14,13:30:07,660.25
1210,107,121,1,350,10,Card,2026-03-24,20:28:41,315.0
1211,265,114,1,180,5,Card,2026-06-13,20:20:57,171.0
1212,182,117,1,130,5,Card,2026-01-13,18:27:12,123.5
1213,411,106,3,300,0,UPI,2026-01-30,19:45:08,900.0
1214,188,114,1,180,0,UPI,2026-04-23,13:12:06,180.0
1215,177,105,2,420,0,UPI,2026-03-21,14:42:38,840.0
1216,40,126,2,60,10,UPI,2026-01-04,19:20:30,108.0
1217,459,105,1,420,0,Cash,2026-02-09,12:19:02,420.0
1218,140,127,4,90,0,Cash,2026-05-24,13:36:39,360.0
1219,313,102,1,380,0,Cash,2026-01-12,19:33:23,380.0
1220,292,117,3,130,5,UPI,2026-06-12,20:19:42,370.5
1221,120,129,1,180,15,Card,2026-04-14,21:04:31,153.0
1222,31,101,3,695,0,Card,2026-01-06,12:06:52,2085.0
1223,180,125,1,120,0,UPI,2026-05-19,13:00:33,120.0
1224,99,117,1,130,0,UPI,2026-01-16,13:41:23,130.0
1225,302,111,3,320,5,UPI,2026-02-27,20:30:55,912.0
1226,396,128,1,150,0,UPI,2026-01-05,11:06:21,150.0
1227,263,123,2,420,0,UPI,2026-03-08,19:33:56,840.0
1228,121,128,1,150,0,Card,2026-05-23,12:31:56,150.0
1229,134,111,1,320,0,Cash,2026-03-16,20:12:31,320.0
1230,305,107,3,695,0,UPI,2026-03-17,14:57:36,2085.0
1231,286,102,1,380,0,Card,2026-01-24,20:19:41,380.0
1232,49,129,2,180,0,Card,2026-05-21,13:14:23,360.0
1233,290,101,2,695,0,Card,2026-06-22,14:35:41,1390.0
1234,55,105,5,420,5,Card,2026-02-20,19:42:24,1995.0
1235,271,104,1,390,0,UPI,2026-05-17,12:38:06,390.0
1236,210,103,1,320,0,Card,2026-01-12,13:44:33,320.0
1237,155,114,2,180,0,Card,2026-04-10,12:02:38,360.0
1238,284,107,1,695,0,UPI,2026-04-11,13:46:30,695.0
1239,371,107,2,695,0,UPI,2026-04-10,19:34:58,1390.0
1240,438,128,1,150,0,Card,2026-06-14,13:12:46,150.0
1241,313,106,3,300,0,Card,2026-01-03,21:37:23,900.0
1242,224,120,1,120,5,Card,2026-02-18,13:13:56,114.0
1243,480,118,2,150,15,Card,2026-03-06,13:31:44,255.0
1244,79,108,1,695,0,UPI,2026-01-26,20:35:56,695.0
1245,270,125,1,120,0,Cash,2026-01-19,13:21:53,120.0
1246,131,123,2,420,0,Card,2026-01-12,13:53:01,840.0
1247,6,116,1,120,0,UPI,2026-01-05,19:29:28,120.0
1248,252,119,3,220,0,UPI,2026-03-29,13:03:46,660.0
1249,314,119,1,220,15,UPI,2026-04-07,13:13:23,187.0
1250,362,103,1,320,5,UPI,2026-04-22,19:17:03,304.0
1251,483,120,1,120,0,UPI,2026-05-01,22:20:09,120.0
1252,300,116,1,120,0,UPI,2026-03-16,21:10:57,120.0
1253,406,115,1,150,15,Card,2026-06-17,19:31:28,127.5
1254,314,128,1,150,5,UPI,2026-05-14,13:44:24,142.5
1255,179,107,1,695,0,UPI,2026-05-18,20:25:03,695.0
1256,208,107,4,695,0,UPI,2026-01-18,19:27:14,2780.0
1257,121,115,1,150,0,Card,2026-04-17,13:42:36,150.0
1258,358,121,3,350,0,Card,2026-02-24,14:31:59,1050.0
1259,1,105,1,420,5,Cash,2026-02-18,12:18:07,399.0
1260,459,111,2,320,0,UPI,2026-04-29,19:26:33,640.0
1261,286,116,2,120,15,UPI,2026-03-29,12:03:43,204.0
1262,467,101,2,695,0,UPI,2026-04-28,12:20:27,1390.0
1263,125,104,1,390,0,UPI,2026-05-06,13:46:59,390.0
1264,254,109,4,650,0,UPI,2026-03-05,11:33:03,2600.0
1265,210,101,1,695,0,UPI,2026-05-16,12:40:49,695.0
1266,392,101,3,695,0,UPI,2026-01-25,18:55:09,2085.0
1267,145,104,1,390,0,UPI,2026-06-01,18:16:58,390.0
1268,16,101,2,695,0,UPI,2026-02-19,21:56:15,1390.0
1269,160,127,3,90,0,Cash,2026-05-03,18:40:02,270.0
1270,482,102,1,380,0,UPI,2026-05-04,18:45:27,380.0
1271,372,106,1,300,0,Cash,2026-03-12,19:18:22,300.0
1272,101,103,2,320,10,Card,2026-03-16,12:04:33,576.0
1273,178,126,1,60,5,UPI,2026-06-24,20:18:14,57.0
1274,359,120,1,120,0,UPI,2026-06-23,12:04:35,120.0
1275,47,107,3,695,0,Card,2026-05-06,19:44:10,2085.0
1276,334,106,2,300,10,UPI,2026-03-19,14:25:58,540.0
1277,148,120,3,120,0,Card,2026-05-24,12:30:08,360.0
1278,17,116,1,120,0,Card,2026-02-23,18:56:04,120.0
1279,328,119,3,220,0,Cash,2026-04-21,14:26:33,660.0
1280,138,118,1,150,0,UPI,2026-04-18,21:56:24,150.0
1281,350,116,2,120,10,UPI,2026-01-01,12:42:49,216.0
1282,108,119,1,220,0,UPI,2026-03-16,18:22:24,220.0
1283,324,121,1,350,0,UPI,2026-01-30,12:07:17,350.0
1284,218,128,1,150,0,UPI,2026-06-11,20:42:14,150.0
1285,339,106,1,300,10,UPI,2026-03-16,11:15:37,270.0
1286,141,105,3,420,5,UPI,2026-05-14,19:51:10,1197.0
1287,337,119,1,220,0,UPI,2026-04-28,21:17:12,220.0
1288,314,129,2,180,10,UPI,2026-06-17,19:33:22,324.0
1289,125,106,1,300,0,Card,2026-03-25,12:21:38,300.0
1290,50,112,2,240,10,UPI,2026-02-22,20:58:04,432.0
1291,124,115,3,150,10,UPI,2026-02-06,14:25:43,405.0
1292,201,108,1,695,0,Card,2026-01-24,14:31:43,695.0
1293,254,129,1,180,0,Cash,2026-02-21,13:54:08,180.0
1294,398,118,5,150,15,UPI,2026-02-05,13:11:48,637.5
1295,462,107,1,695,10,Card,2026-06-19,13:11:40,625.5
1296,440,119,1,220,5,UPI,2026-06-28,13:09:13,209.0
1297,116,105,5,420,0,Cash,2026-04-07,12:45:19,2100.0
1298,40,101,1,695,0,UPI,2026-01-11,19:48:58,695.0
1299,384,122,2,320,0,Card,2026-06-14,19:25:24,640.0
1300,436,127,1,90,0,Cash,2026-06-07,12:49:53,90.0
1301,114,104,1,390,0,UPI,2026-02-08,19:23:34,390.0
1302,441,128,1,150,10,Card,2026-03-15,18:46:57,135.0
1303,419,123,1,420,5,Cash,2026-05-17,14:21:52,399.0
1304,340,118,2,150,0,Cash,2026-05-09,20:07:23,300.0
1305,435,116,1,120,0,UPI,2026-05-01,13:03:33,120.0
1306,340,108,2,695,0,Cash,2026-02-20,19:03:37,1390.0
1307,285,102,1,380,0,Cash,2026-03-05,21:49:34,380.0
1308,12,117,4,130,0,Card,2026-06-29,21:31:22,520.0
1309,427,110,1,280,0,UPI,2026-02-13,12:54:43,280.0
1310,192,105,2,420,0,Cash,2026-01-03,20:19:46,840.0
1311,165,123,1,420,0,Cash,2026-05-25,19:45:46,420.0
1312,381,117,3,130,0,UPI,2026-01-22,13:09:53,390.0
1313,409,107,1,695,10,UPI,2026-06-27,12:38:44,625.5
1314,206,106,3,300,0,UPI,2026-03-20,13:39:49,900.0
1315,169,103,1,320,0,UPI,2026-01-04,21:41:31,320.0
1316,157,122,1,320,0,Cash,2026-04-22,12:41:28,320.0
1317,1,116,2,120,0,Card,2026-01-09,14:33:21,240.0
1318,400,101,3,695,5,UPI,2026-05-19,11:23:39,1980.75
1319,430,120,1,120,0,UPI,2026-06-08,13:02:04,120.0
1320,278,119,1,220,0,UPI,2026-04-01,20:40:09,220.0
1321,12,105,3,420,0,UPI,2026-03-20,19:22:27,1260.0
1322,467,122,2,320,0,UPI,2026-04-17,13:21:16,640.0
1323,93,102,2,380,0,UPI,2026-02-25,20:54:58,760.0
1324,345,113,3,220,0,Cash,2026-05-23,13:24:34,660.0
1325,205,104,2,390,0,UPI,2026-06-22,12:51:40,780.0
1326,115,112,4,240,0,Card,2026-03-07,13:29:14,960.0
1327,126,127,2,90,5,UPI,2026-03-27,21:00:55,171.0
1328,439,125,2,120,0,UPI,2026-04-05,19:22:53,240.0
1329,146,112,1,240,5,UPI,2026-06-16,21:00:08,228.0
1330,389,120,1,120,5,Cash,2026-05-31,20:35:15,114.0
1331,107,108,1,695,5,UPI,2026-03-22,19:51:21,660.25
1332,102,129,2,180,0,UPI,2026-03-06,20:46:05,360.0
1333,135,121,1,350,0,Card,2026-01-01,11:43:48,350.0
1334,499,113,2,220,0,UPI,2026-02-05,18:43:34,440.0
1335,127,102,1,380,5,UPI,2026-01-02,21:44:18,361.0
1336,347,116,2,120,0,UPI,2026-04-04,13:28:26,240.0
1337,233,103,2,320,0,UPI,2026-06-26,13:00:20,640.0
1338,357,122,1,320,0,Card,2026-04-21,13:32:13,320.0
1339,438,121,1,350,0,UPI,2026-03-21,14:56:18,350.0
1340,303,103,4,320,0,Cash,2026-01-10,21:58:14,1280.0
1341,385,101,1,695,0,UPI,2026-05-13,19:29:37,695.0
1342,293,124,1,180,5,Cash,2026-06-25,14:10:17,171.0
1343,411,127,2,90,0,UPI,2026-02-26,19:33:16,180.0
1344,131,119,1,220,0,Card,2026-05-01,19:49:02,220.0
1345,337,128,1,150,10,Cash,2026-01-24,11:16:37,135.0
1346,177,105,5,420,0,Cash,2026-04-17,12:53:01,2100.0
1347,411,125,2,120,0,UPI,2026-04-19,21:32:26,240.0
1348,225,103,1,320,0,Card,2026-03-14,21:42:26,320.0
1349,79,125,2,120,0,Cash,2026-02-14,13:19:08,240.0
1350,346,115,4,150,0,UPI,2026-06-16,14:51:04,600.0
1351,151,118,2,150,0,Card,2026-03-22,19:29:50,300.0
1352,305,102,1,380,0,UPI,2026-06-11,12:26:58,380.0
1353,280,106,1,300,5,Card,2026-06-21,18:15:03,285.0
1354,368,130,1,220,0,UPI,2026-05-29,12:57:51,220.0
1355,40,129,5,180,0,UPI,2026-02-18,20:01:26,900.0
1356,195,110,4,280,15,UPI,2026-03-07,19:43:25,952.0
1357,383,110,4,280,0,Card,2026-01-29,13:50:41,1120.0
1358,242,121,1,350,10,UPI,2026-02-15,20:10:57,315.0
1359,250,106,1,300,0,Cash,2026-04-06,13:23:21,300.0
1360,117,106,1,300,0,UPI,2026-04-19,13:40:41,300.0
1361,248,101,1,695,0,UPI,2026-04-12,13:08:39,695.0
1362,267,123,2,420,0,Cash,2026-05-20,14:35:44,840.0
1363,237,101,1,695,0,Card,2026-02-14,14:49:24,695.0
1364,299,103,2,320,5,Card,2026-03-22,14:33:28,608.0
1365,293,127,1,90,5,UPI,2026-04-30,21:05:44,85.5
1366,165,108,1,695,0,UPI,2026-02-15,13:06:54,695.0
1367,134,103,3,320,15,UPI,2026-02-18,13:29:01,816.0
1368,107,105,1,420,0,UPI,2026-03-23,18:22:32,420.0
1369,290,105,1,420,0,UPI,2026-03-02,19:46:38,420.0
1370,46,101,1,695,0,Card,2026-01-24,12:34:41,695.0
1371,84,104,1,390,0,UPI,2026-01-15,13:27:25,390.0
1372,442,117,1,130,10,UPI,2026-02-28,20:53:10,117.0
1373,481,115,1,150,0,Card,2026-01-21,18:23:49,150.0
1374,152,101,5,695,0,UPI,2026-01-03,19:02:36,3475.0
1375,96,108,1,695,15,UPI,2026-03-30,14:53:22,590.75
1376,392,118,2,150,0,Cash,2026-06-25,18:42:53,300.0
1377,309,128,1,150,0,UPI,2026-02-09,20:10:26,150.0
1378,118,102,1,380,0,UPI,2026-01-02,19:36:47,380.0
1379,259,111,2,320,15,UPI,2026-05-01,14:14:04,544.0
1380,20,119,1,220,10,UPI,2026-02-26,13:44:21,198.0
1381,217,105,2,420,0,Card,2026-02-24,13:13:10,840.0
1382,392,121,2,350,0,UPI,2026-04-17,13:56:57,700.0
1383,308,127,1,90,5,UPI,2026-06-29,19:55:35,85.5
1384,336,102,1,380,0,UPI,2026-01-01,11:37:06,380.0
1385,241,104,1,390,0,UPI,2026-04-26,13:59:01,390.0
1386,150,101,1,695,5,Cash,2026-01-03,12:43:14,660.25
1387,279,118,1,150,0,UPI,2026-06-20,14:58:56,150.0
1388,169,122,3,320,15,UPI,2026-06-06,19:33:39,816.0
1389,123,106,2,300,15,UPI,2026-01-18,18:16:41,510.0
1390,214,105,2,420,0,UPI,2026-04-27,21:51:06,840.0
1391,346,115,1,150,0,Card,2026-06-06,14:40:11,150.0
1392,96,108,2,695,10,Card,2026-02-06,19:40:27,1251.0
1393,262,104,5,390,0,UPI,2026-03-01,14:11:56,1950.0
1394,362,120,2,120,0,Cash,2026-03-25,14:48:24,240.0
1395,134,114,2,180,0,UPI,2026-01-15,18:43:14,360.0
1396,218,113,1,220,0,Card,2026-03-18,19:04:00,220.0
1397,403,119,5,220,5,Card,2026-01-30,13:09:16,1045.0
1398,225,104,1,390,0,Card,2026-05-01,18:12:38,390.0
1399,81,105,3,420,10,Cash,2026-06-14,11:26:52,1134.0
1400,277,126,1,60,10,UPI,2026-06-02,18:23:45,54.0
1401,4,126,3,60,0,Card,2026-01-18,21:10:18,180.0
1402,60,127,2,90,0,UPI,2026-06-20,22:43:11,180.0
1403,428,101,1,695,0,Card,2026-02-17,19:51:34,695.0
1404,499,104,5,390,5,UPI,2026-03-03,13:57:00,1852.5
1405,413,116,1,120,0,Cash,2026-05-15,18:16:39,120.0
1406,228,114,4,180,0,UPI,2026-01-23,21:50:44,720.0
1407,261,109,1,650,10,UPI,2026-01-10,18:33:57,585.0
1408,26,129,1,180,10,Card,2026-03-18,14:38:38,162.0
1409,491,119,4,220,0,UPI,2026-04-20,13:23:51,880.0
1410,246,102,3,380,10,UPI,2026-06-25,13:55:48,1026.0
1411,237,109,4,650,15,UPI,2026-03-29,20:29:12,2210.0
1412,161,116,2,120,0,UPI,2026-05-06,19:08:06,240.0
1413,78,103,1,320,0,UPI,2026-03-10,20:53:08,320.0
1414,26,115,1,150,0,UPI,2026-05-13,18:15:29,150.0
1415,292,126,1,60,15,Card,2026-06-07,20:05:47,51.0
1416,334,102,3,380,5,UPI,2026-01-21,20:25:36,1083.0
1417,220,118,1,150,0,UPI,2026-03-04,18:45:26,150.0
1418,32,105,1,420,0,UPI,2026-03-26,19:53:40,420.0
1419,345,111,1,320,0,UPI,2026-01-10,14:46:16,320.0
1420,391,118,2,150,0,UPI,2026-02-05,13:25:19,300.0
1421,308,129,1,180,0,UPI,2026-01-28,12:02:06,180.0
1422,54,104,2,390,0,UPI,2026-03-23,13:23:12,780.0
1423,89,115,1,150,0,UPI,2026-05-30,14:45:29,150.0
1424,388,102,5,380,0,UPI,2026-04-21,19:17:59,1900.0
1425,496,123,1,420,0,Cash,2026-06-16,18:51:45,420.0
1426,273,129,1,180,0,UPI,2026-05-18,13:11:29,180.0
1427,297,119,5,220,10,UPI,2026-01-07,13:43:50,990.0
1428,292,105,1,420,0,Cash,2026-01-13,13:22:58,420.0
1429,2,124,1,180,0,Card,2026-04-11,12:18:51,180.0
1430,171,105,3,420,10,UPI,2026-05-22,22:34:52,1134.0
1431,116,108,1,695,0,UPI,2026-01-24,20:24:19,695.0
1432,380,107,2,695,0,UPI,2026-02-16,18:57:24,1390.0
1433,250,123,1,420,0,Card,2026-02-09,13:59:31,420.0
1434,226,104,2,390,0,UPI,2026-04-26,19:35:34,780.0
1435,87,108,4,695,0,Cash,2026-03-22,19:20:09,2780.0
1436,74,104,2,390,0,UPI,2026-06-20,18:34:49,780.0
1437,73,111,1,320,10,UPI,2026-05-01,22:15:34,288.0
1438,40,129,5,180,0,Card,2026-05-16,19:01:03,900.0
1439,449,105,2,420,0,UPI,2026-03-05,20:31:37,840.0
1440,235,121,1,350,0,UPI,2026-05-06,13:18:57,350.0
1441,277,125,1,120,5,UPI,2026-02-12,13:40:57,114.0
1442,474,102,2,380,0,UPI,2026-01-01,13:55:42,760.0
1443,456,127,1,90,0,UPI,2026-04-04,12:02:43,90.0
1444,378,112,2,240,0,UPI,2026-01-19,20:13:17,480.0
1445,82,120,1,120,0,UPI,2026-04-15,13:47:24,120.0
1446,99,102,3,380,0,UPI,2026-05-29,19:37:45,1140.0
1447,206,129,1,180,0,UPI,2026-01-11,14:27:57,180.0
1448,203,108,1,695,10,UPI,2026-01-17,20:57:41,625.5
1449,349,119,1,220,10,UPI,2026-02-18,19:15:03,198.0
1450,1,117,2,130,0,UPI,2026-06-27,12:59:24,260.0
1451,326,119,2,220,0,UPI,2026-01-12,18:23:14,440.0
1452,317,121,1,350,0,UPI,2026-04-20,12:15:17,350.0
1453,120,123,1,420,5,Card,2026-05-16,14:25:53,399.0
1454,159,111,2,320,0,UPI,2026-01-18,21:56:21,640.0
1455,386,125,1,120,10,UPI,2026-04-11,12:14:00,108.0
1456,378,123,1,420,10,UPI,2026-02-08,13:09:05,378.0
1457,368,117,1,130,5,Cash,2026-02-23,11:28:19,123.5
1458,360,104,2,390,0,UPI,2026-05-28,13:54:38,780.0
1459,226,107,2,695,10,Card,2026-01-14,19:25:19,1251.0
1460,424,119,5,220,0,UPI,2026-03-19,18:08:23,1100.0
1461,418,101,1,695,0,Card,2026-01-20,19:28:55,695.0
1462,138,123,3,420,0,UPI,2026-03-17,18:57:28,1260.0
1463,399,120,1,120,0,UPI,2026-04-19,20:09:36,120.0
1464,252,111,3,320,0,UPI,2026-04-19,13:01:46,960.0
1465,311,127,1,90,0,Card,2026-01-21,13:30:40,90.0
1466,93,103,1,320,0,Card,2026-02-12,19:48:38,320.0
1467,208,102,2,380,15,UPI,2026-03-10,18:37:03,646.0
1468,86,103,1,320,0,UPI,2026-05-12,19:15:02,320.0
1469,372,105,1,420,0,Cash,2026-01-24,12:18:04,420.0
1470,194,128,2,150,0,UPI,2026-01-09,13:42:41,300.0
1471,84,104,1,390,0,Card,2026-06-19,13:44:44,390.0
1472,185,108,1,695,0,UPI,2026-04-18,12:30:40,695.0
1473,44,109,1,650,0,Card,2026-06-11,11:36:34,650.0
1474,353,101,2,695,10,Card,2026-03-18,13:53:02,1251.0
1475,333,127,1,90,10,UPI,2026-02-04,13:39:19,81.0
1476,184,125,1,120,0,Card,2026-05-31,14:27:12,120.0
1477,147,107,3,695,0,UPI,2026-02-17,20:45:37,2085.0
1478,500,109,4,650,5,Cash,2026-05-11,13:16:55,2470.0
1479,286,101,2,695,5,Cash,2026-03-15,13:27:45,1320.5
1480,3,120,1,120,0,Card,2026-02-11,14:32:00,120.0
1481,26,125,5,120,5,UPI,2026-01-15,13:03:15,570.0
1482,65,104,1,390,5,Card,2026-04-02,20:52:46,370.5
1483,246,122,1,320,0,UPI,2026-02-04,12:19:14,320.0
1484,427,126,1,60,0,UPI,2026-06-07,13:05:52,60.0
1485,368,115,5,150,0,UPI,2026-06-01,11:36:04,750.0
1486,428,106,2,300,5,UPI,2026-03-28,20:48:54,570.0
1487,337,123,1,420,0,UPI,2026-06-06,19:52:45,420.0
1488,131,102,2,380,0,UPI,2026-02-04,13:34:41,760.0
1489,379,120,2,120,10,Card,2026-04-21,11:51:36,216.0
1490,403,120,3,120,15,UPI,2026-05-31,18:09:50,306.0
1491,16,104,1,390,5,UPI,2026-05-15,12:19:01,370.5
1492,454,123,1,420,5,UPI,2026-02-27,13:36:52,399.0
1493,204,102,1,380,0,Card,2026-04-04,18:35:13,380.0
1494,247,118,2,150,10,Cash,2026-02-04,13:26:29,270.0
1495,193,123,5,420,5,UPI,2026-06-03,13:09:19,1995.0
1496,172,118,2,150,0,Card,2026-06-02,19:03:09,300.0
1497,392,125,3,120,0,Card,2026-05-26,13:42:03,360.0
1498,322,108,2,695,0,UPI,2026-06-26,22:16:19,1390.0
1499,170,112,1,240,0,UPI,2026-04-09,20:09:47,240.0
1500,343,103,1,320,10,UPI,2026-01-09,20:29:55,288.0
1501,226,126,1,60,0,UPI,2026-01-28,13:04:28,60.0
1502,475,102,1,380,5,UPI,2026-06-27,14:08:49,361.0
1503,239,116,3,120,0,UPI,2026-04-21,14:33:18,360.0
1504,440,116,3,120,10,UPI,2026-02-15,13:13:30,324.0
1505,174,118,1,150,0,Card,2026-03-29,18:30:35,150.0
1506,84,103,2,320,5,UPI,2026-02-11,11:04:41,608.0
1507,129,105,2,420,0,Cash,2026-06-09,12:05:41,840.0
1508,25,105,2,420,0,UPI,2026-02-14,14:36:51,840.0
1509,473,103,1,320,5,Card,2026-02-02,13:05:59,304.0
1510,265,104,1,390,5,UPI,2026-06-20,21:28:49,370.5
1511,251,111,1,320,10,UPI,2026-04-05,19:53:50,288.0
1512,14,115,1,150,0,UPI,2026-05-09,19:37:24,150.0
1513,19,105,1,420,10,Card,2026-04-21,13:23:28,378.0
1514,461,118,1,150,0,UPI,2026-02-25,13:05:12,150.0
1515,335,120,2,120,0,UPI,2026-06-30,19:06:44,240.0
1516,256,113,3,220,15,UPI,2026-01-07,14:52:30,561.0
1517,158,105,2,420,10,Cash,2026-02-28,21:23:50,756.0
1518,305,129,2,180,0,UPI,2026-04-27,22:30:01,360.0
1519,50,116,1,120,0,UPI,2026-02-27,18:49:25,120.0
1520,388,107,1,695,0,Card,2026-04-06,19:59:45,695.0
1521,164,126,2,60,0,UPI,2026-03-30,12:28:12,120.0
1522,310,102,2,380,0,Card,2026-05-14,13:13:59,760.0
1523,179,121,1,350,10,UPI,2026-03-07,21:39:09,315.0
1524,306,121,3,350,0,UPI,2026-03-26,20:45:08,1050.0
1525,275,120,2,120,0,Cash,2026-03-23,19:44:27,240.0
1526,173,105,1,420,0,UPI,2026-01-14,12:51:48,420.0
1527,101,118,5,150,10,UPI,2026-06-25,20:29:20,675.0
1528,490,126,1,60,0,Card,2026-04-02,18:46:37,60.0
1529,490,105,1,420,0,UPI,2026-02-17,12:56:01,420.0
1530,236,103,2,320,10,Card,2026-01-12,13:19:07,576.0
1531,417,117,2,130,0,UPI,2026-06-29,12:17:06,260.0
1532,323,127,1,90,0,UPI,2026-05-05,13:35:57,90.0
1533,18,112,1,240,0,UPI,2026-01-16,13:38:01,240.0
1534,446,122,2,320,0,UPI,2026-01-22,14:50:28,640.0
1535,463,128,3,150,15,Cash,2026-03-06,13:56:09,382.5
1536,144,128,2,150,5,Cash,2026-03-04,22:34:55,285.0
1537,189,115,2,150,0,UPI,2026-01-22,20:07:27,300.0
1538,131,125,1,120,0,UPI,2026-06-15,21:07:28,120.0
1539,57,126,1,60,0,UPI,2026-03-22,19:38:39,60.0
1540,209,105,1,420,10,UPI,2026-01-14,14:21:21,378.0
1541,366,120,2,120,15,UPI,2026-04-19,22:35:08,204.0
1542,39,108,2,695,0,UPI,2026-06-12,13:33:46,1390.0
1543,387,123,1,420,0,Card,2026-04-20,12:45:14,420.0
1544,366,102,2,380,5,Cash,2026-01-30,21:38:00,722.0
1545,446,104,1,390,0,Cash,2026-06-12,20:47:32,390.0
1546,413,112,3,240,5,UPI,2026-02-14,13:51:40,684.0
1547,106,109,1,650,0,UPI,2026-05-06,19:45:50,650.0
1548,47,123,2,420,5,UPI,2026-05-30,18:44:17,798.0
1549,83,101,2,695,10,UPI,2026-02-02,22:16:31,1251.0
1550,395,122,1,320,0,UPI,2026-06-07,20:07:37,320.0
1551,150,127,1,90,0,UPI,2026-01-31,14:27:16,90.0
1552,224,107,2,695,5,Card,2026-03-20,12:03:35,1320.5
1553,194,117,2,130,0,Cash,2026-05-23,13:27:33,260.0
1554,302,108,1,695,0,Cash,2026-05-23,19:47:50,695.0
1555,205,121,1,350,10,UPI,2026-02-17,12:31:22,315.0
1556,213,108,1,695,10,Card,2026-06-28,21:54:31,625.5
1557,294,115,1,150,5,UPI,2026-06-19,18:07:55,142.5
1558,39,108,2,695,0,Card,2026-06-21,14:37:28,1390.0
1559,95,101,3,695,0,UPI,2026-03-08,19:52:57,2085.0
1560,296,101,2,695,5,UPI,2026-05-10,14:20:10,1320.5
1561,330,102,1,380,5,Card,2026-01-15,13:28:19,361.0
1562,99,122,1,320,0,UPI,2026-05-08,13:51:13,320.0
1563,22,118,1,150,10,UPI,2026-05-30,13:12:08,135.0
1564,404,106,1,300,0,Cash,2026-04-30,19:47:18,300.0
1565,286,121,1,350,0,UPI,2026-01-31,20:48:38,350.0
1566,129,108,1,695,0,Cash,2026-04-06,18:04:35,695.0
1567,112,103,2,320,0,UPI,2026-06-21,19:41:45,640.0
1568,56,129,1,180,0,UPI,2026-05-27,12:24:48,180.0
1569,20,119,2,220,5,UPI,2026-04-28,12:15:50,418.0
1570,280,109,1,650,0,UPI,2026-02-02,13:23:33,650.0
1571,148,120,1,120,0,UPI,2026-03-25,20:56:52,120.0
1572,49,102,1,380,0,UPI,2026-01-09,12:56:49,380.0
1573,234,130,2,220,0,UPI,2026-03-28,19:30:45,440.0
1574,248,118,3,150,5,UPI,2026-05-12,14:35:55,427.5
1575,41,106,2,300,0,UPI,2026-01-22,18:55:46,600.0
1576,229,130,2,220,0,UPI,2026-04-30,13:15:59,440.0
1577,57,105,1,420,0,UPI,2026-06-30,12:03:27,420.0
1578,104,123,1,420,0,Cash,2026-02-07,12:45:07,420.0
1579,422,102,2,380,0,Card,2026-02-26,18:03:32,760.0
1580,413,101,3,695,0,Cash,2026-05-09,21:38:50,2085.0
1581,426,118,3,150,0,UPI,2026-04-26,20:45:39,450.0
1582,417,116,2,120,5,Card,2026-04-15,20:04:04,228.0
1583,72,105,1,420,0,UPI,2026-06-17,18:27:52,420.0
1584,401,101,1,695,0,UPI,2026-02-09,20:42:47,695.0
1585,347,128,2,150,0,UPI,2026-03-18,12:53:12,300.0
1586,285,129,2,180,0,Card,2026-04-21,13:04:20,360.0
1587,247,111,2,320,0,Card,2026-01-23,13:13:28,640.0
1588,6,124,1,180,0,UPI,2026-04-26,13:41:09,180.0
1589,314,126,3,60,0,UPI,2026-04-05,13:12:55,180.0
1590,215,121,2,350,0,Cash,2026-01-31,11:11:50,700.0
1591,483,120,2,120,0,Cash,2026-05-13,21:34:36,240.0
1592,132,126,1,60,0,UPI,2026-06-23,20:41:53,60.0
1593,476,128,4,150,0,UPI,2026-05-15,12:30:53,600.0
1594,421,103,3,320,0,UPI,2026-03-21,13:23:32,960.0
1595,113,107,1,695,0,Card,2026-01-25,13:33:42,695.0
1596,264,101,3,695,10,UPI,2026-06-07,21:21:37,1876.5
1597,221,102,3,380,0,UPI,2026-04-21,21:44:05,1140.0
1598,425,108,2,695,0,UPI,2026-02-13,19:12:38,1390.0
1599,377,105,1,420,10,UPI,2026-06-14,13:00:05,378.0
1600,143,108,1,695,0,UPI,2026-05-27,18:53:02,695.0
1601,382,123,2,420,0,UPI,2026-04-04,18:16:09,840.0
1602,3,107,2,695,5,Card,2026-03-11,13:50:04,1320.5
1603,90,101,1,695,0,Cash,2026-03-14,13:16:06,695.0
1604,48,115,1,150,5,Card,2026-03-30,12:30:22,142.5
1605,348,123,4,420,10,UPI,2026-02-19,22:04:49,1512.0
1606,133,102,1,380,0,UPI,2026-05-13,19:32:55,380.0
1607,413,128,1,150,0,Card,2026-05-11,12:12:55,150.0
1608,48,106,1,300,5,UPI,2026-02-05,20:59:21,285.0
1609,18,118,1,150,0,Card,2026-03-26,18:16:57,150.0
1610,357,121,1,350,0,UPI,2026-03-09,12:40:50,350.0
1611,130,108,2,695,0,UPI,2026-04-13,12:09:22,1390.0
1612,478,112,2,240,0,UPI,2026-02-15,18:06:36,480.0
1613,382,121,5,350,10,UPI,2026-06-21,12:55:42,1575.0
1614,53,120,1,120,0,UPI,2026-05-23,12:17:09,120.0
1615,412,116,3,120,0,Card,2026-03-17,18:12:19,360.0
1616,174,126,1,60,0,UPI,2026-04-25,14:06:46,60.0
1617,146,119,4,220,0,UPI,2026-04-13,11:43:20,880.0
1618,72,104,3,390,0,Cash,2026-01-03,12:54:50,1170.0
1619,477,107,1,695,0,UPI,2026-04-13,18:45:19,695.0
1620,1,125,1,120,0,UPI,2026-05-08,12:12:12,120.0
1621,223,120,1,120,0,UPI,2026-04-11,20:26:27,120.0
1622,98,123,1,420,0,UPI,2026-02-07,19:55:54,420.0
1623,373,109,2,650,0,Card,2026-03-31,20:27:20,1300.0
1624,379,115,1,150,10,UPI,2026-02-28,11:22:03,135.0
1625,137,123,1,420,15,UPI,2026-01-29,13:54:37,357.0
1626,57,108,1,695,0,UPI,2026-02-05,13:05:58,695.0
1627,476,123,1,420,0,Cash,2026-05-14,20:34:37,420.0
1628,13,106,1,300,0,UPI,2026-06-20,11:00:39,300.0
1629,251,108,2,695,0,UPI,2026-06-20,19:06:55,1390.0
1630,237,112,2,240,0,UPI,2026-06-09,12:29:27,480.0
1631,361,120,1,120,0,UPI,2026-06-29,13:17:10,120.0
1632,74,118,1,150,10,UPI,2026-01-29,19:40:53,135.0
1633,63,116,1,120,0,Card,2026-04-20,11:20:10,120.0
1634,47,118,1,150,0,UPI,2026-03-24,12:47:01,150.0
1635,482,130,1,220,0,UPI,2026-02-04,20:18:31,220.0
1636,41,102,1,380,0,Card,2026-05-27,14:35:18,380.0
1637,495,127,1,90,0,Cash,2026-03-18,14:24:05,90.0
1638,49,101,5,695,0,Card,2026-01-04,18:03:17,3475.0
1639,119,128,1,150,0,Card,2026-01-19,12:35:47,150.0
1640,146,115,1,150,0,Cash,2026-04-27,19:45:55,150.0
1641,279,102,1,380,0,Card,2026-04-21,20:15:56,380.0
1642,387,111,3,320,0,UPI,2026-06-06,21:36:51,960.0
1643,421,103,1,320,5,Cash,2026-01-15,18:24:19,304.0
1644,298,120,1,120,5,UPI,2026-05-13,18:59:48,114.0
1645,208,102,3,380,0,UPI,2026-02-20,12:42:21,1140.0
1646,367,120,2,120,10,UPI,2026-03-02,18:09:02,216.0
1647,38,103,1,320,0,Card,2026-02-08,19:47:38,320.0
1648,259,126,1,60,0,UPI,2026-06-07,13:17:10,60.0
1649,159,124,5,180,0,UPI,2026-03-26,13:30:31,900.0
1650,53,115,4,150,10,UPI,2026-03-09,18:30:39,540.0
1651,196,114,2,180,10,Card,2026-03-03,19:14:50,324.0
1652,345,102,1,380,0,UPI,2026-01-21,13:11:09,380.0
1653,142,107,4,695,10,UPI,2026-01-20,13:47:39,2502.0
1654,32,118,1,150,0,UPI,2026-03-23,11:04:42,150.0
1655,207,101,1,695,0,Card,2026-01-09,19:54:32,695.0
1656,106,121,2,350,0,Card,2026-06-05,13:53:38,700.0
1657,296,121,2,350,0,UPI,2026-03-04,20:15:39,700.0
1658,415,109,2,650,0,UPI,2026-04-07,12:55:32,1300.0
1659,279,105,3,420,0,UPI,2026-05-01,18:08:00,1260.0
1660,58,102,1,380,0,Card,2026-06-28,13:36:33,380.0
1661,440,129,1,180,0,UPI,2026-02-14,20:34:21,180.0
1662,124,112,2,240,0,Card,2026-03-21,13:02:23,480.0
1663,392,118,1,150,0,UPI,2026-02-15,12:10:15,150.0
1664,206,106,2,300,5,UPI,2026-06-28,13:58:10,570.0
1665,390,125,1,120,0,UPI,2026-04-24,21:28:19,120.0
1666,324,118,2,150,0,UPI,2026-05-03,19:57:35,300.0
1667,28,119,2,220,0,UPI,2026-06-19,12:57:08,440.0
1668,190,114,1,180,0,Card,2026-05-28,18:04:28,180.0
1669,24,127,3,90,0,Card,2026-06-20,13:50:51,270.0
1670,320,102,1,380,10,Card,2026-05-30,13:43:47,342.0
1671,159,128,2,150,0,Card,2026-04-11,20:07:46,300.0
1672,281,105,3,420,0,UPI,2026-02-27,19:48:13,1260.0
1673,148,127,1,90,10,UPI,2026-03-30,14:37:52,81.0
1674,458,104,2,390,15,UPI,2026-01-23,20:20:27,663.0
1675,312,104,1,390,0,UPI,2026-02-17,13:26:06,390.0
1676,12,101,1,695,0,Card,2026-05-16,13:24:26,695.0
1677,352,118,2,150,0,UPI,2026-05-13,19:38:00,300.0
1678,353,116,2,120,0,UPI,2026-06-01,19:17:19,240.0
1679,500,128,1,150,10,UPI,2026-03-16,18:11:49,135.0
1680,390,101,1,695,10,UPI,2026-06-18,11:23:14,625.5
1681,97,105,2,420,0,UPI,2026-04-18,13:40:00,840.0
1682,253,115,1,150,0,Card,2026-03-04,19:49:41,150.0
1683,258,107,3,695,0,Card,2026-06-07,19:11:50,2085.0
1684,463,122,1,320,0,Card,2026-01-22,19:46:28,320.0
1685,361,103,2,320,0,Card,2026-01-09,14:20:27,640.0
1686,449,108,2,695,0,Cash,2026-04-27,19:32:19,1390.0
1687,319,103,3,320,0,UPI,2026-02-23,14:20:04,960.0
1688,296,115,1,150,5,Cash,2026-06-06,20:28:23,142.5
1689,26,113,1,220,0,UPI,2026-06-15,19:40:05,220.0
1690,448,123,1,420,5,Cash,2026-05-08,19:08:01,399.0
1691,461,122,2,320,15,Card,2026-05-13,19:11:05,544.0
1692,203,119,1,220,0,UPI,2026-06-23,12:35:12,220.0
1693,135,115,2,150,0,Cash,2026-05-09,19:05:52,300.0
1694,220,101,3,695,0,UPI,2026-06-14,19:25:56,2085.0
1695,71,121,5,350,0,Cash,2026-03-04,18:34:33,1750.0
1696,149,102,2,380,0,Cash,2026-06-14,18:32:23,760.0
1697,325,113,2,220,0,Cash,2026-03-02,11:50:39,440.0
1698,490,105,4,420,5,Cash,2026-06-05,20:22:11,1596.0
1699,210,115,3,150,0,Cash,2026-06-26,13:12:21,450.0
1700,304,119,3,220,0,UPI,2026-06-12,18:28:11,660.0
1701,482,121,1,350,0,UPI,2026-03-17,11:05:28,350.0
1702,52,119,3,220,5,UPI,2026-03-05,14:02:38,627.0
1703,236,122,1,320,0,Card,2026-03-11,13:02:00,320.0
1704,53,121,3,350,5,Cash,2026-05-28,13:34:45,997.5
1705,256,102,3,380,0,UPI,2026-06-15,13:25:49,1140.0
1706,2,103,1,320,5,Cash,2026-01-19,19:57:56,304.0
1707,252,117,1,130,0,UPI,2026-05-05,18:14:39,130.0
1708,94,104,1,390,15,UPI,2026-03-14,19:35:58,331.5
1709,320,120,1,120,0,Cash,2026-03-27,22:29:41,120.0
1710,354,108,1,695,5,Cash,2026-02-13,22:38:57,660.25
1711,143,106,3,300,0,UPI,2026-06-04,14:36:50,900.0
1712,99,107,1,695,0,Card,2026-05-29,20:47:38,695.0
1713,13,101,1,695,0,Card,2026-04-05,20:30:15,695.0
1714,407,104,1,390,15,UPI,2026-05-05,18:45:03,331.5
1715,452,120,1,120,0,UPI,2026-03-04,11:30:34,120.0
1716,395,127,1,90,0,UPI,2026-04-18,18:03:10,90.0
1717,78,109,1,650,0,Card,2026-04-03,12:55:55,650.0
1718,53,111,1,320,0,UPI,2026-03-18,21:15:07,320.0
1719,479,126,1,60,0,UPI,2026-03-05,19:52:14,60.0
1720,230,104,1,390,5,Card,2026-04-08,13:07:30,370.5
1721,17,115,3,150,5,Card,2026-03-19,18:51:36,427.5
1722,383,123,1,420,0,UPI,2026-02-18,20:43:30,420.0
1723,70,129,1,180,0,Card,2026-02-07,19:17:18,180.0
1724,208,129,1,180,0,UPI,2026-03-18,12:35:51,180.0
1725,427,105,2,420,0,UPI,2026-04-29,19:01:35,840.0
1726,27,104,2,390,0,UPI,2026-02-27,13:40:42,780.0
1727,408,114,3,180,0,UPI,2026-05-22,20:50:03,540.0
1728,170,102,2,380,0,UPI,2026-03-10,13:30:58,760.0
1729,265,107,1,695,0,UPI,2026-06-09,13:51:34,695.0
1730,286,101,1,695,5,UPI,2026-01-18,18:58:38,660.25
1731,345,108,1,695,0,Cash,2026-02-03,13:01:25,695.0
1732,164,102,2,380,0,Card,2026-01-16,12:28:09,760.0
1733,324,126,2,60,0,Cash,2026-01-15,20:58:27,120.0
1734,234,107,1,695,15,UPI,2026-03-16,19:11:03,590.75
1735,424,102,1,380,0,UPI,2026-06-18,20:41:04,380.0
1736,196,104,1,390,10,UPI,2026-04-15,13:27:54,351.0
1737,414,105,1,420,0,UPI,2026-01-25,20:42:05,420.0
1738,112,110,2,280,0,UPI,2026-01-13,13:46:32,560.0
1739,146,101,1,695,0,Card,2026-04-26,20:32:01,695.0
1740,23,107,2,695,0,UPI,2026-06-06,20:51:20,1390.0
1741,451,121,2,350,0,Cash,2026-02-18,19:07:39,700.0
1742,231,107,1,695,0,UPI,2026-01-17,14:34:50,695.0
1743,427,103,1,320,0,UPI,2026-01-31,11:53:38,320.0
1744,286,106,1,300,0,Card,2026-01-23,14:04:42,300.0
1745,191,126,2,60,10,Card,2026-05-24,11:41:35,108.0
1746,259,121,2,350,0,UPI,2026-02-23,18:28:51,700.0
1747,358,130,1,220,10,UPI,2026-01-13,12:07:51,198.0
1748,247,125,5,120,0,UPI,2026-03-07,12:28:57,600.0
1749,480,130,1,220,0,Card,2026-05-18,13:56:09,220.0
1750,81,129,1,180,0,UPI,2026-04-23,11:11:35,180.0
1751,312,112,3,240,10,Card,2026-05-25,20:03:04,648.0
1752,413,121,3,350,0,Cash,2026-06-04,13:55:03,1050.0
1753,147,117,3,130,0,Card,2026-05-20,11:34:30,390.0
1754,253,119,2,220,0,Card,2026-06-30,22:07:44,440.0
1755,22,125,2,120,0,UPI,2026-05-09,19:00:47,240.0
1756,244,111,1,320,0,UPI,2026-05-20,12:36:45,320.0
1757,435,104,1,390,0,UPI,2026-05-05,19:11:02,390.0
1758,344,126,1,60,0,UPI,2026-05-16,19:09:53,60.0
1759,134,111,1,320,0,UPI,2026-02-02,13:38:45,320.0
1760,39,128,2,150,0,Card,2026-04-04,18:04:58,300.0
1761,426,119,1,220,5,UPI,2026-06-17,12:37:49,209.0
1762,339,110,2,280,0,Cash,2026-02-26,12:33:38,560.0
1763,161,121,1,350,0,UPI,2026-03-02,18:26:22,350.0
1764,415,103,1,320,0,UPI,2026-06-19,18:32:28,320.0
1765,290,107,1,695,10,UPI,2026-02-03,14:45:39,625.5
1766,227,103,1,320,0,UPI,2026-01-28,12:53:37,320.0
1767,309,112,2,240,0,Card,2026-04-28,12:25:36,480.0
1768,181,119,1,220,0,UPI,2026-04-27,19:47:42,220.0
1769,131,120,1,120,0,Cash,2026-04-16,11:38:41,120.0
1770,282,116,1,120,0,Card,2026-06-12,20:17:41,120.0
1771,280,104,2,390,0,UPI,2026-03-08,19:59:43,780.0
1772,428,122,1,320,0,UPI,2026-02-05,14:31:41,320.0
1773,233,111,2,320,15,Card,2026-05-09,21:32:52,544.0
1774,184,118,1,150,15,Cash,2026-06-18,19:31:11,127.5
1775,374,121,3,350,0,Cash,2026-02-11,18:54:54,1050.0
1776,478,103,1,320,0,UPI,2026-01-22,12:37:14,320.0
1777,278,121,1,350,0,UPI,2026-03-26,18:34:53,350.0
1778,279,111,3,320,0,Cash,2026-06-01,13:29:14,960.0
1779,204,102,3,380,0,UPI,2026-05-28,18:42:24,1140.0
1780,349,124,4,180,5,UPI,2026-03-26,13:36:14,684.0
1781,157,106,2,300,0,UPI,2026-01-26,12:20:46,600.0
1782,429,121,2,350,0,UPI,2026-02-07,19:47:47,700.0
1783,428,115,3,150,0,UPI,2026-02-12,13:12:51,450.0
1784,284,118,1,150,10,UPI,2026-01-18,13:05:00,135.0
1785,386,117,2,130,0,Card,2026-01-19,13:50:19,260.0
1786,148,120,1,120,15,UPI,2026-01-22,21:47:39,102.0
1787,331,106,1,300,0,Cash,2026-01-25,20:19:36,300.0
1788,368,106,1,300,0,UPI,2026-05-26,22:51:13,300.0
1789,287,113,1,220,0,UPI,2026-02-26,19:17:29,220.0
1790,238,111,1,320,15,Card,2026-02-18,22:39:22,272.0
1791,203,101,2,695,10,Card,2026-05-17,19:26:38,1251.0
1792,13,124,2,180,5,Cash,2026-02-13,19:38:41,342.0
1793,16,127,2,90,0,Cash,2026-06-30,19:07:22,180.0
1794,93,101,1,695,0,Cash,2026-02-23,13:50:18,695.0
1795,417,111,1,320,5,UPI,2026-02-08,13:55:41,304.0
1796,267,115,1,150,5,Card,2026-06-26,21:29:30,142.5
1797,96,128,1,150,0,UPI,2026-01-04,14:31:34,150.0
1798,284,102,1,380,0,Card,2026-06-07,19:54:35,380.0
1799,411,120,1,120,10,UPI,2026-04-30,19:02:51,108.0
1800,284,101,1,695,0,UPI,2026-03-07,19:30:23,695.0
1801,244,107,2,695,5,UPI,2026-03-11,12:23:05,1320.5
1802,179,116,2,120,0,UPI,2026-02-23,14:17:27,240.0
1803,240,101,1,695,0,UPI,2026-03-15,12:05:43,695.0
1804,319,108,1,695,0,UPI,2026-05-28,19:17:17,695.0
1805,481,117,5,130,15,Cash,2026-01-09,13:57:37,552.5
1806,425,127,1,90,0,UPI,2026-02-13,19:41:48,90.0
1807,250,126,1,60,0,UPI,2026-06-15,13:39:37,60.0
1808,461,104,1,390,0,Card,2026-05-13,14:05:11,390.0
1809,260,104,3,390,0,UPI,2026-05-02,21:52:20,1170.0
1810,399,101,2,695,5,Card,2026-02-09,21:03:58,1320.5
1811,111,116,1,120,5,UPI,2026-02-11,19:49:43,114.0
1812,8,113,3,220,5,Card,2026-06-08,20:52:22,627.0
1813,15,108,1,695,0,UPI,2026-01-17,20:06:45,695.0
1814,478,114,1,180,0,Card,2026-02-04,19:25:46,180.0
1815,233,110,2,280,0,UPI,2026-05-30,18:09:21,560.0
1816,328,129,1,180,5,UPI,2026-03-22,18:52:49,171.0
1817,212,105,2,420,0,UPI,2026-04-13,20:46:41,840.0
1818,222,105,1,420,0,Cash,2026-06-30,12:50:08,420.0
1819,355,121,3,350,0,UPI,2026-03-17,12:59:13,1050.0
1820,65,106,5,300,0,UPI,2026-05-05,19:57:25,1500.0
1821,461,103,1,320,0,Card,2026-03-19,12:13:16,320.0
1822,196,116,2,120,0,UPI,2026-04-05,21:17:59,240.0
1823,369,103,2,320,5,UPI,2026-05-30,12:24:35,608.0
1824,474,103,1,320,15,Card,2026-03-24,12:42:05,272.0
1825,292,124,5,180,0,Cash,2026-05-28,12:26:09,900.0
1826,459,125,1,120,0,Card,2026-02-02,13:30:04,120.0
1827,351,111,2,320,5,UPI,2026-06-15,19:10:10,608.0
1828,450,104,1,390,10,UPI,2026-03-20,18:51:05,351.0
1829,30,123,1,420,0,Cash,2026-05-12,11:11:51,420.0
1830,301,101,1,695,0,UPI,2026-01-30,13:02:45,695.0
1831,457,118,2,150,0,UPI,2026-05-30,19:26:18,300.0
1832,381,104,1,390,0,UPI,2026-01-07,13:58:19,390.0
1833,194,101,2,695,0,UPI,2026-06-07,12:51:17,1390.0
1834,221,108,1,695,0,Cash,2026-02-17,14:55:49,695.0
1835,483,108,2,695,0,UPI,2026-02-05,22:55:02,1390.0
1836,405,120,1,120,0,Card,2026-06-21,13:01:02,120.0
1837,98,119,1,220,0,UPI,2026-04-11,13:28:06,220.0
1838,419,122,2,320,0,UPI,2026-01-05,20:03:06,640.0
1839,218,108,1,695,0,UPI,2026-06-23,21:21:44,695.0
1840,483,121,2,350,0,UPI,2026-06-15,13:19:54,700.0
1841,364,118,2,150,0,Cash,2026-06-23,13:48:07,300.0
1842,61,109,1,650,10,Card,2026-02-08,12:07:21,585.0
1843,95,116,4,120,0,UPI,2026-06-23,20:06:47,480.0
1844,224,111,1,320,5,Card,2026-01-03,14:20:18,304.0
1845,167,118,1,150,0,Card,2026-03-24,19:59:24,150.0
1846,224,119,3,220,0,UPI,2026-06-05,13:31:42,660.0
1847,269,115,2,150,5,UPI,2026-02-07,12:00:07,285.0
1848,399,111,3,320,0,UPI,2026-03-19,11:39:17,960.0
1849,261,115,1,150,5,UPI,2026-06-17,20:15:02,142.5
1850,119,121,1,350,0,Card,2026-05-07,12:40:56,350.0
1851,203,104,1,390,5,UPI,2026-02-22,21:32:39,370.5
1852,122,117,1,130,0,UPI,2026-03-06,13:49:40,130.0
1853,202,102,1,380,0,Cash,2026-03-03,12:02:18,380.0
1854,139,116,1,120,0,Cash,2026-04-19,18:37:20,120.0
1855,193,120,4,120,10,UPI,2026-03-10,20:31:52,432.0
1856,4,113,1,220,5,UPI,2026-03-04,12:42:26,209.0
1857,292,117,2,130,10,Card,2026-05-31,13:08:58,234.0
1858,305,119,1,220,5,Card,2026-03-27,12:54:49,209.0
1859,328,101,2,695,0,Card,2026-04-24,13:32:51,1390.0
1860,458,111,2,320,0,UPI,2026-06-05,11:23:20,640.0
1861,173,101,1,695,0,Cash,2026-02-05,20:54:31,695.0
1862,303,101,1,695,0,UPI,2026-05-31,19:50:53,695.0
1863,477,118,1,150,5,Cash,2026-06-27,20:48:10,142.5
1864,357,124,1,180,0,UPI,2026-03-09,20:34:36,180.0
1865,142,122,1,320,0,Cash,2026-01-11,13:23:05,320.0
1866,380,109,2,650,0,UPI,2026-01-22,12:07:15,1300.0
1867,204,115,1,150,0,UPI,2026-05-12,13:56:19,150.0
1868,231,112,2,240,0,UPI,2026-01-15,13:36:09,480.0
1869,69,110,2,280,10,UPI,2026-02-24,14:26:18,504.0
1870,62,102,1,380,0,UPI,2026-03-15,14:15:35,380.0
1871,21,101,3,695,0,UPI,2026-04-12,21:36:45,2085.0
1872,147,101,3,695,0,Cash,2026-05-23,12:49:37,2085.0
1873,455,117,1,130,5,UPI,2026-05-05,20:46:43,123.5
1874,467,109,3,650,0,UPI,2026-04-11,19:24:27,1950.0
1875,202,115,1,150,0,UPI,2026-06-28,13:26:58,150.0
1876,470,126,3,60,0,UPI,2026-03-21,13:22:48,180.0
1877,213,121,3,350,0,Card,2026-01-12,19:24:17,1050.0
1878,472,101,2,695,0,UPI,2026-06-22,12:37:56,1390.0
1879,52,118,1,150,0,Card,2026-05-10,21:32:06,150.0
1880,83,119,1,220,0,UPI,2026-06-02,14:28:06,220.0
1881,183,109,1,650,0,Card,2026-05-12,21:20:27,650.0
1882,185,127,2,90,0,UPI,2026-02-10,12:32:10,180.0
1883,162,106,1,300,5,UPI,2026-05-31,20:43:01,285.0
1884,489,106,1,300,0,UPI,2026-03-22,14:50:32,300.0
1885,350,110,1,280,5,UPI,2026-01-06,20:32:24,266.0
1886,196,119,1,220,5,UPI,2026-02-05,19:07:05,209.0
1887,168,127,2,90,0,Card,2026-03-11,19:45:42,180.0
1888,44,109,2,650,0,UPI,2026-02-27,11:06:37,1300.0
1889,388,103,2,320,5,UPI,2026-02-26,19:32:46,608.0
1890,346,118,2,150,0,Card,2026-04-12,12:20:46,300.0
1891,163,119,1,220,0,UPI,2026-01-09,12:01:33,220.0
1892,359,119,2,220,0,UPI,2026-06-13,19:30:50,440.0
1893,131,127,1,90,0,Card,2026-05-15,12:34:20,90.0
1894,277,109,2,650,0,UPI,2026-03-09,21:20:30,1300.0
1895,109,102,3,380,5,UPI,2026-04-08,13:53:54,1083.0
1896,19,105,2,420,10,Card,2026-01-31,21:28:34,756.0
1897,483,126,1,60,0,UPI,2026-02-05,19:41:23,60.0
1898,50,104,3,390,0,Card,2026-04-13,12:44:55,1170.0
1899,164,101,2,695,5,Card,2026-04-08,19:19:07,1320.5
1900,74,119,2,220,0,Card,2026-03-23,19:13:32,440.0
1901,44,101,1,695,0,Cash,2026-04-19,19:11:41,695.0
1902,338,102,1,380,0,UPI,2026-02-06,12:20:14,380.0
1903,59,108,1,695,0,UPI,2026-05-23,22:17:14,695.0
1904,130,121,2,350,0,UPI,2026-05-15,19:33:20,700.0
1905,241,124,2,180,0,Card,2026-03-01,20:37:08,360.0
1906,195,101,2,695,10,UPI,2026-01-06,12:40:37,1251.0
1907,270,104,2,390,5,UPI,2026-06-20,12:11:24,741.0
1908,222,129,2,180,0,UPI,2026-02-02,13:02:18,360.0
1909,412,106,2,300,5,UPI,2026-02-13,14:01:55,570.0
1910,211,123,2,420,10,UPI,2026-03-27,12:16:03,756.0
1911,199,109,1,650,0,UPI,2026-02-25,13:17:36,650.0
1912,429,127,3,90,0,UPI,2026-03-17,19:01:24,270.0
1913,215,114,3,180,0,Cash,2026-06-20,19:06:12,540.0
1914,469,117,2,130,0,UPI,2026-03-30,13:27:31,260.0
1915,227,106,2,300,0,Card,2026-03-22,14:26:40,600.0
1916,14,106,1,300,10,UPI,2026-04-22,13:03:47,270.0
1917,413,118,2,150,0,UPI,2026-03-24,13:36:03,300.0
1918,342,125,1,120,5,Card,2026-06-13,14:27:11,114.0
1919,99,104,2,390,5,UPI,2026-03-19,12:45:14,741.0
1920,104,123,3,420,0,Cash,2026-04-12,18:00:28,1260.0
1921,10,106,1,300,0,UPI,2026-01-14,13:09:20,300.0
1922,328,110,1,280,0,UPI,2026-05-14,13:00:44,280.0
1923,107,102,1,380,0,UPI,2026-05-18,20:54:40,380.0
1924,157,123,3,420,5,UPI,2026-03-27,12:30:53,1197.0
1925,174,104,2,390,15,Card,2026-03-18,19:41:49,663.0
1926,452,123,1,420,10,Cash,2026-01-05,13:21:54,378.0
1927,292,107,1,695,0,UPI,2026-02-20,19:36:44,695.0
1928,203,120,1,120,0,UPI,2026-04-06,21:34:44,120.0
1929,70,101,2,695,5,Cash,2026-02-17,14:15:09,1320.5
1930,247,118,1,150,0,UPI,2026-03-08,20:08:04,150.0
1931,153,120,2,120,0,Card,2026-02-09,12:52:17,240.0
1932,293,101,2,695,5,Card,2026-05-10,13:38:21,1320.5
1933,146,115,1,150,5,Card,2026-02-16,12:13:19,142.5
1934,51,105,2,420,15,Cash,2026-05-01,19:08:57,714.0
1935,289,126,1,60,0,UPI,2026-06-22,12:31:50,60.0
1936,324,101,1,695,0,UPI,2026-01-25,11:23:46,695.0
1937,466,123,3,420,15,UPI,2026-01-15,18:16:06,1071.0
1938,451,107,1,695,0,Card,2026-01-14,12:48:35,695.0
1939,438,125,3,120,0,Card,2026-01-15,11:23:50,360.0
1940,393,120,2,120,0,UPI,2026-03-05,19:45:07,240.0
1941,298,105,2,420,15,UPI,2026-02-03,19:42:21,714.0
1942,16,114,3,180,0,Card,2026-02-28,12:25:57,540.0
1943,484,102,1,380,0,Card,2026-04-30,19:02:02,380.0
1944,50,128,4,150,5,Card,2026-03-25,19:10:15,570.0
1945,316,128,2,150,10,UPI,2026-03-17,12:21:27,270.0
1946,365,108,3,695,10,Card,2026-06-17,12:35:32,1876.5
1947,383,106,1,300,0,Cash,2026-05-09,19:10:19,300.0
1948,337,101,1,695,10,Card,2026-04-16,19:51:19,625.5
1949,431,104,1,390,0,Cash,2026-06-19,18:09:53,390.0
1950,76,103,2,320,0,Card,2026-03-18,21:40:10,640.0
1951,166,123,2,420,0,UPI,2026-03-27,18:32:49,840.0
1952,293,129,3,180,0,Card,2026-02-05,18:17:38,540.0
1953,211,120,1,120,5,UPI,2026-06-06,12:20:03,114.0
1954,166,104,1,390,10,Cash,2026-04-25,19:28:41,351.0
1955,305,106,1,300,0,UPI,2026-04-20,18:05:16,300.0
1956,251,121,1,350,5,Card,2026-06-29,20:24:48,332.5
1957,134,105,1,420,0,UPI,2026-02-01,13:28:47,420.0
1958,251,106,1,300,0,Card,2026-06-26,13:41:47,300.0
1959,474,113,2,220,0,Card,2026-04-12,19:55:24,440.0
1960,195,112,3,240,0,UPI,2026-02-15,19:51:38,720.0
1961,106,110,1,280,5,Card,2026-03-31,22:31:52,266.0
1962,283,108,3,695,0,Card,2026-03-13,18:43:06,2085.0
1963,297,115,3,150,10,Card,2026-01-07,12:53:22,405.0
1964,301,120,2,120,0,UPI,2026-01-27,14:21:16,240.0
1965,294,101,1,695,0,Card,2026-06-04,19:36:23,695.0
1966,428,118,1,150,0,UPI,2026-02-22,18:59:43,150.0
1967,145,118,2,150,0,UPI,2026-05-25,19:11:31,300.0
1968,200,125,1,120,0,Card,2026-01-22,12:12:19,120.0
1969,311,103,1,320,0,Card,2026-04-20,18:33:55,320.0
1970,462,115,5,150,0,UPI,2026-02-12,20:49:04,750.0
1971,119,130,2,220,0,UPI,2026-02-08,20:45:51,440.0
1972,6,109,2,650,0,Card,2026-01-26,19:40:51,1300.0
1973,20,101,1,695,0,Card,2026-05-02,20:29:26,695.0
1974,147,101,1,695,5,UPI,2026-04-21,19:28:05,660.25
1975,407,123,2,420,0,UPI,2026-04-11,14:18:16,840.0
1976,232,126,2,60,5,UPI,2026-05-28,13:59:52,114.0
1977,101,117,3,130,15,UPI,2026-06-29,20:48:36,331.5
1978,360,103,3,320,10,UPI,2026-04-12,21:23:34,864.0
1979,424,104,2,390,0,UPI,2026-06-04,19:21:49,780.0
1980,337,129,2,180,0,Cash,2026-05-30,20:31:06,360.0
1981,21,125,2,120,0,Card,2026-03-03,19:37:36,240.0
1982,160,120,3,120,0,UPI,2026-06-16,11:48:05,360.0
1983,409,115,1,150,0,Cash,2026-06-24,20:37:18,150.0
1984,131,106,1,300,0,Card,2026-05-28,20:05:10,300.0
1985,131,106,1,300,0,Cash,2026-02-26,14:21:35,300.0
1986,56,109,2,650,0,UPI,2026-03-02,12:05:24,1300.0
1987,390,120,1,120,0,Card,2026-01-10,18:29:19,120.0
1988,358,129,5,180,5,Cash,2026-06-09,18:22:42,855.0
1989,10,128,2,150,0,UPI,2026-02-17,13:02:58,300.0
1990,435,126,1,60,0,Card,2026-01-07,19:16:25,60.0
1991,238,107,2,695,5,Card,2026-02-04,13:10:10,1320.5
1992,462,130,4,220,0,UPI,2026-01-10,19:26:34,880.0
1993,139,102,1,380,0,UPI,2026-06-02,19:36:21,380.0
1994,259,102,4,380,10,UPI,2026-06-21,12:31:25,1368.0
1995,63,101,4,695,5,UPI,2026-01-25,13:19:33,2641.0
1996,368,123,1,420,5,Cash,2026-06-17,20:14:11,399.0
1997,40,121,3,350,0,UPI,2026-02-19,12:04:48,1050.0
1998,368,116,1,120,5,UPI,2026-05-21,21:50:55,114.0
1999,95,104,1,390,0,UPI,2026-02-15,13:34:39,390.0
2000,494,120,1,120,0,UPI,2026-03-02,13:05:02,120.0
2001,270,129,4,180,5,Card,2026-06-02,20:35:56,684.0
2002,297,106,3,300,0,Cash,2026-05-07,13:38:22,900.0
2003,136,120,1,120,0,Cash,2026-06-05,13:59:50,120.0
2004,15,116,1,120,5,UPI,2026-01-30,19:56:17,114.0
2005,345,128,1,150,0,Card,2026-01-23,12:23:29,150.0
2006,17,113,3,220,5,UPI,2026-04-01,13:35:37,627.0
2007,396,113,1,220,0,UPI,2026-01-31,14:37:49,220.0
2008,247,126,1,60,0,UPI,2026-03-18,13:09:38,60.0
2009,269,130,3,220,0,Card,2026-05-22,14:59:05,660.0
2010,125,126,1,60,0,UPI,2026-05-22,12:30:15,60.0
2011,487,113,1,220,0,UPI,2026-02-12,13:05:38,220.0
2012,462,117,2,130,0,UPI,2026-04-15,12:39:33,260.0
2013,62,123,1,420,10,UPI,2026-04-05,19:58:48,378.0
2014,276,107,2,695,0,UPI,2026-02-08,13:23:59,1390.0
2015,441,106,1,300,0,Card,2026-03-18,11:57:51,300.0
2016,105,101,2,695,0,UPI,2026-06-21,12:29:53,1390.0
2017,16,101,1,695,0,Card,2026-03-16,22:12:35,695.0
2018,43,102,1,380,0,Card,2026-02-23,19:58:47,380.0
2019,446,107,1,695,10,UPI,2026-06-11,20:43:02,625.5
2020,392,107,2,695,15,Card,2026-03-02,19:51:18,1181.5
2021,498,103,1,320,0,UPI,2026-05-02,13:48:15,320.0
2022,484,106,2,300,0,UPI,2026-02-12,12:07:51,600.0
2023,450,122,1,320,0,UPI,2026-04-07,20:16:39,320.0
2024,454,107,2,695,0,Card,2026-05-21,20:41:19,1390.0
2025,431,111,2,320,0,Card,2026-06-02,13:58:47,640.0
2026,18,104,2,390,0,UPI,2026-03-31,12:14:55,780.0
2027,408,102,2,380,0,UPI,2026-02-27,11:01:49,760.0
2028,306,113,2,220,0,UPI,2026-01-24,12:29:34,440.0
2029,474,105,1,420,10,UPI,2026-03-28,19:16:06,378.0
2030,24,102,2,380,0,UPI,2026-03-25,21:20:29,760.0
2031,361,130,4,220,0,UPI,2026-06-22,18:46:25,880.0
2032,419,120,2,120,0,UPI,2026-05-20,20:31:29,240.0
2033,45,104,1,390,0,UPI,2026-06-24,18:43:31,390.0
2034,29,111,2,320,0,Card,2026-04-02,11:11:09,640.0
2035,344,129,3,180,0,UPI,2026-05-30,20:04:31,540.0
2036,498,113,2,220,10,UPI,2026-03-08,18:49:23,396.0
2037,166,108,1,695,0,UPI,2026-06-30,12:50:32,695.0
2038,147,114,2,180,15,UPI,2026-01-26,19:29:33,306.0
2039,296,129,1,180,0,UPI,2026-03-01,19:12:09,180.0
2040,363,105,1,420,0,Card,2026-05-25,22:30:59,420.0
2041,308,117,2,130,0,Card,2026-06-05,19:34:13,260.0
2042,269,122,2,320,0,Cash,2026-04-04,20:02:35,640.0
2043,248,113,1,220,0,UPI,2026-04-28,19:02:07,220.0
2044,320,122,3,320,0,UPI,2026-06-03,12:59:19,960.0
2045,419,122,1,320,10,UPI,2026-03-04,13:21:02,288.0
2046,3,106,1,300,0,UPI,2026-03-30,18:44:08,300.0
2047,186,130,3,220,0,UPI,2026-05-09,13:43:12,660.0
2048,255,122,1,320,0,UPI,2026-02-20,12:03:16,320.0
2049,419,127,2,90,10,UPI,2026-03-21,14:33:12,162.0
2050,326,101,2,695,5,UPI,2026-05-13,11:14:20,1320.5
2051,332,101,1,695,0,UPI,2026-02-15,13:58:36,695.0
2052,383,109,1,650,0,Cash,2026-06-29,20:34:49,650.0
2053,255,122,1,320,0,UPI,2026-05-18,19:55:11,320.0
2054,130,123,2,420,15,Card,2026-04-19,14:18:26,714.0
2055,476,120,1,120,0,Cash,2026-03-07,11:31:25,120.0
2056,69,111,1,320,0,UPI,2026-03-20,19:31:21,320.0
2057,329,101,2,695,0,UPI,2026-03-13,13:54:35,1390.0
2058,69,115,1,150,0,Cash,2026-03-29,20:54:24,150.0
2059,80,118,1,150,0,UPI,2026-06-26,18:32:20,150.0
2060,480,115,3,150,5,Card,2026-01-10,19:29:52,427.5
2061,422,123,4,420,0,UPI,2026-02-06,12:30:56,1680.0
2062,26,119,2,220,5,UPI,2026-05-15,14:02:15,418.0
2063,331,116,3,120,0,Card,2026-06-16,19:40:51,360.0
2064,6,109,2,650,0,Cash,2026-02-19,13:39:38,1300.0
2065,21,107,1,695,0,UPI,2026-03-12,11:29:03,695.0
2066,6,123,2,420,0,UPI,2026-03-23,14:57:39,840.0
2067,262,112,3,240,5,UPI,2026-02-26,19:57:00,684.0
2068,129,120,2,120,0,Cash,2026-02-16,20:19:05,240.0
2069,38,105,1,420,0,UPI,2026-03-19,13:25:00,420.0
2070,242,105,2,420,0,Cash,2026-02-19,18:39:32,840.0
2071,423,119,2,220,0,Cash,2026-03-21,19:37:38,440.0
2072,474,130,1,220,0,UPI,2026-03-26,20:06:30,220.0
2073,397,101,3,695,5,UPI,2026-04-29,21:51:52,1980.75
2074,226,103,1,320,0,Cash,2026-01-01,14:21:37,320.0
2075,86,110,1,280,0,Cash,2026-01-09,14:39:21,280.0
2076,376,110,2,280,5,Cash,2026-03-24,11:15:18,532.0
2077,294,108,2,695,0,Card,2026-02-13,18:56:05,1390.0
2078,127,117,1,130,0,UPI,2026-04-15,19:43:05,130.0
2079,201,123,1,420,0,Card,2026-06-30,20:52:31,420.0
2080,16,105,3,420,10,Card,2026-06-23,20:51:34,1134.0
2081,277,101,2,695,0,Card,2026-05-18,12:03:03,1390.0
2082,330,102,2,380,0,Card,2026-04-01,12:01:12,760.0
2083,130,108,5,695,10,Card,2026-04-10,20:44:05,3127.5
2084,14,128,2,150,0,UPI,2026-04-27,19:17:21,300.0
2085,28,124,1,180,0,UPI,2026-01-21,12:08:14,180.0
2086,497,121,1,350,10,UPI,2026-05-24,13:51:13,315.0
2087,91,116,1,120,0,Card,2026-02-19,22:00:26,120.0
2088,281,103,2,320,0,Card,2026-04-03,18:29:03,640.0
2089,18,126,1,60,0,Card,2026-03-27,22:36:18,60.0
2090,85,118,2,150,0,Cash,2026-04-19,19:39:27,300.0
2091,208,102,1,380,0,Card,2026-06-14,13:42:39,380.0
2092,359,127,1,90,10,UPI,2026-05-29,13:18:41,81.0
2093,445,108,1,695,10,UPI,2026-04-27,21:47:01,625.5
2094,397,120,1,120,0,UPI,2026-03-31,13:15:27,120.0
2095,279,102,1,380,0,UPI,2026-02-01,19:00:09,380.0
2096,370,119,2,220,0,Card,2026-04-15,20:16:50,440.0
2097,500,125,5,120,0,UPI,2026-02-01,20:04:16,600.0
2098,477,102,2,380,0,Card,2026-02-13,20:52:16,760.0
2099,437,102,4,380,0,UPI,2026-03-04,18:43:05,1520.0
2100,100,105,2,420,0,UPI,2026-01-03,20:30:30,840.0
2101,393,105,1,420,0,UPI,2026-06-08,13:04:37,420.0
2102,327,119,3,220,0,Card,2026-06-01,18:34:33,660.0
2103,298,121,2,350,10,UPI,2026-05-16,19:00:04,630.0
2104,46,128,1,150,0,Card,2026-02-11,18:54:29,150.0
2105,358,105,2,420,0,UPI,2026-01-15,20:30:54,840.0
2106,149,121,1,350,10,UPI,2026-01-28,13:53:10,315.0
2107,195,122,1,320,5,UPI,2026-03-02,21:06:32,304.0
2108,192,128,4,150,0,UPI,2026-04-09,18:11:09,600.0
2109,401,116,1,120,10,Card,2026-03-18,19:03:13,108.0
2110,246,101,4,695,0,UPI,2026-03-29,12:33:42,2780.0
2111,410,115,2,150,0,Card,2026-06-20,13:59:10,300.0
2112,356,130,4,220,0,UPI,2026-06-21,18:33:02,880.0
2113,228,116,2,120,5,UPI,2026-03-29,13:44:49,228.0
2114,334,120,1,120,5,UPI,2026-01-01,13:56:38,114.0
2115,214,115,1,150,0,UPI,2026-04-01,19:40:31,150.0
2116,243,121,3,350,0,UPI,2026-05-07,18:44:27,1050.0
2117,365,101,1,695,0,Card,2026-01-01,14:08:23,695.0
2118,251,101,2,695,0,UPI,2026-04-24,12:44:38,1390.0
2119,217,122,1,320,15,Card,2026-06-11,13:36:14,272.0
2120,117,116,3,120,0,UPI,2026-05-20,19:03:03,360.0
2121,250,103,4,320,0,UPI,2026-06-11,18:57:09,1280.0
2122,362,115,2,150,0,UPI,2026-05-07,19:42:44,300.0
2123,428,119,1,220,0,UPI,2026-03-08,12:02:23,220.0
2124,458,106,2,300,15,UPI,2026-04-13,12:59:18,510.0
2125,438,126,2,60,0,UPI,2026-01-23,12:00:58,120.0
2126,253,120,2,120,0,UPI,2026-04-14,11:45:02,240.0
2127,250,111,3,320,0,Cash,2026-05-02,13:38:08,960.0
2128,371,118,1,150,0,UPI,2026-02-25,18:27:32,150.0
2129,352,115,1,150,5,UPI,2026-04-09,14:31:37,142.5
2130,497,125,1,120,5,Cash,2026-02-26,20:23:00,114.0
2131,201,111,1,320,0,UPI,2026-02-17,13:22:51,320.0
2132,159,107,1,695,5,UPI,2026-02-12,18:28:00,660.25
2133,336,120,1,120,5,UPI,2026-05-09,20:03:31,114.0
2134,96,116,2,120,0,Cash,2026-03-13,19:46:23,240.0
2135,246,103,1,320,0,UPI,2026-04-07,14:12:18,320.0
2136,34,108,2,695,0,UPI,2026-03-11,13:47:54,1390.0
2137,285,127,2,90,15,UPI,2026-05-09,20:59:36,153.0
2138,113,111,2,320,0,Card,2026-01-29,11:52:50,640.0
2139,314,102,1,380,0,UPI,2026-03-11,19:48:31,380.0
2140,139,128,2,150,0,UPI,2026-03-03,12:48:30,300.0
2141,427,108,4,695,10,Card,2026-02-16,21:26:43,2502.0
2142,261,118,1,150,0,Cash,2026-05-05,12:50:02,150.0
2143,247,116,1,120,0,UPI,2026-01-14,12:03:51,120.0
2144,284,111,2,320,0,UPI,2026-05-24,19:03:55,640.0
2145,304,105,1,420,0,Card,2026-06-30,19:43:14,420.0
2146,272,118,2,150,0,UPI,2026-03-04,21:08:49,300.0
2147,66,107,1,695,0,Card,2026-05-13,20:55:06,695.0
2148,92,107,1,695,0,Cash,2026-01-20,11:09:28,695.0
2149,85,105,3,420,5,UPI,2026-06-11,13:41:30,1197.0
2150,253,129,1,180,0,Cash,2026-04-07,18:39:40,180.0
2151,236,121,1,350,5,Cash,2026-01-08,22:16:29,332.5
2152,155,102,2,380,0,Cash,2026-04-09,13:11:23,760.0
2153,415,124,1,180,0,UPI,2026-05-05,20:40:53,180.0
2154,440,117,1,130,0,UPI,2026-02-25,19:00:36,130.0
2155,54,105,2,420,10,Cash,2026-05-08,14:08:42,756.0
2156,267,129,1,180,0,Card,2026-01-17,12:45:47,180.0
2157,73,123,3,420,5,Card,2026-05-04,18:45:07,1197.0
2158,135,124,1,180,0,Cash,2026-02-02,20:17:58,180.0
2159,55,119,2,220,5,UPI,2026-03-15,13:41:46,418.0
2160,327,106,1,300,0,UPI,2026-02-25,12:57:44,300.0
2161,255,103,4,320,5,UPI,2026-02-10,13:42:35,1216.0
2162,121,122,1,320,5,UPI,2026-05-03,12:42:54,304.0
2163,253,105,1,420,0,UPI,2026-04-30,19:59:04,420.0
2164,269,108,3,695,0,Cash,2026-02-26,12:20:31,2085.0
2165,154,123,3,420,0,Cash,2026-04-01,20:23:58,1260.0
2166,283,106,2,300,0,UPI,2026-01-13,13:05:27,600.0
2167,453,107,1,695,0,Card,2026-05-15,12:21:53,695.0
2168,389,108,1,695,5,UPI,2026-03-24,19:59:26,660.25
2169,254,106,1,300,0,UPI,2026-05-30,18:24:08,300.0
2170,138,113,1,220,0,UPI,2026-02-10,14:35:10,220.0
2171,309,117,1,130,0,UPI,2026-04-23,14:22:10,130.0
2172,314,102,2,380,0,UPI,2026-04-25,18:59:28,760.0
2173,36,115,1,150,10,UPI,2026-02-22,13:20:45,135.0
2174,305,126,2,60,0,UPI,2026-05-22,20:06:57,120.0
2175,230,117,2,130,0,Card,2026-01-24,12:43:55,260.0
2176,403,117,1,130,0,UPI,2026-02-27,14:58:45,130.0
2177,437,109,1,650,10,UPI,2026-03-29,14:10:44,585.0
2178,445,101,2,695,0,UPI,2026-01-27,19:44:35,1390.0
2179,143,115,2,150,0,UPI,2026-03-27,13:11:18,300.0
2180,292,103,3,320,0,UPI,2026-02-15,19:29:14,960.0
2181,466,127,3,90,0,Card,2026-03-13,19:21:17,270.0
2182,393,117,2,130,10,UPI,2026-05-16,13:07:59,234.0
2183,172,116,2,120,10,UPI,2026-06-08,11:51:31,216.0
2184,398,106,2,300,0,UPI,2026-04-03,12:23:48,600.0
2185,396,121,2,350,0,UPI,2026-02-26,14:33:08,700.0
2186,51,119,1,220,0,UPI,2026-04-30,20:40:19,220.0
2187,335,106,3,300,0,UPI,2026-01-24,21:10:32,900.0
2188,325,101,1,695,0,Card,2026-03-22,12:55:11,695.0
2189,340,103,1,320,0,Cash,2026-05-03,18:30:03,320.0
2190,436,124,1,180,0,UPI,2026-02-07,21:51:47,180.0
2191,114,104,1,390,0,Card,2026-01-16,12:14:03,390.0
2192,112,121,1,350,5,Card,2026-04-04,18:47:26,332.5
2193,102,127,1,90,0,UPI,2026-05-13,14:10:10,90.0
2194,428,108,2,695,0,Card,2026-06-12,12:23:46,1390.0
2195,149,119,2,220,0,Card,2026-01-24,18:48:43,440.0
2196,139,119,1,220,5,UPI,2026-05-24,13:16:54,209.0
2197,389,104,1,390,5,UPI,2026-05-30,21:11:21,370.5
2198,445,101,1,695,0,UPI,2026-01-22,18:33:33,695.0
2199,360,105,3,420,0,UPI,2026-03-27,11:26:45,1260.0
2200,326,105,4,420,0,UPI,2026-06-03,13:29:19,1680.0
2201,136,107,2,695,10,Card,2026-05-01,19:52:44,1251.0
2202,203,113,2,220,10,UPI,2026-04-23,19:39:42,396.0
2203,202,120,2,120,0,UPI,2026-01-15,18:35:36,240.0
2204,395,120,1,120,0,UPI,2026-02-24,22:48:28,120.0
2205,375,118,1,150,0,UPI,2026-04-27,12:19:08,150.0
2206,139,119,2,220,5,Cash,2026-04-10,20:33:54,418.0
2207,84,122,1,320,0,UPI,2026-02-24,21:53:31,320.0
2208,459,109,5,650,0,UPI,2026-06-15,12:27:31,3250.0
2209,309,124,1,180,0,UPI,2026-06-25,12:23:25,180.0
2210,369,119,1,220,0,UPI,2026-03-02,11:03:00,220.0
2211,190,121,3,350,0,UPI,2026-06-12,20:57:38,1050.0
2212,115,103,3,320,10,Cash,2026-04-09,12:46:31,864.0
2213,406,113,1,220,0,UPI,2026-06-05,20:48:48,220.0
2214,111,129,2,180,5,UPI,2026-03-28,12:20:59,342.0
2215,402,119,2,220,0,Card,2026-04-04,12:42:23,440.0
2216,430,120,3,120,0,UPI,2026-03-01,14:01:36,360.0
2217,346,114,1,180,10,UPI,2026-04-18,19:20:28,162.0
2218,396,107,3,695,5,Card,2026-03-06,11:55:35,1980.75
2219,12,126,2,60,0,UPI,2026-01-13,12:10:38,120.0
2220,258,125,2,120,0,UPI,2026-02-09,22:24:50,240.0
2221,64,117,2,130,5,Card,2026-04-25,11:58:19,247.0
2222,456,117,1,130,10,UPI,2026-01-11,18:29:22,117.0
2223,367,118,1,150,0,UPI,2026-05-02,21:56:36,150.0
2224,212,120,1,120,15,UPI,2026-04-17,20:44:47,102.0
2225,339,119,3,220,0,UPI,2026-04-19,13:56:46,660.0
2226,72,121,1,350,5,UPI,2026-02-18,19:14:35,332.5
2227,417,125,1,120,0,UPI,2026-04-12,21:25:55,120.0
2228,228,111,2,320,5,Cash,2026-03-13,13:38:30,608.0
2229,101,111,2,320,0,UPI,2026-05-03,19:16:05,640.0
2230,252,102,2,380,0,UPI,2026-01-25,14:39:23,760.0
2231,138,102,1,380,0,Cash,2026-05-17,13:31:14,380.0
2232,363,115,1,150,0,UPI,2026-02-09,13:14:22,150.0
2233,343,116,1,120,5,UPI,2026-01-19,19:23:55,114.0
2234,21,102,2,380,5,UPI,2026-02-06,19:26:59,722.0
2235,397,130,2,220,0,UPI,2026-05-21,13:47:40,440.0
2236,290,118,1,150,0,UPI,2026-03-17,13:03:34,150.0
2237,182,118,1,150,15,Card,2026-01-10,18:36:32,127.5
2238,224,101,1,695,0,Card,2026-06-27,19:09:39,695.0
2239,190,101,2,695,0,Card,2026-05-15,12:22:59,1390.0
2240,35,123,2,420,0,Cash,2026-01-16,12:56:19,840.0
2241,135,102,1,380,0,UPI,2026-06-26,12:41:54,380.0
2242,472,105,3,420,5,UPI,2026-03-13,12:51:27,1197.0
2243,458,113,1,220,5,Cash,2026-01-30,19:20:31,209.0
2244,8,105,1,420,10,Card,2026-02-22,20:10:00,378.0
2245,360,126,1,60,0,UPI,2026-02-11,12:41:34,60.0
2246,8,111,2,320,5,UPI,2026-06-24,22:39:15,608.0
2247,308,117,1,130,10,UPI,2026-05-05,12:30:47,117.0
2248,334,117,1,130,0,Card,2026-06-09,12:38:52,130.0
2249,124,122,1,320,0,UPI,2026-01-20,12:59:13,320.0
2250,31,114,2,180,0,UPI,2026-05-22,19:54:29,360.0
2251,397,113,3,220,5,UPI,2026-01-16,14:59:23,627.0
2252,225,112,1,240,0,UPI,2026-06-24,20:32:01,240.0
2253,217,101,1,695,0,UPI,2026-06-20,21:36:41,695.0
2254,125,119,1,220,0,Card,2026-06-28,21:30:05,220.0
2255,442,109,1,650,5,UPI,2026-01-31,19:27:39,617.5
2256,200,102,1,380,0,UPI,2026-06-20,13:17:33,380.0
2257,168,120,1,120,0,UPI,2026-03-05,18:35:16,120.0
2258,349,117,4,130,5,UPI,2026-02-01,12:36:52,494.0
2259,2,108,4,695,0,Cash,2026-01-22,19:54:33,2780.0
2260,304,102,3,380,0,UPI,2026-03-22,12:43:51,1140.0
2261,261,123,1,420,0,UPI,2026-03-26,13:19:14,420.0
2262,79,104,2,390,0,UPI,2026-05-12,19:00:43,780.0
2263,400,112,3,240,0,UPI,2026-06-06,13:45:02,720.0
2264,430,104,1,390,0,UPI,2026-04-03,12:47:24,390.0
2265,91,101,1,695,0,UPI,2026-04-19,21:30:15,695.0
2266,493,102,2,380,0,UPI,2026-06-28,19:14:50,760.0
2267,102,122,2,320,0,UPI,2026-05-05,13:28:22,640.0
2268,357,128,1,150,0,Card,2026-06-11,13:44:11,150.0
2269,84,105,2,420,5,Cash,2026-06-13,19:18:07,798.0
2270,388,101,2,695,0,UPI,2026-03-23,18:13:08,1390.0
2271,138,118,1,150,0,Card,2026-06-29,14:47:28,150.0
2272,422,115,1,150,10,Cash,2026-01-20,19:26:32,135.0
2273,344,119,1,220,5,UPI,2026-01-01,18:54:04,209.0
2274,279,117,2,130,0,Card,2026-06-15,21:48:57,260.0
2275,382,124,2,180,5,UPI,2026-04-15,19:52:31,342.0
2276,433,102,1,380,0,UPI,2026-02-02,13:40:25,380.0
2277,155,126,1,60,0,UPI,2026-04-04,20:21:04,60.0
2278,481,123,2,420,0,UPI,2026-01-18,12:47:57,840.0
2279,382,129,2,180,5,UPI,2026-03-08,18:01:59,342.0
2280,468,111,3,320,5,UPI,2026-06-02,21:10:22,912.0
2281,429,127,1,90,15,UPI,2026-06-04,14:22:45,76.5
2282,271,101,1,695,0,UPI,2026-04-11,21:48:35,695.0
2283,210,103,2,320,0,UPI,2026-01-16,20:31:32,640.0
2284,435,120,2,120,5,UPI,2026-05-04,19:12:22,228.0
2285,288,116,1,120,0,Card,2026-02-17,18:07:31,120.0
2286,19,105,1,420,0,UPI,2026-05-26,19:33:17,420.0
2287,468,102,2,380,0,UPI,2026-04-03,21:43:50,760.0
2288,191,106,1,300,0,Card,2026-06-26,18:21:04,300.0
2289,334,113,2,220,0,Card,2026-03-24,12:00:17,440.0
2290,276,115,2,150,0,UPI,2026-02-05,13:55:27,300.0
2291,293,108,1,695,0,UPI,2026-05-26,19:04:13,695.0
2292,100,105,1,420,0,Cash,2026-02-23,13:02:17,420.0
2293,111,105,1,420,5,UPI,2026-03-05,19:48:09,399.0
2294,81,117,1,130,0,UPI,2026-04-17,14:01:47,130.0
2295,160,102,4,380,0,UPI,2026-05-09,18:38:36,1520.0
2296,289,103,1,320,0,UPI,2026-02-14,11:50:22,320.0
2297,94,117,2,130,0,UPI,2026-02-02,20:34:58,260.0
2298,342,120,2,120,0,Cash,2026-06-22,19:55:12,240.0
2299,109,117,1,130,0,Card,2026-05-06,14:15:32,130.0
2300,471,104,3,390,5,Card,2026-05-27,22:34:38,1111.5
2301,81,105,2,420,0,UPI,2026-06-16,13:20:27,840.0
2302,462,122,1,320,0,UPI,2026-03-16,12:50:56,320.0
2303,45,113,2,220,0,UPI,2026-04-03,12:20:00,440.0
2304,474,113,5,220,5,Card,2026-03-24,19:46:23,1045.0
2305,286,107,2,695,0,Cash,2026-01-18,13:15:56,1390.0
2306,373,118,1,150,0,Cash,2026-02-14,11:34:38,150.0
2307,462,104,4,390,0,UPI,2026-04-20,14:39:08,1560.0
2308,190,115,1,150,0,Card,2026-02-21,12:24:58,150.0
2309,270,105,2,420,5,UPI,2026-04-04,21:49:00,798.0
2310,237,115,3,150,0,UPI,2026-04-09,13:54:37,450.0
2311,417,104,2,390,10,Card,2026-06-15,18:31:57,702.0
2312,449,123,1,420,5,UPI,2026-06-17,19:48:02,399.0
2313,355,109,1,650,5,UPI,2026-04-21,18:25:36,617.5
2314,345,115,1,150,0,Card,2026-03-25,12:12:21,150.0
2315,5,106,1,300,0,Cash,2026-02-24,13:44:22,300.0
2316,207,113,1,220,5,UPI,2026-05-31,19:43:37,209.0
2317,162,108,1,695,0,UPI,2026-05-15,19:55:59,695.0
2318,480,103,2,320,5,Card,2026-01-31,12:48:01,608.0
2319,54,124,2,180,0,UPI,2026-04-06,21:24:40,360.0
2320,279,102,1,380,0,UPI,2026-05-20,19:57:36,380.0
2321,303,103,5,320,10,UPI,2026-04-20,20:55:11,1440.0
2322,140,106,2,300,15,Card,2026-01-29,18:14:34,510.0
2323,493,121,2,350,0,UPI,2026-01-17,14:57:47,700.0
2324,212,105,1,420,10,Card,2026-03-22,12:07:24,378.0
2325,348,119,1,220,0,UPI,2026-03-13,19:24:44,220.0
2326,318,102,1,380,0,UPI,2026-01-10,19:40:51,380.0
2327,267,121,3,350,5,UPI,2026-04-07,12:57:47,997.5
2328,145,119,2,220,0,UPI,2026-04-22,18:33:13,440.0
2329,108,122,5,320,0,Card,2026-06-21,14:05:06,1600.0
2330,4,120,1,120,0,Cash,2026-01-21,19:39:06,120.0
2331,345,104,1,390,0,Card,2026-01-31,19:20:10,390.0
2332,296,115,5,150,0,Card,2026-01-30,12:02:31,750.0
2333,137,105,1,420,0,UPI,2026-02-13,13:42:31,420.0
2334,353,116,2,120,0,UPI,2026-04-12,11:28:48,240.0
2335,408,110,2,280,0,UPI,2026-01-02,19:24:32,560.0
2336,268,107,3,695,15,UPI,2026-06-19,20:23:05,1772.25
2337,303,101,1,695,0,Card,2026-01-12,19:59:14,695.0
2338,333,105,4,420,5,UPI,2026-03-19,13:21:30,1596.0
2339,7,119,1,220,10,UPI,2026-04-13,22:47:07,198.0
2340,495,128,1,150,0,Card,2026-03-02,12:24:34,150.0
2341,185,102,1,380,5,UPI,2026-06-13,18:25:57,361.0
2342,497,113,2,220,0,Card,2026-02-01,12:45:56,440.0
2343,79,102,1,380,0,UPI,2026-04-10,21:55:29,380.0
2344,273,127,3,90,5,UPI,2026-04-21,20:10:23,256.5
2345,191,121,2,350,0,UPI,2026-04-06,21:00:21,700.0
2346,441,109,2,650,0,UPI,2026-04-29,14:03:59,1300.0
2347,44,105,1,420,0,Card,2026-05-27,19:40:39,420.0
2348,183,102,2,380,10,UPI,2026-01-08,14:18:14,684.0
2349,457,125,2,120,0,Card,2026-02-21,19:55:29,240.0
2350,319,122,1,320,5,Cash,2026-05-10,18:57:00,304.0
2351,348,128,2,150,15,Card,2026-04-12,19:17:12,255.0
2352,40,125,2,120,15,UPI,2026-03-14,13:12:07,204.0
2353,442,120,5,120,0,UPI,2026-06-17,20:21:49,600.0
2354,65,121,1,350,0,UPI,2026-02-15,19:20:45,350.0
2355,37,118,1,150,0,Cash,2026-02-27,18:48:47,150.0
2356,355,129,1,180,15,Card,2026-01-19,13:34:09,153.0
2357,465,115,1,150,0,Card,2026-06-13,19:37:30,150.0
2358,338,128,1,150,0,Cash,2026-03-20,13:49:53,150.0
2359,348,108,1,695,0,Card,2026-05-06,13:22:28,695.0
2360,58,126,2,60,0,Card,2026-02-11,18:17:43,120.0
2361,450,107,3,695,0,UPI,2026-04-19,12:56:12,2085.0
2362,171,114,1,180,0,Cash,2026-01-01,14:06:17,180.0
2363,242,112,2,240,0,UPI,2026-05-01,14:31:50,480.0
2364,19,126,1,60,15,Card,2026-05-21,18:03:24,51.0
2365,217,106,1,300,0,Cash,2026-05-13,14:55:33,300.0
2366,456,119,2,220,0,UPI,2026-05-18,13:27:20,440.0
2367,405,116,3,120,0,UPI,2026-04-14,20:05:36,360.0
2368,338,123,3,420,0,UPI,2026-06-24,18:45:05,1260.0
2369,494,105,1,420,0,Card,2026-05-28,19:50:45,420.0
2370,321,123,1,420,0,Card,2026-04-27,12:35:06,420.0
2371,459,119,2,220,5,Card,2026-04-12,21:11:47,418.0
2372,297,101,1,695,0,Card,2026-06-01,20:29:32,695.0
2373,19,102,2,380,0,Card,2026-03-18,19:13:16,760.0
2374,485,126,1,60,0,Card,2026-01-14,13:58:22,60.0
2375,345,104,2,390,0,Cash,2026-01-07,19:59:45,780.0
2376,95,125,3,120,5,UPI,2026-01-20,20:36:13,342.0
2377,322,111,1,320,0,UPI,2026-04-23,18:22:49,320.0
2378,53,107,1,695,0,Cash,2026-01-22,20:48:28,695.0
2379,448,121,1,350,0,UPI,2026-03-04,14:34:21,350.0
2380,267,120,1,120,0,UPI,2026-01-15,19:10:03,120.0
2381,28,123,3,420,0,Card,2026-03-06,19:42:14,1260.0
2382,268,118,1,150,0,Card,2026-03-19,19:09:56,150.0
2383,210,111,2,320,0,UPI,2026-04-13,14:23:37,640.0
2384,268,116,1,120,15,UPI,2026-02-18,19:18:16,102.0
2385,464,126,2,60,10,Cash,2026-02-20,18:09:27,108.0
2386,4,116,4,120,0,UPI,2026-06-08,13:11:00,480.0
2387,292,114,2,180,0,UPI,2026-01-12,20:01:17,360.0
2388,256,105,1,420,0,UPI,2026-01-21,19:24:21,420.0
2389,229,104,1,390,0,UPI,2026-05-25,13:29:05,390.0
2390,348,105,5,420,0,Cash,2026-04-26,13:25:18,2100.0
2391,242,104,1,390,0,Card,2026-02-18,13:06:31,390.0
2392,284,117,2,130,5,UPI,2026-04-19,20:32:19,247.0
2393,467,102,3,380,0,UPI,2026-03-12,19:04:48,1140.0
2394,418,114,4,180,0,Card,2026-02-06,18:08:55,720.0
2395,133,116,1,120,0,Cash,2026-01-12,14:03:05,120.0
2396,73,108,1,695,5,Cash,2026-02-28,13:11:11,660.25
2397,239,107,1,695,0,Card,2026-06-19,22:23:33,695.0
2398,283,105,2,420,10,UPI,2026-03-01,18:12:56,756.0
2399,102,101,1,695,0,UPI,2026-06-13,12:17:21,695.0
2400,317,106,2,300,10,Card,2026-05-26,11:03:03,540.0
2401,374,104,1,390,0,UPI,2026-01-25,20:52:19,390.0
2402,80,117,2,130,0,Card,2026-06-29,20:55:07,260.0
2403,460,119,2,220,10,Card,2026-02-28,13:10:48,396.0
2404,371,122,2,320,10,UPI,2026-04-22,11:35:27,576.0
2405,414,121,3,350,0,UPI,2026-02-19,12:57:03,1050.0
2406,71,119,1,220,5,Card,2026-04-18,12:31:02,209.0
2407,38,118,3,150,5,Cash,2026-02-15,13:06:19,427.5
2408,309,119,2,220,0,UPI,2026-01-12,11:07:00,440.0
2409,304,106,1,300,5,Card,2026-05-30,14:09:39,285.0
2410,20,105,1,420,5,Card,2026-05-18,18:28:08,399.0
2411,419,117,1,130,5,UPI,2026-06-22,11:11:18,123.5
2412,307,118,2,150,0,UPI,2026-02-18,13:35:55,300.0
2413,191,101,5,695,0,Card,2026-05-12,20:00:24,3475.0
2414,85,105,1,420,0,Card,2026-02-09,13:09:43,420.0
2415,148,108,1,695,0,UPI,2026-02-12,13:48:13,695.0
2416,146,116,3,120,10,UPI,2026-04-30,14:59:10,324.0
2417,44,113,1,220,0,Card,2026-06-15,19:51:51,220.0
2418,101,118,1,150,0,UPI,2026-05-15,18:56:34,150.0
2419,55,119,5,220,0,UPI,2026-04-28,13:30:21,1100.0
2420,464,105,1,420,0,Cash,2026-01-25,19:06:52,420.0
2421,179,123,2,420,0,Cash,2026-02-04,14:06:19,840.0
2422,176,114,1,180,15,Card,2026-04-04,12:37:06,153.0
2423,474,117,1,130,0,Card,2026-03-03,11:36:48,130.0
2424,225,128,1,150,0,UPI,2026-02-28,14:01:42,150.0
2425,376,119,3,220,5,UPI,2026-05-26,19:21:58,627.0
2426,6,115,1,150,5,Card,2026-04-22,19:47:53,142.5
2427,31,120,1,120,10,UPI,2026-06-30,21:51:01,108.0
2428,302,105,5,420,0,Cash,2026-05-28,20:44:29,2100.0
2429,309,115,1,150,0,UPI,2026-06-11,18:51:21,150.0
2430,374,129,2,180,0,UPI,2026-03-08,13:22:17,360.0
2431,284,121,1,350,10,UPI,2026-02-07,14:46:35,315.0
2432,351,116,2,120,0,UPI,2026-01-17,14:51:48,240.0
2433,209,101,2,695,0,Card,2026-03-21,19:06:36,1390.0
2434,114,121,1,350,5,UPI,2026-02-06,13:51:25,332.5
2435,116,119,3,220,0,Card,2026-04-30,11:04:20,660.0
2436,433,123,4,420,10,Card,2026-05-18,13:43:46,1512.0
2437,171,116,3,120,5,Cash,2026-05-07,20:06:45,342.0
2438,486,103,1,320,10,UPI,2026-02-14,13:05:30,288.0
2439,244,108,4,695,0,UPI,2026-04-20,12:04:24,2780.0
2440,114,118,1,150,15,UPI,2026-06-14,20:18:05,127.5
2441,95,125,1,120,0,UPI,2026-06-26,20:29:07,120.0
2442,46,116,2,120,0,UPI,2026-03-11,13:51:59,240.0
2443,283,117,1,130,0,UPI,2026-04-01,12:35:46,130.0
2444,432,106,1,300,0,UPI,2026-01-03,13:55:50,300.0
2445,377,105,1,420,5,Cash,2026-06-30,19:27:36,399.0
2446,167,119,2,220,5,UPI,2026-06-20,19:35:28,418.0
2447,354,106,1,300,0,Card,2026-04-18,13:01:38,300.0
2448,236,129,2,180,10,UPI,2026-06-15,13:28:15,324.0
2449,123,101,1,695,0,Card,2026-02-01,20:48:13,695.0
2450,465,115,1,150,0,UPI,2026-01-09,20:21:52,150.0
2451,109,123,1,420,15,Cash,2026-02-05,19:32:44,357.0
2452,350,126,1,60,5,Card,2026-02-28,20:52:22,57.0
2453,33,105,1,420,5,Card,2026-05-11,18:06:56,399.0
2454,288,128,2,150,0,UPI,2026-02-07,14:37:12,300.0
2455,194,101,3,695,10,Card,2026-04-19,20:02:48,1876.5
2456,126,130,2,220,0,Cash,2026-02-23,13:24:39,440.0
2457,152,105,5,420,0,Card,2026-06-13,19:53:46,2100.0
2458,92,124,2,180,0,UPI,2026-04-02,19:56:38,360.0
2459,311,107,1,695,0,Cash,2026-06-15,12:25:52,695.0
2460,204,101,3,695,10,UPI,2026-05-11,19:36:17,1876.5
2461,253,114,2,180,0,UPI,2026-06-15,14:36:40,360.0
2462,425,120,1,120,10,UPI,2026-02-20,14:12:41,108.0
2463,434,101,1,695,0,UPI,2026-06-04,18:26:51,695.0
2464,496,125,4,120,0,UPI,2026-01-14,19:39:44,480.0
2465,240,116,2,120,0,Cash,2026-01-10,12:59:29,240.0
2466,272,107,1,695,0,UPI,2026-05-02,18:59:13,695.0
2467,50,117,4,130,0,UPI,2026-04-24,18:46:18,520.0
2468,357,123,3,420,0,UPI,2026-03-12,19:13:55,1260.0
2469,305,101,2,695,0,UPI,2026-06-29,13:16:35,1390.0
2470,316,117,1,130,0,UPI,2026-02-04,19:54:15,130.0
2471,251,106,4,300,5,UPI,2026-03-31,19:56:25,1140.0
2472,212,101,1,695,5,Cash,2026-04-21,19:36:52,660.25
2473,224,107,4,695,5,UPI,2026-05-25,20:22:27,2641.0
2474,197,128,1,150,0,Card,2026-06-19,14:41:51,150.0
2475,292,110,2,280,0,UPI,2026-04-24,13:44:52,560.0
2476,62,103,1,320,0,Card,2026-01-25,18:40:01,320.0
2477,23,123,1,420,0,Card,2026-02-15,14:51:11,420.0
2478,167,118,1,150,0,UPI,2026-05-13,19:53:17,150.0
2479,428,123,2,420,0,Cash,2026-01-22,21:44:26,840.0
2480,214,102,1,380,5,Cash,2026-04-28,21:01:11,361.0
2481,215,101,2,695,0,UPI,2026-01-07,21:18:55,1390.0
2482,347,105,2,420,0,Cash,2026-01-08,20:14:24,840.0
2483,85,108,1,695,10,UPI,2026-04-30,13:59:34,625.5
2484,167,106,2,300,10,UPI,2026-02-01,13:45:29,540.0
2485,443,106,2,300,0,Cash,2026-06-25,13:10:24,600.0
2486,104,108,1,695,0,UPI,2026-06-17,20:26:38,695.0
2487,100,116,1,120,0,UPI,2026-01-11,20:43:53,120.0
2488,252,125,1,120,5,UPI,2026-02-18,12:54:59,114.0
2489,72,104,1,390,10,UPI,2026-06-28,11:35:44,351.0
2490,161,104,3,390,0,UPI,2026-05-09,18:19:43,1170.0
2491,339,115,1,150,0,Card,2026-05-05,12:02:05,150.0
2492,104,116,1,120,5,UPI,2026-04-05,20:18:55,114.0
2493,486,122,1,320,0,UPI,2026-01-03,21:22:50,320.0
2494,144,107,2,695,0,UPI,2026-03-17,20:58:54,1390.0
2495,304,122,2,320,0,Cash,2026-05-09,19:16:53,640.0
2496,172,126,1,60,10,UPI,2026-01-25,13:49:03,54.0
2497,5,116,1,120,0,Card,2026-06-15,19:03:05,120.0
2498,166,127,3,90,0,UPI,2026-01-13,19:35:55,270.0
2499,273,105,4,420,5,UPI,2026-05-09,20:58:26,1596.0
2500,6,101,1,695,15,UPI,2026-05-19,19:20:50,590.75
2501,228,107,2,695,0,UPI,2026-06-24,14:54:54,1390.0
2502,346,117,1,130,5,UPI,2026-04-30,20:57:56,123.5
2503,201,128,2,150,0,UPI,2026-06-15,13:43:30,300.0
2504,112,102,1,380,5,UPI,2026-04-18,12:12:09,361.0
2505,260,106,2,300,0,UPI,2026-01-14,19:46:20,600.0
2506,12,101,3,695,0,UPI,2026-03-04,18:33:04,2085.0
2507,432,105,1,420,0,Cash,2026-03-28,18:18:16,420.0
2508,55,115,1,150,0,UPI,2026-02-27,14:05:24,150.0
2509,75,101,3,695,0,UPI,2026-03-30,13:26:41,2085.0
2510,189,108,4,695,0,UPI,2026-05-29,19:09:51,2780.0
2511,222,123,2,420,0,UPI,2026-02-11,20:06:13,840.0
2512,275,126,4,60,10,UPI,2026-05-06,19:15:09,216.0
2513,425,111,3,320,10,UPI,2026-01-09,19:39:05,864.0
2514,182,105,2,420,5,Card,2026-02-27,12:59:14,798.0
2515,415,102,3,380,0,UPI,2026-04-21,12:21:37,1140.0
2516,401,118,1,150,5,UPI,2026-04-05,19:26:50,142.5
2517,274,126,3,60,0,Card,2026-05-28,20:53:42,180.0
2518,367,108,1,695,0,UPI,2026-03-14,19:40:57,695.0
2519,233,129,1,180,10,UPI,2026-06-27,21:42:11,162.0
2520,93,120,1,120,0,Cash,2026-04-05,21:59:20,120.0
2521,267,106,3,300,0,Card,2026-06-27,19:40:53,900.0
2522,457,107,2,695,10,Card,2026-06-19,13:34:55,1251.0
2523,393,111,4,320,0,Cash,2026-03-18,13:22:26,1280.0
2524,312,119,4,220,0,Cash,2026-03-30,13:49:06,880.0
2525,363,102,1,380,0,UPI,2026-01-29,13:39:24,380.0
2526,157,105,1,420,0,Card,2026-03-23,13:00:01,420.0
2527,6,113,1,220,0,UPI,2026-05-05,20:32:40,220.0
2528,441,105,1,420,0,UPI,2026-04-15,13:15:01,420.0
2529,218,117,2,130,0,UPI,2026-02-08,13:21:25,260.0
2530,499,124,2,180,0,UPI,2026-03-02,18:30:23,360.0
2531,361,125,1,120,10,UPI,2026-03-28,14:32:03,108.0
2532,343,122,2,320,0,UPI,2026-01-21,19:37:46,640.0
2533,147,115,1,150,0,Cash,2026-01-09,22:39:59,150.0
2534,368,124,5,180,0,Card,2026-06-21,18:26:28,900.0
2535,266,111,4,320,15,Card,2026-04-03,18:12:16,1088.0
2536,497,118,3,150,0,UPI,2026-04-14,20:53:13,450.0
2537,287,120,3,120,0,Card,2026-02-19,11:57:13,360.0
2538,182,126,2,60,0,Card,2026-02-24,13:04:41,120.0
2539,44,128,1,150,0,UPI,2026-06-03,18:45:55,150.0
2540,483,111,1,320,0,UPI,2026-03-03,13:27:46,320.0
2541,451,118,5,150,0,UPI,2026-05-07,19:35:29,750.0
2542,372,123,1,420,0,Card,2026-05-17,19:58:20,420.0
2543,85,127,1,90,0,Cash,2026-04-10,12:26:30,90.0
2544,148,105,1,420,0,Cash,2026-06-04,19:12:41,420.0
2545,207,124,1,180,5,UPI,2026-01-17,19:33:42,171.0
2546,113,108,2,695,0,Cash,2026-05-27,13:52:28,1390.0
2547,175,120,2,120,0,UPI,2026-03-30,20:50:58,240.0
2548,37,102,3,380,10,UPI,2026-02-28,14:59:46,1026.0
2549,49,128,1,150,0,Card,2026-04-21,20:35:53,150.0
2550,333,124,1,180,15,Card,2026-05-06,13:36:05,153.0
2551,158,103,3,320,0,UPI,2026-06-16,18:43:25,960.0
2552,315,127,1,90,0,Card,2026-05-09,13:09:36,90.0
2553,52,119,2,220,5,UPI,2026-02-07,21:38:38,418.0
2554,441,105,2,420,10,UPI,2026-01-19,13:29:37,756.0
2555,56,128,2,150,0,Card,2026-02-06,12:43:48,300.0
2556,199,102,2,380,5,UPI,2026-05-01,19:04:44,722.0
2557,88,129,1,180,10,UPI,2026-02-01,20:49:36,162.0
2558,322,119,4,220,15,UPI,2026-05-20,19:58:56,748.0
2559,156,116,2,120,0,UPI,2026-03-13,20:55:08,240.0
2560,330,109,1,650,0,Cash,2026-05-27,19:47:34,650.0
2561,195,124,1,180,0,Cash,2026-05-29,13:42:41,180.0
2562,162,118,3,150,5,UPI,2026-02-15,14:32:12,427.5
2563,474,110,2,280,5,Card,2026-05-15,11:54:55,532.0
2564,220,108,1,695,0,UPI,2026-04-24,12:59:02,695.0
2565,230,119,2,220,0,UPI,2026-05-25,20:11:50,440.0
2566,64,107,1,695,10,UPI,2026-05-31,20:40:31,625.5
2567,497,108,4,695,0,Cash,2026-02-02,19:36:08,2780.0
2568,482,116,1,120,0,UPI,2026-04-03,19:27:12,120.0
2569,401,106,1,300,15,Cash,2026-06-05,19:10:46,255.0
2570,407,125,1,120,10,Cash,2026-06-21,12:40:20,108.0
2571,370,113,2,220,0,Card,2026-01-05,13:19:02,440.0
2572,394,105,3,420,0,UPI,2026-02-27,19:10:10,1260.0
2573,238,120,2,120,0,UPI,2026-01-24,19:46:48,240.0
2574,222,111,3,320,10,UPI,2026-04-21,19:58:43,864.0
2575,264,108,1,695,0,UPI,2026-01-12,18:13:37,695.0
2576,476,113,1,220,0,UPI,2026-01-21,18:20:27,220.0
2577,372,120,1,120,0,Card,2026-04-19,13:36:26,120.0
2578,43,130,2,220,0,Card,2026-03-16,13:05:19,440.0
2579,227,109,5,650,0,Cash,2026-02-15,12:20:41,3250.0
2580,145,125,2,120,0,UPI,2026-06-16,11:16:39,240.0
2581,230,104,2,390,0,UPI,2026-05-20,13:53:23,780.0
2582,393,108,1,695,0,UPI,2026-02-06,13:34:47,695.0
2583,250,124,1,180,5,UPI,2026-04-04,14:42:43,171.0
2584,149,120,2,120,0,Cash,2026-04-18,19:37:45,240.0
2585,461,119,1,220,0,Card,2026-01-15,13:40:39,220.0
2586,241,104,1,390,0,UPI,2026-04-02,13:23:10,390.0
2587,376,122,2,320,0,Cash,2026-03-28,13:46:23,640.0
2588,316,105,2,420,0,UPI,2026-04-09,22:21:51,840.0
2589,162,102,2,380,10,UPI,2026-01-24,14:12:46,684.0
2590,259,129,1,180,0,UPI,2026-01-07,13:57:09,180.0
2591,325,123,3,420,15,Cash,2026-04-30,19:27:38,1071.0
2592,193,105,1,420,0,UPI,2026-04-09,13:27:40,420.0
2593,53,102,1,380,0,UPI,2026-06-09,13:13:07,380.0
2594,429,107,1,695,0,Cash,2026-01-02,18:17:10,695.0
2595,80,107,1,695,5,UPI,2026-03-22,21:34:28,660.25
2596,341,102,2,380,0,UPI,2026-03-19,19:59:50,760.0
2597,355,101,3,695,0,Cash,2026-02-20,19:13:19,2085.0
2598,63,124,4,180,0,Card,2026-04-27,13:05:32,720.0
2599,286,129,3,180,0,Cash,2026-04-01,20:59:18,540.0
2600,216,117,2,130,10,Cash,2026-01-23,20:38:24,234.0
2601,437,107,2,695,0,UPI,2026-01-19,18:08:07,1390.0
2602,482,119,1,220,0,Card,2026-02-06,11:42:47,220.0
2603,352,108,1,695,0,Card,2026-04-16,12:46:55,695.0
2604,406,114,1,180,5,UPI,2026-05-14,20:00:11,171.0
2605,179,116,1,120,0,UPI,2026-02-06,11:41:46,120.0
2606,35,116,2,120,0,Card,2026-01-30,19:58:14,240.0
2607,68,104,3,390,5,UPI,2026-02-19,12:44:53,1111.5
2608,51,120,1,120,0,UPI,2026-04-24,19:54:38,120.0
2609,72,103,1,320,0,UPI,2026-04-26,12:08:20,320.0
2610,341,120,1,120,0,UPI,2026-02-20,11:10:09,120.0
2611,123,107,1,695,5,Card,2026-06-25,12:10:47,660.25
2612,162,107,3,695,0,Card,2026-02-22,13:29:04,2085.0
2613,308,111,3,320,5,Cash,2026-04-11,21:48:27,912.0
2614,478,113,2,220,0,Cash,2026-06-05,12:48:10,440.0
2615,276,129,2,180,0,Card,2026-01-10,14:21:02,360.0
2616,291,120,2,120,15,UPI,2026-04-21,20:52:52,204.0
2617,133,115,2,150,0,UPI,2026-01-03,19:14:47,300.0
2618,192,119,1,220,0,UPI,2026-05-16,13:03:00,220.0
2619,224,107,2,695,0,UPI,2026-04-07,14:13:59,1390.0
2620,241,125,1,120,0,UPI,2026-05-09,13:57:20,120.0
2621,175,114,1,180,15,UPI,2026-04-09,11:04:59,153.0
2622,330,101,1,695,15,Card,2026-06-15,14:50:38,590.75
2623,111,128,2,150,0,Card,2026-05-11,12:24:47,300.0
2624,392,105,3,420,5,UPI,2026-03-31,13:24:07,1197.0
2625,158,103,1,320,0,Card,2026-02-22,19:00:39,320.0
2626,238,126,1,60,0,UPI,2026-06-03,20:49:02,60.0
2627,10,125,1,120,0,UPI,2026-01-26,20:52:52,120.0
2628,111,102,1,380,0,Card,2026-02-09,13:07:49,380.0
2629,457,130,1,220,15,UPI,2026-02-03,13:39:13,187.0
2630,256,104,2,390,0,UPI,2026-05-09,12:39:34,780.0
2631,12,120,2,120,0,Card,2026-04-06,11:01:47,240.0
2632,342,105,1,420,0,UPI,2026-03-14,14:53:33,420.0
2633,395,119,1,220,0,Cash,2026-04-01,13:34:58,220.0
2634,461,103,4,320,0,UPI,2026-01-28,13:56:54,1280.0
2635,291,103,2,320,0,UPI,2026-01-17,18:22:41,640.0
2636,115,104,2,390,10,Card,2026-06-14,19:29:28,702.0
2637,359,111,1,320,0,Cash,2026-04-26,19:37:36,320.0
2638,148,104,1,390,15,UPI,2026-02-11,13:14:52,331.5
2639,457,103,1,320,5,UPI,2026-02-20,19:19:03,304.0
2640,172,107,1,695,0,UPI,2026-02-27,18:46:16,695.0
2641,473,116,2,120,5,Cash,2026-04-16,13:43:08,228.0
2642,353,104,1,390,0,Cash,2026-01-24,11:28:59,390.0
2643,53,126,3,60,0,Card,2026-05-17,11:17:29,180.0
2644,229,118,2,150,5,Card,2026-04-01,13:45:51,285.0
2645,210,118,2,150,0,UPI,2026-02-09,19:37:33,300.0
2646,187,102,1,380,15,UPI,2026-01-11,19:25:07,323.0
2647,273,102,1,380,10,Card,2026-03-23,19:36:07,342.0
2648,215,122,4,320,0,UPI,2026-01-08,18:41:55,1280.0
2649,375,117,1,130,15,Card,2026-03-06,13:22:22,110.5
2650,266,103,1,320,10,UPI,2026-03-06,19:19:44,288.0
2651,129,102,1,380,0,UPI,2026-03-02,13:53:52,380.0
2652,461,112,2,240,0,UPI,2026-02-21,21:45:42,480.0
2653,169,127,3,90,0,UPI,2026-05-06,14:29:31,270.0
2654,276,101,1,695,5,UPI,2026-05-25,21:10:43,660.25
2655,476,102,3,380,0,UPI,2026-06-08,13:21:10,1140.0
2656,419,116,3,120,0,UPI,2026-03-31,13:28:08,360.0
2657,99,103,2,320,0,Card,2026-03-30,19:23:15,640.0
2658,206,129,1,180,5,UPI,2026-06-27,13:10:59,171.0
2659,348,108,2,695,0,Cash,2026-01-15,21:24:10,1390.0
2660,321,104,3,390,0,UPI,2026-05-10,13:36:00,1170.0
2661,8,105,1,420,5,Card,2026-02-13,12:00:37,399.0
2662,132,106,1,300,0,Card,2026-02-28,11:31:33,300.0
2663,183,126,2,60,0,Card,2026-02-17,20:08:16,120.0
2664,300,120,1,120,0,Cash,2026-05-17,13:05:56,120.0
2665,181,102,2,380,0,UPI,2026-01-21,11:05:10,760.0
2666,144,110,1,280,15,Card,2026-06-02,19:29:55,238.0
2667,165,129,2,180,0,Card,2026-06-21,18:27:33,360.0
2668,125,121,2,350,15,UPI,2026-04-06,13:05:47,595.0
2669,152,105,4,420,0,UPI,2026-06-02,12:19:08,1680.0
2670,43,109,1,650,0,Card,2026-01-11,14:47:46,650.0
2671,257,103,1,320,0,Cash,2026-01-19,20:19:37,320.0
2672,426,123,1,420,0,Card,2026-04-17,21:39:44,420.0
2673,384,111,4,320,0,Cash,2026-03-21,20:32:43,1280.0
2674,134,121,1,350,0,Card,2026-03-22,19:09:02,350.0
2675,31,102,2,380,5,UPI,2026-03-17,13:07:06,722.0
2676,6,106,4,300,0,Cash,2026-06-30,13:53:12,1200.0
2677,43,122,3,320,0,Cash,2026-04-07,13:48:02,960.0
2678,452,118,4,150,0,Cash,2026-01-09,21:44:22,600.0
2679,181,101,2,695,5,UPI,2026-04-06,18:12:15,1320.5
2680,413,116,3,120,0,Card,2026-02-25,12:40:07,360.0
2681,124,106,2,300,0,Card,2026-01-04,13:09:25,600.0
2682,144,102,1,380,0,Card,2026-03-04,22:51:53,380.0
2683,271,112,1,240,0,Card,2026-04-13,14:42:21,240.0
2684,308,125,1,120,0,Card,2026-06-28,20:14:56,120.0
2685,371,126,4,60,5,Card,2026-04-04,19:20:00,228.0
2686,463,105,2,420,0,Cash,2026-06-10,13:08:58,840.0
2687,297,127,2,90,0,UPI,2026-03-17,13:23:31,180.0
2688,349,120,1,120,15,Cash,2026-01-14,21:48:59,102.0
2689,215,122,1,320,10,Card,2026-03-23,13:21:28,288.0
2690,459,129,1,180,5,Cash,2026-05-25,13:21:13,171.0
2691,199,103,2,320,0,Card,2026-06-25,19:44:38,640.0
2692,296,101,1,695,0,UPI,2026-06-21,13:08:56,695.0
2693,437,123,3,420,0,UPI,2026-06-13,13:02:49,1260.0
2694,414,127,2,90,5,UPI,2026-03-05,12:01:20,171.0
2695,451,114,1,180,0,UPI,2026-02-20,14:34:47,180.0
2696,20,103,3,320,5,UPI,2026-02-07,19:27:04,912.0
2697,334,106,2,300,5,UPI,2026-01-29,12:13:46,570.0
2698,131,109,3,650,0,UPI,2026-05-13,13:18:43,1950.0
2699,175,117,2,130,0,Cash,2026-01-25,13:23:54,260.0
2700,188,119,1,220,0,UPI,2026-03-27,20:18:23,220.0
2701,80,106,1,300,0,UPI,2026-06-21,13:20:04,300.0
2702,477,106,2,300,0,Card,2026-03-24,19:25:50,600.0
2703,303,103,1,320,0,Card,2026-01-31,19:49:10,320.0
2704,496,122,1,320,10,UPI,2026-01-21,14:53:53,288.0
2705,474,104,1,390,0,UPI,2026-01-07,12:45:11,390.0
2706,414,106,1,300,0,Card,2026-03-20,21:24:55,300.0
2707,433,107,1,695,15,UPI,2026-01-11,11:42:44,590.75
2708,244,104,1,390,0,Cash,2026-01-13,21:08:10,390.0
2709,424,107,1,695,0,Card,2026-02-06,11:57:00,695.0
2710,31,101,1,695,0,UPI,2026-06-10,20:03:53,695.0
2711,244,118,1,150,0,UPI,2026-01-25,13:00:09,150.0
2712,27,107,3,695,0,Card,2026-03-25,19:49:31,2085.0
2713,367,126,1,60,0,Cash,2026-05-14,12:46:58,60.0
2714,34,125,2,120,0,Card,2026-01-16,12:44:41,240.0
2715,484,106,3,300,10,UPI,2026-05-27,19:26:56,810.0
2716,89,115,2,150,0,Cash,2026-06-08,11:54:33,300.0
2717,150,120,3,120,10,UPI,2026-03-13,12:52:06,324.0
2718,147,128,2,150,0,UPI,2026-03-18,11:33:18,300.0
2719,443,106,3,300,0,UPI,2026-04-01,19:45:16,900.0
2720,102,101,3,695,0,UPI,2026-01-10,21:54:41,2085.0
2721,252,101,1,695,0,UPI,2026-04-02,13:09:38,695.0
2722,177,101,5,695,0,UPI,2026-06-15,13:52:59,3475.0
2723,33,108,2,695,0,Card,2026-01-04,19:17:51,1390.0
2724,85,126,1,60,0,Cash,2026-04-21,19:39:33,60.0
2725,256,109,2,650,10,UPI,2026-04-21,18:34:22,1170.0
2726,273,114,2,180,5,Card,2026-06-08,12:00:23,342.0
2727,349,128,1,150,10,Card,2026-04-07,12:09:11,135.0
2728,345,113,2,220,10,Cash,2026-03-04,13:03:51,396.0
2729,373,130,3,220,0,UPI,2026-02-26,18:05:02,660.0
2730,210,111,4,320,0,UPI,2026-05-30,12:07:15,1280.0
2731,294,101,1,695,0,UPI,2026-05-27,19:01:55,695.0
2732,343,103,1,320,0,Cash,2026-06-19,20:31:39,320.0
2733,256,107,1,695,10,Card,2026-04-27,18:42:09,625.5
2734,108,119,5,220,0,UPI,2026-03-21,13:41:46,1100.0
2735,253,104,1,390,0,Card,2026-06-23,21:32:26,390.0
2736,385,123,1,420,0,Card,2026-02-18,13:50:25,420.0
2737,463,124,3,180,0,UPI,2026-01-13,13:14:42,540.0
2738,378,128,1,150,0,Cash,2026-03-23,20:59:28,150.0
2739,427,119,2,220,0,UPI,2026-06-20,19:50:47,440.0
2740,150,120,1,120,0,UPI,2026-06-22,12:06:23,120.0
2741,110,125,2,120,0,UPI,2026-02-22,13:28:25,240.0
2742,97,116,1,120,0,Card,2026-01-12,12:03:49,120.0
2743,246,101,1,695,0,UPI,2026-02-28,13:23:24,695.0
2744,19,101,1,695,5,Cash,2026-02-18,20:07:28,660.25
2745,185,103,1,320,0,Card,2026-02-08,20:47:36,320.0
2746,39,128,1,150,0,UPI,2026-06-01,18:41:14,150.0
2747,276,103,1,320,5,Cash,2026-03-27,13:33:05,304.0
2748,471,118,1,150,0,UPI,2026-02-02,13:55:34,150.0
2749,113,101,2,695,0,UPI,2026-03-15,19:51:26,1390.0
2750,396,118,2,150,0,UPI,2026-01-17,19:24:27,300.0
2751,256,102,1,380,5,Card,2026-04-14,14:10:15,361.0
2752,223,117,2,130,10,UPI,2026-03-21,19:21:06,234.0
2753,69,130,4,220,0,Card,2026-05-27,12:26:42,880.0
2754,408,119,1,220,0,UPI,2026-02-09,12:30:48,220.0
2755,196,120,1,120,15,Cash,2026-02-22,13:24:27,102.0
2756,197,109,1,650,0,Card,2026-05-29,20:26:52,650.0
2757,434,113,1,220,0,UPI,2026-04-04,13:57:52,220.0
2758,219,130,1,220,0,UPI,2026-01-29,19:07:07,220.0
2759,392,116,1,120,0,Card,2026-05-04,11:35:54,120.0
2760,434,116,2,120,5,Cash,2026-06-19,19:25:12,228.0
2761,415,107,1,695,10,UPI,2026-06-19,14:34:21,625.5
2762,237,115,4,150,0,Cash,2026-04-02,20:50:37,600.0
2763,331,128,1,150,0,UPI,2026-04-30,13:47:42,150.0
2764,178,103,1,320,0,UPI,2026-03-05,13:28:19,320.0
2765,308,101,4,695,0,Cash,2026-05-20,13:15:55,2780.0
2766,328,109,1,650,5,UPI,2026-02-23,22:37:14,617.5
2767,17,126,1,60,15,Cash,2026-01-29,11:51:12,51.0
2768,79,116,1,120,0,UPI,2026-03-16,13:29:19,120.0
2769,492,107,1,695,0,UPI,2026-04-27,19:40:40,695.0
2770,452,118,1,150,0,UPI,2026-06-09,19:43:30,150.0
2771,29,105,2,420,0,UPI,2026-02-04,12:22:54,840.0
2772,153,128,2,150,5,Card,2026-05-26,12:07:53,285.0
2773,220,102,1,380,0,Card,2026-04-09,12:52:07,380.0
2774,20,103,3,320,0,Card,2026-01-29,12:08:21,960.0
2775,251,103,1,320,10,Card,2026-01-06,13:05:12,288.0
2776,34,118,1,150,5,Cash,2026-04-22,13:50:23,142.5
2777,76,116,1,120,0,UPI,2026-05-30,18:13:34,120.0
2778,36,105,2,420,0,UPI,2026-01-14,18:07:13,840.0
2779,403,128,2,150,0,UPI,2026-06-02,13:08:44,300.0
2780,135,102,2,380,0,Card,2026-06-06,14:00:16,760.0
2781,279,104,1,390,0,UPI,2026-03-07,11:07:32,390.0
2782,171,101,4,695,0,Card,2026-05-23,13:06:29,2780.0
2783,145,116,2,120,0,UPI,2026-04-04,21:38:55,240.0
2784,157,101,2,695,0,UPI,2026-01-11,12:02:58,1390.0
2785,73,123,3,420,0,Card,2026-04-27,13:52:24,1260.0
2786,70,116,2,120,15,UPI,2026-02-17,12:48:32,204.0
2787,346,126,2,60,5,UPI,2026-03-22,12:38:20,114.0
2788,218,109,1,650,0,Card,2026-03-13,14:04:22,650.0
2789,323,129,4,180,0,UPI,2026-02-16,19:18:12,720.0
2790,197,128,1,150,0,Card,2026-06-09,13:44:23,150.0
2791,77,120,2,120,15,UPI,2026-05-27,19:17:39,204.0
2792,255,103,1,320,0,UPI,2026-03-04,11:12:32,320.0
2793,203,101,4,695,0,Card,2026-01-14,20:28:18,2780.0
2794,244,109,2,650,0,Card,2026-03-14,18:29:21,1300.0
2795,371,101,3,695,0,Cash,2026-03-24,14:11:58,2085.0
2796,20,119,1,220,0,UPI,2026-06-02,14:04:40,220.0
2797,241,101,2,695,0,Cash,2026-04-19,19:53:49,1390.0
2798,313,115,2,150,5,UPI,2026-05-05,13:15:18,285.0
2799,228,109,1,650,5,Card,2026-02-19,12:47:15,617.5
2800,43,113,3,220,0,UPI,2026-01-23,21:34:21,660.0
2801,256,109,1,650,0,Card,2026-06-02,13:30:44,650.0
2802,454,119,1,220,5,Card,2026-01-12,11:16:41,209.0
2803,496,106,1,300,0,UPI,2026-03-16,20:56:21,300.0
2804,492,105,2,420,0,Cash,2026-01-05,12:06:28,840.0
2805,155,105,2,420,0,Card,2026-01-28,12:03:20,840.0
2806,28,108,2,695,0,Cash,2026-06-23,11:39:32,1390.0
2807,348,101,1,695,10,UPI,2026-01-23,18:04:06,625.5
2808,350,101,1,695,0,UPI,2026-02-09,11:57:15,695.0
2809,88,103,1,320,0,Card,2026-04-20,13:39:21,320.0
2810,381,105,1,420,0,Card,2026-02-28,14:28:35,420.0
2811,169,114,2,180,5,Cash,2026-02-22,12:49:01,342.0
2812,339,119,2,220,0,Card,2026-06-06,19:02:39,440.0
2813,25,115,1,150,10,Card,2026-04-21,20:22:51,135.0
2814,122,117,1,130,0,UPI,2026-05-18,13:36:53,130.0
2815,500,129,1,180,0,UPI,2026-04-13,12:03:58,180.0
2816,205,115,2,150,0,UPI,2026-06-26,20:47:55,300.0
2817,326,126,2,60,0,Cash,2026-02-10,19:22:21,120.0
2818,253,103,3,320,5,Card,2026-02-06,13:23:03,912.0
2819,245,125,3,120,0,UPI,2026-03-07,14:39:55,360.0
2820,188,102,2,380,10,Card,2026-03-31,12:53:40,684.0
2821,343,111,1,320,0,Cash,2026-02-28,19:42:29,320.0
2822,409,102,3,380,15,UPI,2026-02-21,20:31:17,969.0
2823,403,108,1,695,15,UPI,2026-04-28,21:59:00,590.75
2824,53,109,3,650,0,UPI,2026-04-08,19:14:29,1950.0
2825,392,120,1,120,0,Card,2026-01-24,14:26:24,120.0
2826,279,107,1,695,0,Cash,2026-04-11,18:01:21,695.0
2827,14,125,1,120,0,UPI,2026-03-31,13:36:11,120.0
2828,388,121,3,350,0,UPI,2026-01-03,19:19:12,1050.0
2829,440,103,2,320,10,UPI,2026-06-10,13:20:19,576.0
2830,169,108,1,695,0,Card,2026-05-15,13:15:17,695.0
2831,17,109,2,650,0,UPI,2026-05-15,20:08:35,1300.0
2832,370,128,1,150,5,UPI,2026-04-12,13:06:06,142.5
2833,405,111,1,320,0,UPI,2026-06-10,21:24:40,320.0
2834,176,107,2,695,0,UPI,2026-01-15,14:09:12,1390.0
2835,196,120,2,120,0,UPI,2026-06-13,14:36:54,240.0
2836,180,119,2,220,0,UPI,2026-06-30,18:56:18,440.0
2837,81,128,2,150,0,Cash,2026-02-11,13:55:26,300.0
2838,213,116,1,120,10,UPI,2026-02-01,13:28:34,108.0
2839,327,117,2,130,0,UPI,2026-04-24,12:40:54,260.0
2840,98,105,3,420,0,Card,2026-02-24,14:47:06,1260.0
2841,314,101,2,695,0,Card,2026-02-19,12:17:33,1390.0
2842,48,108,4,695,5,Cash,2026-03-13,18:20:10,2641.0
2843,31,103,3,320,0,UPI,2026-06-02,18:33:01,960.0
2844,131,121,2,350,5,Card,2026-06-01,12:14:40,665.0
2845,37,129,1,180,0,Card,2026-04-01,13:26:17,180.0
2846,115,107,2,695,0,UPI,2026-01-16,12:11:29,1390.0
2847,242,101,2,695,0,UPI,2026-03-11,12:09:22,1390.0
2848,348,105,2,420,5,UPI,2026-05-12,11:09:11,798.0
2849,324,129,2,180,5,UPI,2026-05-12,19:20:20,342.0
2850,72,109,1,650,15,UPI,2026-06-09,20:58:57,552.5
2851,430,107,1,695,5,UPI,2026-03-14,12:51:05,660.25
2852,68,109,2,650,0,UPI,2026-04-23,21:59:43,1300.0
2853,9,103,1,320,0,Card,2026-03-12,14:01:04,320.0
2854,374,125,1,120,10,UPI,2026-02-19,13:13:10,108.0
2855,397,120,1,120,0,UPI,2026-03-06,12:18:29,120.0
2856,468,130,1,220,0,Card,2026-04-14,21:06:30,220.0
2857,472,126,4,60,0,Card,2026-02-24,13:54:23,240.0
2858,230,101,2,695,0,UPI,2026-04-23,19:47:46,1390.0
2859,110,109,1,650,0,UPI,2026-02-07,21:51:12,650.0
2860,269,115,2,150,5,UPI,2026-06-02,12:01:48,285.0
2861,478,113,1,220,15,Cash,2026-05-04,12:01:02,187.0
2862,393,117,2,130,5,Card,2026-03-28,20:48:40,247.0
2863,236,102,2,380,5,Card,2026-02-03,19:20:45,722.0
2864,8,110,3,280,0,Card,2026-04-17,13:26:53,840.0
2865,313,128,3,150,0,Cash,2026-02-17,13:01:49,450.0
2866,84,124,2,180,0,UPI,2026-05-29,19:57:25,360.0
2867,60,126,5,60,0,UPI,2026-04-12,14:46:26,300.0
2868,407,103,1,320,5,UPI,2026-02-08,12:10:47,304.0
2869,76,106,1,300,0,UPI,2026-05-30,13:16:03,300.0
2870,12,119,4,220,0,Cash,2026-03-15,12:57:10,880.0
2871,142,104,2,390,0,Cash,2026-03-11,20:49:00,780.0
2872,107,103,3,320,10,UPI,2026-05-29,21:22:54,864.0
2873,468,113,4,220,0,Card,2026-01-27,19:15:13,880.0
2874,435,108,2,695,5,UPI,2026-04-03,12:20:36,1320.5
2875,119,104,2,390,0,UPI,2026-01-31,13:41:05,780.0
2876,294,125,1,120,0,Cash,2026-06-23,13:22:36,120.0
2877,460,122,1,320,0,UPI,2026-05-31,19:09:55,320.0
2878,25,107,1,695,0,Card,2026-03-05,13:22:39,695.0
2879,249,111,2,320,15,UPI,2026-02-07,22:42:27,544.0
2880,53,107,2,695,0,UPI,2026-01-11,20:50:35,1390.0
2881,166,114,2,180,10,UPI,2026-01-19,19:21:40,324.0
2882,312,129,2,180,10,UPI,2026-06-02,19:57:14,324.0
2883,299,114,2,180,0,Card,2026-06-27,12:01:10,360.0
2884,384,129,1,180,0,UPI,2026-02-17,18:37:52,180.0
2885,242,109,1,650,0,Cash,2026-02-23,18:22:39,650.0
2886,209,123,2,420,0,UPI,2026-06-16,19:54:37,840.0
2887,120,113,1,220,0,Card,2026-04-28,12:56:59,220.0
2888,187,117,1,130,0,UPI,2026-06-23,18:29:30,130.0
2889,119,117,1,130,5,UPI,2026-05-21,12:49:00,123.5
2890,347,123,1,420,0,Cash,2026-06-08,19:51:13,420.0
2891,319,111,1,320,10,UPI,2026-06-26,20:24:12,288.0
2892,249,127,2,90,0,UPI,2026-05-25,22:48:49,180.0
2893,16,106,1,300,15,Card,2026-01-29,12:24:43,255.0
2894,236,111,2,320,0,UPI,2026-01-11,19:28:58,640.0
2895,246,120,4,120,10,UPI,2026-01-05,19:13:17,432.0
2896,124,105,2,420,0,UPI,2026-03-31,14:50:59,840.0
2897,176,111,2,320,10,Cash,2026-06-10,18:28:48,576.0
2898,302,117,3,130,0,Card,2026-06-13,13:49:10,390.0
2899,283,113,2,220,5,UPI,2026-05-22,18:59:41,418.0
2900,410,110,1,280,10,Card,2026-04-19,14:05:49,252.0
2901,155,106,4,300,0,UPI,2026-01-27,20:08:00,1200.0
2902,139,102,1,380,0,UPI,2026-03-15,12:31:01,380.0
2903,443,105,3,420,0,UPI,2026-03-17,19:15:46,1260.0
2904,80,121,2,350,0,UPI,2026-05-03,21:35:12,700.0
2905,408,113,1,220,0,UPI,2026-02-09,12:18:51,220.0
2906,443,102,1,380,5,Cash,2026-03-19,12:39:14,361.0
2907,351,104,3,390,5,UPI,2026-03-19,13:58:12,1111.5
2908,465,120,2,120,5,UPI,2026-05-06,11:57:40,228.0
2909,403,105,2,420,0,Card,2026-04-21,13:23:33,840.0
2910,16,129,1,180,0,UPI,2026-03-23,14:47:55,180.0
2911,134,125,1,120,0,UPI,2026-02-09,19:21:47,120.0
2912,363,107,1,695,0,UPI,2026-04-18,14:54:05,695.0
2913,298,129,1,180,0,Card,2026-01-30,13:12:09,180.0
2914,271,102,1,380,15,UPI,2026-06-17,19:35:19,323.0
2915,114,119,1,220,5,UPI,2026-02-16,13:26:32,209.0
2916,285,117,1,130,0,Cash,2026-02-25,12:04:02,130.0
2917,348,127,2,90,0,Card,2026-06-05,22:59:49,180.0
2918,299,103,1,320,15,UPI,2026-01-04,20:18:21,272.0
2919,367,119,1,220,10,Card,2026-05-12,12:19:53,198.0
2920,43,102,3,380,0,Cash,2026-06-18,12:40:03,1140.0
2921,223,120,1,120,0,UPI,2026-05-31,19:44:08,120.0
2922,460,118,2,150,0,UPI,2026-01-30,14:18:35,300.0
2923,141,121,2,350,5,UPI,2026-02-19,14:05:52,665.0
2924,340,103,1,320,5,UPI,2026-04-26,21:44:55,304.0
2925,116,121,1,350,5,UPI,2026-01-10,20:06:11,332.5
2926,263,107,2,695,0,UPI,2026-01-12,19:59:03,1390.0
2927,268,106,1,300,5,UPI,2026-04-13,22:57:25,285.0
2928,23,101,2,695,0,Card,2026-06-13,21:14:43,1390.0
2929,371,127,2,90,0,UPI,2026-06-07,20:08:20,180.0
2930,386,104,1,390,10,UPI,2026-03-19,13:28:01,351.0
2931,178,109,1,650,0,Card,2026-01-07,20:47:31,650.0
2932,176,118,2,150,0,UPI,2026-02-05,19:17:23,300.0
2933,343,105,2,420,0,UPI,2026-06-18,13:03:37,840.0
2934,199,128,1,150,0,UPI,2026-06-14,13:24:25,150.0
2935,359,127,3,90,0,UPI,2026-05-14,18:13:18,270.0
2936,256,102,3,380,0,UPI,2026-01-04,19:41:55,1140.0
2937,342,112,2,240,0,UPI,2026-04-28,19:43:34,480.0
2938,464,115,3,150,0,UPI,2026-06-23,12:30:49,450.0
2939,323,105,5,420,10,Card,2026-05-06,13:51:15,1890.0
2940,215,128,2,150,0,UPI,2026-01-17,13:16:39,300.0
2941,48,102,1,380,0,Cash,2026-03-19,12:18:47,380.0
2942,223,110,2,280,0,Card,2026-06-08,14:01:43,560.0
2943,313,104,1,390,0,UPI,2026-02-02,19:39:46,390.0
2944,270,105,3,420,10,UPI,2026-04-17,19:14:05,1134.0
2945,270,105,2,420,0,UPI,2026-04-08,19:19:14,840.0
2946,453,114,1,180,10,Card,2026-03-25,11:26:31,162.0
2947,8,112,1,240,5,UPI,2026-02-09,20:20:58,228.0
2948,305,108,1,695,15,UPI,2026-06-09,19:16:00,590.75
2949,191,105,1,420,0,UPI,2026-01-27,19:28:46,420.0
2950,428,116,4,120,10,Cash,2026-05-05,12:37:18,432.0
2951,239,107,1,695,0,UPI,2026-06-10,13:11:31,695.0
2952,242,105,1,420,10,UPI,2026-05-18,18:47:00,378.0
2953,222,128,2,150,0,UPI,2026-02-24,21:11:58,300.0
2954,238,123,2,420,0,UPI,2026-01-02,14:20:05,840.0
2955,239,123,2,420,0,UPI,2026-05-09,14:27:12,840.0
2956,421,106,1,300,0,Cash,2026-05-21,19:47:32,300.0
2957,315,106,2,300,0,Card,2026-03-29,14:27:42,600.0
2958,492,111,2,320,0,Card,2026-02-05,12:24:25,640.0
2959,306,102,2,380,0,Cash,2026-02-18,21:27:57,760.0
2960,297,107,1,695,0,Card,2026-04-09,13:37:57,695.0
2961,252,104,1,390,0,UPI,2026-05-02,11:19:41,390.0
2962,117,122,1,320,0,UPI,2026-06-05,20:03:20,320.0
2963,121,118,1,150,0,UPI,2026-03-22,11:24:32,150.0
2964,353,101,1,695,0,UPI,2026-04-03,19:07:03,695.0
2965,121,103,2,320,5,UPI,2026-01-15,14:06:06,608.0
2966,433,104,2,390,10,UPI,2026-01-29,13:01:16,702.0
2967,457,101,1,695,10,UPI,2026-05-03,18:54:28,625.5
2968,197,103,1,320,15,UPI,2026-06-04,13:56:06,272.0
2969,301,129,1,180,5,Cash,2026-04-28,22:16:23,171.0
2970,500,118,1,150,0,Cash,2026-04-03,19:13:12,150.0
2971,136,108,1,695,5,Card,2026-02-24,19:46:15,660.25
2972,390,106,2,300,0,UPI,2026-05-04,13:33:25,600.0
2973,170,128,2,150,0,UPI,2026-06-29,13:28:03,300.0
2974,346,107,3,695,0,UPI,2026-04-14,12:58:15,2085.0
2975,337,117,1,130,15,UPI,2026-03-08,20:30:26,110.5
2976,464,130,2,220,0,Cash,2026-05-24,19:17:31,440.0
2977,369,104,1,390,0,UPI,2026-05-09,11:09:10,390.0
2978,300,105,2,420,0,UPI,2026-05-25,19:24:54,840.0
2979,496,118,1,150,5,UPI,2026-02-14,21:17:35,142.5
2980,25,119,2,220,10,UPI,2026-04-18,19:41:57,396.0
2981,407,101,1,695,0,Card,2026-05-08,18:33:19,695.0
2982,399,123,1,420,15,UPI,2026-01-25,13:45:30,357.0
2983,439,121,1,350,0,UPI,2026-06-28,14:22:54,350.0
2984,200,107,1,695,0,Card,2026-03-20,14:16:23,695.0
2985,94,102,1,380,0,Card,2026-03-31,18:47:33,380.0
2986,496,112,3,240,0,Cash,2026-02-12,20:48:34,720.0
2987,230,125,1,120,0,UPI,2026-03-29,18:53:00,120.0
2988,412,119,2,220,0,Card,2026-03-02,13:46:40,440.0
2989,493,103,1,320,0,Cash,2026-05-12,14:45:11,320.0
2990,264,128,1,150,0,UPI,2026-01-31,20:53:13,150.0
2991,32,105,1,420,0,UPI,2026-03-17,19:44:53,420.0
2992,301,119,1,220,0,UPI,2026-06-14,19:48:49,220.0
2993,278,101,1,695,0,Card,2026-01-30,14:44:53,695.0
2994,116,128,1,150,0,UPI,2026-03-04,19:14:22,150.0
2995,14,102,1,380,10,UPI,2026-05-27,19:24:40,342.0
2996,421,105,2,420,0,UPI,2026-03-20,11:27:51,840.0
2997,70,125,1,120,15,Card,2026-04-28,14:28:55,102.0
2998,291,102,3,380,0,UPI,2026-02-01,14:09:41,1140.0
2999,456,104,1,390,0,Card,2026-06-04,13:04:10,390.0
3000,353,111,1,320,5,UPI,2026-01-01,13:20:26,304.0
3001,432,126,4,60,5,UPI,2026-04-20,12:47:31,228.0
3002,481,101,2,695,5,UPI,2026-04-27,13:12:38,1320.5
3003,115,102,1,380,15,UPI,2026-01-20,19:37:24,323.0
3004,191,105,1,420,0,Card,2026-05-23,19:17:27,420.0
3005,192,119,2,220,5,Card,2026-05-24,13:08:22,418.0
3006,427,126,2,60,0,UPI,2026-02-19,20:49:01,120.0
3007,51,106,1,300,0,UPI,2026-02-21,19:43:11,300.0
3008,187,102,1,380,0,UPI,2026-06-30,19:23:50,380.0
3009,222,105,1,420,5,Card,2026-06-22,18:59:19,399.0
3010,455,114,2,180,0,Card,2026-05-16,18:04:40,360.0
3011,382,111,1,320,0,UPI,2026-01-23,14:13:27,320.0
3012,209,109,1,650,10,Card,2026-04-05,14:51:19,585.0
3013,74,102,3,380,0,UPI,2026-03-25,12:32:33,1140.0
3014,184,101,3,695,0,UPI,2026-05-31,14:08:50,2085.0
3015,95,104,1,390,10,UPI,2026-05-01,13:07:11,351.0
3016,130,124,1,180,0,Card,2026-02-13,20:13:18,180.0
3017,302,110,1,280,0,UPI,2026-06-12,18:57:14,280.0
3018,192,103,5,320,0,UPI,2026-04-08,12:15:12,1600.0
3019,429,105,2,420,0,UPI,2026-01-19,12:40:26,840.0
3020,341,115,1,150,10,UPI,2026-01-14,13:01:33,135.0
3021,164,114,1,180,5,UPI,2026-02-23,12:34:54,171.0
3022,223,105,1,420,10,UPI,2026-01-18,21:42:00,378.0
3023,365,123,5,420,10,UPI,2026-06-13,21:41:18,1890.0
3024,170,101,2,695,5,UPI,2026-06-24,12:08:35,1320.5
3025,386,108,4,695,0,UPI,2026-05-21,13:55:29,2780.0
3026,210,116,2,120,0,Cash,2026-03-17,21:17:51,240.0
3027,273,129,1,180,0,Card,2026-06-05,13:18:01,180.0
3028,151,106,1,300,0,UPI,2026-03-30,12:46:09,300.0
3029,31,113,1,220,0,UPI,2026-05-28,13:05:39,220.0
3030,103,101,1,695,0,UPI,2026-03-25,13:18:50,695.0
3031,202,130,2,220,0,Card,2026-02-24,11:35:31,440.0
3032,457,125,1,120,0,Card,2026-06-03,19:56:28,120.0
3033,74,115,2,150,0,UPI,2026-02-15,19:54:01,300.0
3034,258,103,1,320,0,Card,2026-06-11,20:55:32,320.0
3035,430,119,1,220,0,Card,2026-03-26,18:52:05,220.0
3036,185,112,3,240,0,UPI,2026-03-26,21:23:14,720.0
3037,251,114,1,180,5,UPI,2026-03-14,20:18:17,171.0
3038,384,104,1,390,5,Card,2026-03-31,21:04:19,370.5
3039,380,108,1,695,0,UPI,2026-06-11,12:58:12,695.0
3040,463,123,3,420,5,UPI,2026-03-06,12:02:13,1197.0
3041,286,120,1,120,0,UPI,2026-01-02,20:55:03,120.0
3042,377,110,5,280,0,UPI,2026-04-25,21:48:16,1400.0
3043,265,108,1,695,0,Card,2026-04-23,14:15:44,695.0
3044,361,120,2,120,0,Cash,2026-06-09,14:36:19,240.0
3045,109,117,2,130,0,Card,2026-06-19,14:42:49,260.0
3046,236,119,1,220,10,Card,2026-03-03,13:24:07,198.0
3047,95,119,1,220,0,UPI,2026-04-14,13:47:49,220.0
3048,55,120,1,120,10,UPI,2026-05-01,13:16:49,108.0
3049,139,121,1,350,5,UPI,2026-05-29,19:29:30,332.5
3050,253,128,1,150,5,UPI,2026-04-04,14:26:31,142.5
3051,167,102,1,380,0,Card,2026-06-10,13:43:34,380.0
3052,232,102,1,380,15,Card,2026-02-18,20:35:24,323.0
3053,156,108,4,695,0,UPI,2026-06-12,14:30:21,2780.0
3054,331,106,5,300,5,UPI,2026-05-29,12:40:09,1425.0
3055,380,101,3,695,5,UPI,2026-03-27,19:36:12,1980.75
3056,66,107,2,695,0,UPI,2026-05-08,20:37:09,1390.0
3057,2,126,1,60,0,UPI,2026-04-25,14:04:32,60.0
3058,153,116,3,120,0,Cash,2026-02-27,20:52:49,360.0
3059,67,101,2,695,0,Card,2026-06-11,18:54:22,1390.0
3060,166,103,1,320,0,UPI,2026-06-17,12:29:24,320.0
3061,420,101,2,695,0,UPI,2026-01-14,13:11:40,1390.0
3062,191,116,2,120,0,UPI,2026-04-08,13:24:58,240.0
3063,172,105,3,420,5,UPI,2026-01-24,12:27:29,1197.0
3064,421,106,1,300,0,UPI,2026-03-12,13:47:37,300.0
3065,408,118,1,150,0,UPI,2026-05-06,13:12:35,150.0
3066,404,126,3,60,10,UPI,2026-03-23,20:57:15,162.0
3067,361,109,1,650,0,UPI,2026-06-17,12:31:57,650.0
3068,199,122,1,320,0,Card,2026-02-24,20:07:09,320.0
3069,78,102,1,380,0,Card,2026-05-30,13:47:53,380.0
3070,183,111,1,320,0,UPI,2026-05-30,18:10:33,320.0
3071,116,106,2,300,0,UPI,2026-02-05,11:46:02,600.0
3072,422,119,1,220,0,UPI,2026-03-01,19:28:25,220.0
3073,269,105,1,420,0,Cash,2026-04-19,12:40:42,420.0
3074,259,124,1,180,0,UPI,2026-04-23,12:23:46,180.0
3075,422,106,2,300,0,UPI,2026-06-08,13:31:24,600.0
3076,288,111,3,320,0,UPI,2026-01-12,12:33:32,960.0
3077,480,115,1,150,10,Cash,2026-03-23,19:42:07,135.0
3078,395,127,2,90,10,Card,2026-06-01,21:11:23,162.0
3079,223,128,2,150,15,UPI,2026-01-30,20:42:34,255.0
3080,408,110,3,280,0,UPI,2026-04-17,13:18:15,840.0
3081,375,106,2,300,0,Card,2026-06-20,12:53:58,600.0
3082,150,112,1,240,0,UPI,2026-04-05,19:04:16,240.0
3083,184,114,4,180,0,UPI,2026-06-09,12:26:03,720.0
3084,354,103,2,320,0,UPI,2026-03-10,20:33:52,640.0
3085,484,109,2,650,10,UPI,2026-06-10,12:15:54,1170.0
3086,337,103,1,320,0,Cash,2026-03-01,20:12:29,320.0
3087,134,116,2,120,10,UPI,2026-06-06,14:17:07,216.0
3088,371,102,2,380,0,UPI,2026-03-01,18:35:59,760.0
3089,311,128,1,150,0,UPI,2026-06-30,13:06:39,150.0
3090,361,105,5,420,0,UPI,2026-04-02,13:16:53,2100.0
3091,257,118,3,150,0,UPI,2026-04-17,14:09:48,450.0
3092,244,118,2,150,0,UPI,2026-02-19,12:56:49,300.0
3093,69,105,2,420,5,UPI,2026-05-28,13:21:20,798.0
3094,434,104,1,390,5,UPI,2026-04-11,19:44:36,370.5
3095,149,106,1,300,0,UPI,2026-02-11,12:40:31,300.0
3096,8,111,1,320,10,Card,2026-04-27,13:04:44,288.0
3097,319,107,2,695,10,UPI,2026-05-12,14:32:23,1251.0
3098,257,103,2,320,5,UPI,2026-04-20,19:52:25,608.0
3099,243,119,2,220,0,UPI,2026-05-18,11:10:45,440.0
3100,261,105,2,420,0,Card,2026-04-25,13:36:43,840.0
3101,17,109,2,650,5,UPI,2026-04-04,20:19:20,1235.0
3102,23,129,1,180,0,UPI,2026-03-24,18:53:48,180.0
3103,477,129,3,180,10,UPI,2026-01-31,13:31:26,486.0
3104,319,121,1,350,0,Card,2026-04-12,19:44:05,350.0
3105,152,123,2,420,0,UPI,2026-02-28,13:15:09,840.0
3106,239,128,1,150,10,UPI,2026-03-23,12:36:10,135.0
3107,245,110,1,280,5,UPI,2026-03-24,19:21:01,266.0
3108,379,116,2,120,0,Cash,2026-02-23,14:45:55,240.0
3109,332,121,4,350,0,Cash,2026-02-25,13:15:07,1400.0
3110,253,120,1,120,0,Card,2026-01-07,13:13:03,120.0
3111,129,104,1,390,0,Card,2026-04-01,19:34:40,390.0
3112,11,117,1,130,0,UPI,2026-04-27,13:15:27,130.0
3113,153,116,2,120,10,UPI,2026-04-05,19:50:27,216.0
3114,154,128,2,150,0,Card,2026-04-27,19:12:54,300.0
3115,65,106,1,300,0,UPI,2026-02-24,19:06:32,300.0
3116,134,127,1,90,0,Card,2026-03-27,19:38:29,90.0
3117,10,113,1,220,15,UPI,2026-01-20,14:58:41,187.0
3118,365,119,2,220,0,UPI,2026-02-23,19:32:27,440.0
3119,27,106,3,300,0,UPI,2026-06-10,19:11:40,900.0
3120,455,122,1,320,0,Card,2026-04-02,14:06:03,320.0
3121,129,116,1,120,0,Card,2026-04-27,12:33:39,120.0
3122,378,102,1,380,5,Card,2026-02-09,12:15:01,361.0
3123,404,102,1,380,0,Cash,2026-02-19,13:03:36,380.0
3124,200,105,1,420,0,Cash,2026-06-19,18:25:05,420.0
3125,306,110,4,280,0,UPI,2026-02-24,12:05:04,1120.0
3126,126,115,3,150,0,Cash,2026-05-14,19:11:13,450.0
3127,227,118,2,150,10,UPI,2026-01-18,20:40:57,270.0
3128,156,102,1,380,15,UPI,2026-05-30,13:27:09,323.0
3129,396,105,1,420,0,Card,2026-05-18,12:06:19,420.0
3130,126,126,2,60,0,UPI,2026-05-26,19:23:42,120.0
3131,299,113,5,220,5,UPI,2026-05-15,18:14:44,1045.0
3132,301,110,3,280,0,UPI,2026-02-06,18:40:19,840.0
3133,252,110,1,280,0,UPI,2026-05-08,19:33:38,280.0
3134,223,107,5,695,0,UPI,2026-02-06,21:01:21,3475.0
3135,312,119,2,220,15,UPI,2026-06-20,13:23:33,374.0
3136,372,114,1,180,0,UPI,2026-02-04,13:02:25,180.0
3137,383,105,2,420,0,Card,2026-02-18,20:34:00,840.0
3138,400,103,3,320,0,UPI,2026-05-24,20:48:01,960.0
3139,77,124,2,180,0,Card,2026-02-10,20:27:23,360.0
3140,84,107,1,695,0,UPI,2026-05-11,14:20:53,695.0
3141,451,105,2,420,0,UPI,2026-01-16,14:16:38,840.0
3142,316,115,3,150,0,Card,2026-05-10,14:25:54,450.0
3143,314,105,1,420,10,UPI,2026-03-10,12:33:20,378.0
3144,459,113,1,220,10,UPI,2026-01-24,18:03:57,198.0
3145,397,105,4,420,5,Card,2026-01-07,12:55:10,1596.0
3146,257,118,1,150,15,UPI,2026-01-23,20:00:30,127.5
3147,337,126,2,60,0,Cash,2026-05-31,20:21:39,120.0
3148,249,113,1,220,0,UPI,2026-01-08,20:24:58,220.0
3149,371,105,1,420,0,UPI,2026-03-22,13:23:47,420.0
3150,142,101,2,695,5,Cash,2026-03-20,13:51:24,1320.5
3151,137,104,2,390,0,Card,2026-03-05,12:08:42,780.0
3152,102,121,1,350,0,UPI,2026-03-18,19:15:07,350.0
3153,467,120,2,120,5,Card,2026-03-17,13:53:43,228.0
3154,275,119,1,220,0,Cash,2026-06-02,21:46:38,220.0
3155,326,103,5,320,0,Cash,2026-04-19,18:00:30,1600.0
3156,346,107,2,695,0,Cash,2026-04-12,12:02:47,1390.0
3157,224,119,2,220,0,UPI,2026-02-19,14:40:45,440.0
3158,47,123,1,420,0,Card,2026-01-22,13:56:35,420.0
3159,197,111,2,320,0,UPI,2026-01-31,11:59:02,640.0
3160,377,103,2,320,10,Card,2026-03-31,13:02:24,576.0
3161,297,103,2,320,0,Card,2026-01-04,20:19:24,640.0
3162,318,108,1,695,5,Card,2026-02-18,12:39:45,660.25
3163,257,112,5,240,0,UPI,2026-03-12,14:16:40,1200.0
3164,366,101,1,695,0,Card,2026-05-22,19:40:11,695.0
3165,228,105,2,420,0,Card,2026-04-26,12:42:48,840.0
3166,385,121,2,350,5,UPI,2026-04-27,19:07:08,665.0
3167,287,113,1,220,0,UPI,2026-04-23,14:26:59,220.0
3168,125,105,1,420,0,UPI,2026-05-01,11:08:59,420.0
3169,482,107,2,695,0,UPI,2026-01-12,20:19:24,1390.0
3170,246,102,3,380,5,Card,2026-03-17,19:12:37,1083.0
3171,413,117,1,130,0,UPI,2026-02-10,11:55:40,130.0
3172,370,118,2,150,10,Card,2026-01-26,20:16:25,270.0
3173,418,106,1,300,0,UPI,2026-05-31,13:14:57,300.0
3174,241,101,4,695,0,UPI,2026-01-30,19:24:07,2780.0
3175,312,103,1,320,10,UPI,2026-04-11,19:32:51,288.0
3176,370,108,1,695,15,UPI,2026-03-29,14:11:13,590.75
3177,460,120,1,120,5,Card,2026-03-19,14:19:04,114.0
3178,296,111,1,320,0,Card,2026-04-28,18:55:05,320.0
3179,150,110,2,280,10,Cash,2026-04-27,12:00:06,504.0
3180,366,121,4,350,0,Card,2026-03-07,12:36:30,1400.0
3181,284,105,2,420,0,Card,2026-02-08,14:33:46,840.0
3182,235,107,1,695,5,UPI,2026-06-08,14:14:02,660.25
3183,493,117,4,130,0,UPI,2026-05-24,13:51:24,520.0
3184,230,115,1,150,0,Card,2026-01-12,12:52:55,150.0
3185,363,101,5,695,0,UPI,2026-04-01,13:18:15,3475.0
3186,192,106,2,300,0,Card,2026-01-18,18:25:07,600.0
3187,113,127,1,90,0,Card,2026-05-04,12:49:52,90.0
3188,366,103,2,320,5,UPI,2026-01-09,14:11:35,608.0
3189,371,126,5,60,0,Card,2026-05-04,12:30:59,300.0
3190,41,102,1,380,10,Cash,2026-06-29,19:57:59,342.0
3191,278,114,2,180,10,Card,2026-04-06,13:31:06,324.0
3192,172,102,1,380,0,Cash,2026-02-02,21:08:30,380.0
3193,232,125,1,120,0,UPI,2026-06-01,21:25:10,120.0
3194,447,105,1,420,5,UPI,2026-02-21,19:04:02,399.0
3195,378,115,1,150,15,UPI,2026-05-10,19:33:42,127.5
3196,126,106,2,300,0,UPI,2026-02-04,19:34:17,600.0
3197,64,117,1,130,0,UPI,2026-06-09,18:48:25,130.0
3198,384,129,2,180,0,UPI,2026-03-12,12:16:08,360.0
3199,284,118,1,150,0,UPI,2026-05-18,14:44:55,150.0
3200,64,128,2,150,5,Card,2026-05-30,18:44:31,285.0
3201,447,103,3,320,0,UPI,2026-06-25,20:36:44,960.0
3202,27,118,1,150,0,Cash,2026-06-10,19:03:51,150.0
3203,31,104,1,390,5,UPI,2026-03-13,18:19:57,370.5
3204,119,129,2,180,0,UPI,2026-06-03,12:00:28,360.0
3205,245,102,1,380,0,UPI,2026-03-24,13:34:39,380.0
3206,120,119,3,220,0,Card,2026-02-22,12:01:20,660.0
3207,322,115,3,150,0,Cash,2026-05-31,11:57:46,450.0
3208,486,129,1,180,5,UPI,2026-01-27,11:49:44,171.0
3209,483,109,1,650,0,UPI,2026-05-19,11:03:05,650.0
3210,409,105,1,420,0,UPI,2026-04-24,14:00:10,420.0
3211,158,109,4,650,0,UPI,2026-04-22,21:08:03,2600.0
3212,340,116,3,120,10,Card,2026-04-07,11:49:29,324.0
3213,490,115,1,150,0,UPI,2026-02-09,19:42:39,150.0
3214,152,113,2,220,0,UPI,2026-04-23,14:53:22,440.0
3215,111,117,2,130,10,UPI,2026-04-15,12:39:04,234.0
3216,226,128,3,150,10,UPI,2026-05-15,12:03:29,405.0
3217,93,103,2,320,0,UPI,2026-01-03,13:34:01,640.0
3218,345,106,1,300,15,UPI,2026-06-30,12:48:11,255.0
3219,395,119,2,220,5,UPI,2026-02-08,13:41:06,418.0
3220,398,119,1,220,0,Cash,2026-04-11,21:22:04,220.0
3221,82,112,2,240,0,Cash,2026-02-10,14:27:23,480.0
3222,485,105,3,420,10,UPI,2026-06-16,18:41:59,1134.0
3223,284,116,2,120,0,UPI,2026-02-25,21:56:46,240.0
3224,215,103,2,320,0,UPI,2026-03-24,18:22:46,640.0
3225,451,125,2,120,5,Card,2026-05-02,12:44:01,228.0
3226,5,125,1,120,0,UPI,2026-01-09,21:11:05,120.0
3227,491,106,1,300,0,UPI,2026-06-09,13:27:55,300.0
3228,495,122,1,320,0,UPI,2026-02-17,12:24:18,320.0
3229,73,101,2,695,0,UPI,2026-03-22,18:34:03,1390.0
3230,469,102,5,380,5,Cash,2026-02-09,19:28:05,1805.0
3231,279,103,1,320,10,UPI,2026-04-11,13:39:40,288.0
3232,334,126,2,60,0,Card,2026-05-24,19:40:42,120.0
3233,78,102,1,380,0,UPI,2026-04-05,18:21:27,380.0
3234,58,118,1,150,0,Card,2026-01-17,14:45:08,150.0
3235,398,122,1,320,0,UPI,2026-03-11,13:50:02,320.0
3236,280,115,1,150,15,UPI,2026-01-15,19:23:07,127.5
3237,465,103,1,320,0,Card,2026-04-18,18:46:01,320.0
3238,222,102,3,380,0,UPI,2026-02-26,20:37:56,1140.0
3239,68,104,1,390,0,Cash,2026-04-04,13:29:59,390.0
3240,103,123,1,420,0,UPI,2026-06-18,18:41:22,420.0
3241,232,127,1,90,10,UPI,2026-03-19,19:11:46,81.0
3242,312,107,1,695,0,UPI,2026-01-16,11:23:55,695.0
3243,284,107,2,695,0,Cash,2026-05-29,11:47:41,1390.0
3244,308,107,1,695,0,UPI,2026-03-19,14:40:20,695.0
3245,354,117,1,130,0,Card,2026-02-02,20:26:23,130.0
3246,92,121,2,350,0,Card,2026-03-10,13:58:56,700.0
3247,260,103,2,320,10,UPI,2026-03-13,14:31:03,576.0
3248,319,110,1,280,0,UPI,2026-05-06,14:16:47,280.0
3249,115,119,1,220,0,Card,2026-06-02,13:09:42,220.0
3250,178,129,1,180,5,UPI,2026-05-08,13:22:48,171.0
3251,220,112,4,240,0,UPI,2026-05-08,13:48:41,960.0
3252,3,115,1,150,0,UPI,2026-03-08,12:29:44,150.0
3253,152,117,2,130,0,UPI,2026-06-19,13:03:02,260.0
3254,482,101,4,695,15,UPI,2026-02-03,13:55:48,2363.0
3255,87,120,3,120,10,UPI,2026-03-24,18:44:36,324.0
3256,489,107,1,695,0,UPI,2026-03-08,12:03:26,695.0
3257,261,106,1,300,5,UPI,2026-05-30,13:43:00,285.0
3258,478,116,1,120,0,UPI,2026-04-27,13:17:15,120.0
3259,413,106,1,300,10,Card,2026-02-18,18:52:45,270.0
3260,30,107,2,695,0,Cash,2026-01-15,19:57:47,1390.0
3261,472,119,2,220,0,UPI,2026-01-20,13:47:47,440.0
3262,187,118,4,150,0,Cash,2026-03-14,18:11:12,600.0
3263,318,101,1,695,0,Cash,2026-04-17,14:59:31,695.0
3264,398,130,2,220,0,Card,2026-01-21,11:18:11,440.0
3265,18,125,2,120,0,UPI,2026-03-18,19:20:15,240.0
3266,369,105,3,420,0,UPI,2026-06-27,19:42:54,1260.0
3267,429,118,2,150,5,UPI,2026-03-13,18:23:22,285.0
3268,207,114,1,180,15,UPI,2026-01-07,12:27:30,153.0
3269,462,120,2,120,0,UPI,2026-02-03,12:36:02,240.0
3270,101,129,2,180,0,UPI,2026-02-03,12:21:57,360.0
3271,474,102,1,380,0,UPI,2026-03-21,11:22:41,380.0
3272,252,105,1,420,0,UPI,2026-05-12,19:45:36,420.0
3273,487,127,1,90,0,Card,2026-04-23,11:35:34,90.0
3274,442,129,1,180,5,Cash,2026-02-10,14:38:35,171.0
3275,131,112,1,240,0,UPI,2026-04-22,12:08:24,240.0
3276,214,101,3,695,5,UPI,2026-05-05,12:38:46,1980.75
3277,306,104,2,390,0,Cash,2026-02-02,13:41:25,780.0
3278,145,104,2,390,0,Cash,2026-06-14,21:02:46,780.0
3279,160,123,1,420,0,UPI,2026-02-01,19:14:02,420.0
3280,393,101,1,695,0,Card,2026-02-13,20:26:17,695.0
3281,308,111,1,320,0,UPI,2026-01-04,13:40:10,320.0
3282,381,123,2,420,5,UPI,2026-01-10,20:10:19,798.0
3283,52,105,3,420,0,UPI,2026-02-03,22:20:43,1260.0
3284,181,104,5,390,5,Cash,2026-03-08,11:13:48,1852.5
3285,305,118,1,150,0,UPI,2026-01-10,12:31:27,150.0
3286,37,103,1,320,5,UPI,2026-04-27,21:21:14,304.0
3287,127,121,2,350,0,UPI,2026-02-20,13:36:49,700.0
3288,62,120,3,120,0,Card,2026-05-10,12:50:04,360.0
3289,219,104,1,390,0,UPI,2026-02-21,12:41:37,390.0
3290,445,111,3,320,5,UPI,2026-05-29,18:03:25,912.0
3291,8,119,1,220,5,UPI,2026-03-31,18:07:22,209.0
3292,77,105,2,420,0,Card,2026-05-13,13:21:54,840.0
3293,282,106,1,300,0,UPI,2026-04-18,18:17:12,300.0
3294,390,105,1,420,0,UPI,2026-05-03,19:44:12,420.0
3295,226,126,4,60,0,Cash,2026-05-01,19:18:18,240.0
3296,330,116,1,120,0,UPI,2026-03-26,19:00:25,120.0
3297,165,128,1,150,0,Card,2026-01-12,19:58:59,150.0
3298,116,123,3,420,0,Cash,2026-04-10,12:42:04,1260.0
3299,52,102,1,380,0,UPI,2026-06-20,12:58:55,380.0
3300,386,122,1,320,0,Card,2026-04-19,19:45:43,320.0
3301,330,124,1,180,0,UPI,2026-06-08,11:18:56,180.0
3302,332,104,2,390,0,UPI,2026-05-19,13:41:16,780.0
3303,233,118,1,150,5,UPI,2026-03-30,21:12:18,142.5
3304,7,115,1,150,0,Card,2026-04-30,21:40:31,150.0
3305,33,106,1,300,0,Card,2026-01-12,19:34:45,300.0
3306,247,118,2,150,0,UPI,2026-01-29,12:54:08,300.0
3307,97,116,1,120,0,Cash,2026-04-22,12:44:20,120.0
3308,73,112,2,240,0,Card,2026-02-09,13:45:42,480.0
3309,491,102,2,380,15,UPI,2026-04-13,20:23:55,646.0
3310,406,120,1,120,5,UPI,2026-01-08,12:22:18,114.0
3311,45,130,1,220,5,UPI,2026-05-07,19:27:49,209.0
3312,468,119,4,220,0,Card,2026-02-28,18:05:42,880.0
3313,341,106,2,300,0,Card,2026-02-04,13:57:31,600.0
3314,432,103,1,320,5,UPI,2026-01-29,19:31:15,304.0
3315,291,103,2,320,0,UPI,2026-06-03,21:54:53,640.0
3316,153,101,1,695,0,UPI,2026-02-25,19:20:51,695.0
3317,143,126,1,60,5,UPI,2026-05-07,18:34:21,57.0
3318,435,101,2,695,0,Card,2026-04-08,13:03:02,1390.0
3319,49,103,2,320,0,Cash,2026-05-24,12:08:10,640.0
3320,382,104,1,390,0,Card,2026-06-28,19:02:00,390.0
3321,345,102,1,380,0,UPI,2026-02-04,12:46:28,380.0
3322,477,107,3,695,0,Card,2026-01-13,13:38:54,2085.0
3323,365,102,1,380,0,UPI,2026-05-03,14:52:07,380.0
3324,300,104,1,390,5,Cash,2026-04-28,12:11:12,370.5
3325,429,125,2,120,15,UPI,2026-06-09,13:14:46,204.0
3326,138,108,2,695,10,UPI,2026-05-19,18:58:41,1251.0
3327,122,121,1,350,0,UPI,2026-03-02,12:41:01,350.0
3328,312,121,1,350,0,Card,2026-02-26,14:20:32,350.0
3329,50,104,2,390,0,Card,2026-05-14,13:13:54,780.0
3330,413,111,1,320,5,UPI,2026-06-14,19:20:55,304.0
3331,351,101,1,695,0,Card,2026-04-11,13:52:55,695.0
3332,260,101,3,695,0,Card,2026-04-25,13:51:20,2085.0
3333,437,105,2,420,0,Card,2026-05-14,18:44:01,840.0
3334,21,101,2,695,5,UPI,2026-02-28,20:58:46,1320.5
3335,167,107,1,695,0,UPI,2026-03-28,14:24:33,695.0
3336,282,113,5,220,0,Card,2026-01-29,18:08:51,1100.0
3337,96,114,2,180,0,UPI,2026-04-11,19:51:04,360.0
3338,197,111,1,320,0,UPI,2026-06-18,22:13:32,320.0
3339,390,121,3,350,15,UPI,2026-02-26,12:39:56,892.5
3340,360,104,1,390,0,Card,2026-03-08,14:38:47,390.0
3341,79,120,1,120,0,UPI,2026-05-24,12:42:55,120.0
3342,266,103,3,320,0,Cash,2026-04-04,12:24:16,960.0
3343,330,116,2,120,0,Card,2026-02-05,13:47:02,240.0
3344,226,105,2,420,0,UPI,2026-04-28,13:37:37,840.0
3345,185,108,2,695,5,Cash,2026-02-26,19:38:35,1320.5
3346,411,106,1,300,0,UPI,2026-05-30,18:26:07,300.0
3347,359,119,1,220,0,UPI,2026-05-21,12:06:42,220.0
3348,362,120,2,120,5,Card,2026-02-01,19:29:10,228.0
3349,288,112,1,240,5,Cash,2026-04-14,20:43:21,228.0
3350,12,128,1,150,5,UPI,2026-03-25,20:07:13,142.5
3351,286,114,4,180,10,Card,2026-06-16,20:25:32,648.0
3352,223,105,2,420,0,Card,2026-02-22,13:08:39,840.0
3353,90,109,1,650,0,UPI,2026-01-07,18:27:38,650.0
3354,29,103,3,320,0,Card,2026-03-31,13:37:42,960.0
3355,272,110,1,280,10,Card,2026-02-04,12:47:56,252.0
3356,277,120,2,120,15,UPI,2026-04-27,13:58:59,204.0
3357,167,122,1,320,0,Card,2026-01-10,19:40:03,320.0
3358,449,104,2,390,10,Cash,2026-01-17,19:20:32,702.0
3359,148,130,5,220,5,UPI,2026-05-11,18:40:51,1045.0
3360,389,102,1,380,0,Cash,2026-04-10,13:04:00,380.0
3361,476,120,1,120,5,Cash,2026-03-31,21:45:01,114.0
3362,270,114,1,180,0,Card,2026-01-28,11:24:03,180.0
3363,249,108,5,695,0,Card,2026-04-19,21:56:52,3475.0
3364,18,120,4,120,0,Card,2026-01-10,12:57:02,480.0
3365,138,128,1,150,0,UPI,2026-01-28,13:42:36,150.0
3366,309,128,1,150,0,UPI,2026-06-03,13:55:59,150.0
3367,22,102,1,380,0,UPI,2026-05-29,14:46:38,380.0
3368,287,110,4,280,10,Cash,2026-02-07,13:09:58,1008.0
3369,490,128,3,150,5,UPI,2026-05-15,19:44:27,427.5
3370,360,103,2,320,0,Card,2026-04-16,20:56:00,640.0
3371,223,108,1,695,5,Card,2026-02-01,18:34:08,660.25
3372,99,130,1,220,10,UPI,2026-06-10,22:44:16,198.0
3373,450,130,1,220,0,Cash,2026-06-06,19:09:50,220.0
3374,116,120,2,120,0,Card,2026-04-22,13:32:46,240.0
3375,146,123,2,420,0,UPI,2026-04-12,19:17:52,840.0
3376,302,103,1,320,0,UPI,2026-06-08,19:20:33,320.0
3377,337,105,1,420,0,Cash,2026-02-15,20:04:31,420.0
3378,141,119,1,220,5,Card,2026-05-13,19:13:11,209.0
3379,392,123,5,420,5,UPI,2026-03-09,21:30:39,1995.0
3380,323,101,2,695,0,UPI,2026-01-21,13:32:30,1390.0
3381,352,104,2,390,0,UPI,2026-05-28,19:51:09,780.0
3382,228,118,4,150,0,Cash,2026-01-08,20:18:58,600.0
3383,312,116,5,120,15,UPI,2026-03-10,14:48:47,510.0
3384,256,102,1,380,5,UPI,2026-01-05,14:38:18,361.0
3385,134,116,1,120,0,UPI,2026-06-05,19:41:52,120.0
3386,144,105,1,420,0,UPI,2026-05-05,19:51:08,420.0
3387,74,101,2,695,15,Cash,2026-02-11,19:28:42,1181.5
3388,37,102,1,380,0,UPI,2026-04-05,18:15:20,380.0
3389,181,103,1,320,0,Card,2026-03-08,14:16:55,320.0
3390,176,125,1,120,10,UPI,2026-06-12,19:42:15,108.0
3391,59,121,1,350,0,Card,2026-01-17,19:53:32,350.0
3392,62,121,1,350,15,Card,2026-03-20,13:56:14,297.5
3393,324,117,1,130,0,Cash,2026-05-15,12:58:50,130.0
3394,283,118,1,150,0,UPI,2026-06-19,19:44:44,150.0
3395,139,120,2,120,0,UPI,2026-05-28,19:55:09,240.0
3396,67,114,2,180,0,UPI,2026-05-06,13:07:47,360.0
3397,38,111,1,320,10,UPI,2026-01-17,13:08:26,288.0
3398,193,105,2,420,10,UPI,2026-06-05,19:08:24,756.0
3399,246,117,2,130,0,Cash,2026-01-12,13:53:33,260.0
3400,488,101,2,695,0,Card,2026-05-07,12:05:11,1390.0
3401,203,124,1,180,5,UPI,2026-02-07,13:07:28,171.0
3402,101,112,1,240,0,UPI,2026-05-12,18:18:17,240.0
3403,238,116,1,120,15,Cash,2026-03-08,19:55:18,102.0
3404,324,119,2,220,0,UPI,2026-02-02,18:09:46,440.0
3405,95,111,1,320,10,UPI,2026-06-29,18:42:27,288.0
3406,392,120,1,120,0,UPI,2026-02-20,20:56:47,120.0
3407,289,122,1,320,0,Cash,2026-05-30,13:44:00,320.0
3408,159,108,1,695,15,UPI,2026-06-18,19:56:07,590.75
3409,148,116,2,120,0,Card,2026-04-03,12:33:49,240.0
3410,232,105,1,420,0,Cash,2026-03-08,12:20:01,420.0
3411,165,125,1,120,0,Cash,2026-02-20,14:03:18,120.0
3412,3,107,2,695,0,UPI,2026-03-20,20:46:17,1390.0
3413,227,114,4,180,0,UPI,2026-02-24,19:36:06,720.0
3414,113,123,1,420,0,UPI,2026-06-12,13:30:40,420.0
3415,42,102,3,380,5,UPI,2026-02-09,20:00:19,1083.0
3416,160,117,2,130,0,UPI,2026-01-22,13:04:22,260.0
3417,125,103,1,320,0,Cash,2026-02-27,21:29:35,320.0
3418,39,128,1,150,5,UPI,2026-01-04,19:20:13,142.5
3419,372,107,1,695,0,Card,2026-04-09,20:22:16,695.0
3420,127,120,1,120,0,UPI,2026-06-25,20:41:56,120.0
3421,412,103,2,320,0,Cash,2026-01-21,12:02:22,640.0
3422,69,118,1,150,15,UPI,2026-06-30,19:41:49,127.5
3423,457,123,2,420,0,UPI,2026-03-04,13:44:12,840.0
3424,155,107,2,695,0,UPI,2026-04-06,19:58:34,1390.0
3425,398,103,3,320,0,UPI,2026-05-04,21:44:12,960.0
3426,228,104,3,390,0,UPI,2026-05-30,12:50:33,1170.0
3427,392,123,3,420,0,Card,2026-01-09,12:26:00,1260.0
3428,448,127,5,90,0,Cash,2026-03-20,18:38:42,450.0
3429,36,104,2,390,5,UPI,2026-04-19,13:28:39,741.0
3430,261,102,2,380,0,Card,2026-03-04,20:58:46,760.0
3431,276,125,2,120,5,UPI,2026-02-15,18:29:02,228.0
3432,367,105,1,420,0,UPI,2026-01-08,20:49:41,420.0
3433,229,106,1,300,5,Card,2026-01-02,12:50:23,285.0
3434,7,102,1,380,5,Card,2026-04-13,11:47:57,361.0
3435,73,119,2,220,0,Cash,2026-02-01,13:49:51,440.0
3436,72,102,1,380,0,UPI,2026-05-28,19:04:07,380.0
3437,132,128,2,150,0,UPI,2026-06-14,13:10:25,300.0
3438,210,124,1,180,0,UPI,2026-01-17,14:18:28,180.0
3439,312,101,2,695,0,UPI,2026-06-10,20:25:53,1390.0
3440,36,120,2,120,10,Cash,2026-06-26,22:49:37,216.0
3441,20,101,1,695,0,UPI,2026-06-15,13:02:43,695.0
3442,66,125,2,120,0,UPI,2026-02-13,13:00:31,240.0
3443,406,102,2,380,0,UPI,2026-03-17,13:21:29,760.0
3444,481,107,1,695,0,UPI,2026-01-05,21:56:24,695.0
3445,125,123,1,420,0,UPI,2026-02-05,19:25:39,420.0
3446,9,121,1,350,0,UPI,2026-06-04,21:21:24,350.0
3447,141,126,2,60,5,UPI,2026-04-17,13:59:44,114.0
3448,148,106,3,300,5,UPI,2026-04-19,20:59:18,855.0
3449,325,120,2,120,0,Card,2026-03-29,21:40:03,240.0
3450,258,116,1,120,0,UPI,2026-05-16,19:07:20,120.0
3451,466,102,1,380,0,Card,2026-04-12,13:35:06,380.0
3452,269,108,5,695,0,UPI,2026-02-03,19:33:09,3475.0
3453,79,120,2,120,5,UPI,2026-06-11,21:57:32,228.0
3454,327,119,2,220,0,Cash,2026-05-12,18:43:35,440.0
3455,250,121,1,350,0,UPI,2026-04-29,21:00:02,350.0
3456,441,102,1,380,5,UPI,2026-04-12,12:38:44,361.0
3457,203,104,1,390,5,Card,2026-04-16,22:27:32,370.5
3458,267,101,4,695,10,UPI,2026-01-18,19:03:41,2502.0
3459,70,101,1,695,0,Cash,2026-01-04,18:00:12,695.0
3460,457,102,1,380,0,UPI,2026-04-25,19:45:42,380.0
3461,304,111,5,320,0,UPI,2026-02-28,13:39:33,1600.0
3462,216,118,1,150,0,UPI,2026-01-17,20:53:12,150.0
3463,350,105,1,420,0,UPI,2026-02-01,21:36:41,420.0
3464,57,127,1,90,0,UPI,2026-04-30,19:45:34,90.0
3465,35,104,1,390,0,Cash,2026-03-28,12:06:41,390.0
3466,85,119,1,220,5,Card,2026-01-19,18:39:48,209.0
3467,49,109,3,650,5,UPI,2026-04-28,19:56:01,1852.5
3468,459,120,2,120,0,UPI,2026-01-01,19:27:47,240.0
3469,214,120,3,120,0,UPI,2026-03-06,13:16:48,360.0
3470,493,114,1,180,0,UPI,2026-01-29,12:55:18,180.0
3471,338,126,4,60,0,UPI,2026-06-28,13:23:33,240.0
3472,204,129,1,180,0,Card,2026-06-17,14:31:46,180.0
3473,260,121,2,350,0,Card,2026-04-24,13:22:47,700.0
3474,330,102,3,380,0,UPI,2026-02-17,18:00:31,1140.0
3475,358,102,2,380,15,UPI,2026-06-19,19:32:32,646.0
3476,287,117,2,130,0,UPI,2026-03-26,19:17:19,260.0
3477,458,113,3,220,0,UPI,2026-03-19,19:48:50,660.0
3478,424,108,1,695,5,UPI,2026-03-27,14:06:04,660.25
3479,223,130,2,220,0,Card,2026-01-11,18:31:17,440.0
3480,216,103,1,320,0,UPI,2026-05-30,18:00:51,320.0
3481,397,104,1,390,0,UPI,2026-06-12,22:53:38,390.0
3482,472,105,1,420,10,UPI,2026-04-29,13:32:20,378.0
3483,305,128,1,150,0,Card,2026-03-16,12:35:22,150.0
3484,198,105,1,420,5,UPI,2026-01-29,19:05:36,399.0
3485,428,104,1,390,0,UPI,2026-02-24,19:40:39,390.0
3486,334,113,2,220,0,Card,2026-02-17,19:28:51,440.0
3487,341,112,2,240,0,Card,2026-01-28,13:14:52,480.0
3488,33,120,1,120,5,UPI,2026-05-18,19:28:59,114.0
3489,371,129,3,180,0,UPI,2026-04-06,12:06:04,540.0
3490,45,115,1,150,0,Card,2026-06-22,13:41:31,150.0
3491,346,124,1,180,0,Cash,2026-02-26,13:32:35,180.0
3492,324,118,2,150,0,UPI,2026-02-25,18:17:59,300.0
3493,50,116,3,120,0,UPI,2026-01-09,19:15:57,360.0
3494,233,116,1,120,0,UPI,2026-01-19,20:57:23,120.0
3495,354,123,2,420,10,Card,2026-02-04,12:27:08,756.0
3496,271,111,1,320,5,UPI,2026-04-28,13:47:44,304.0
3497,87,101,1,695,0,UPI,2026-02-27,20:33:29,695.0
3498,362,102,1,380,0,Cash,2026-03-20,19:20:04,380.0
3499,255,119,1,220,10,UPI,2026-06-05,12:02:40,198.0
3500,257,105,1,420,0,Card,2026-04-01,12:20:16,420.0
3501,375,123,2,420,5,UPI,2026-04-04,19:04:39,798.0
3502,107,116,1,120,0,Card,2026-04-17,13:07:47,120.0
3503,34,125,1,120,0,UPI,2026-03-30,20:25:49,120.0
3504,126,105,4,420,5,UPI,2026-04-13,20:56:23,1596.0
3505,76,104,1,390,5,UPI,2026-06-08,18:39:52,370.5
3506,360,105,1,420,0,UPI,2026-03-24,19:14:50,420.0
3507,225,102,1,380,5,Card,2026-05-21,12:19:20,361.0
3508,164,107,1,695,0,UPI,2026-05-28,12:16:35,695.0
3509,369,106,1,300,0,Card,2026-03-18,13:23:36,300.0
3510,212,115,2,150,10,Card,2026-06-22,13:52:29,270.0
3511,331,123,2,420,10,Card,2026-04-27,19:24:33,756.0
3512,461,119,2,220,0,Card,2026-06-26,18:29:24,440.0
3513,472,103,2,320,0,UPI,2026-05-13,14:57:21,640.0
3514,246,118,1,150,0,UPI,2026-04-11,20:28:57,150.0
3515,318,104,3,390,10,Cash,2026-03-29,21:23:08,1053.0
3516,164,102,2,380,0,UPI,2026-03-08,12:36:19,760.0
3517,174,126,1,60,0,UPI,2026-03-05,13:25:41,60.0
3518,484,107,1,695,5,UPI,2026-04-26,11:13:13,660.25
3519,106,119,1,220,5,UPI,2026-05-12,20:05:34,209.0
3520,41,128,1,150,5,Card,2026-03-27,21:27:46,142.5
3521,350,120,1,120,10,Card,2026-02-03,20:10:11,108.0
3522,373,127,2,90,0,UPI,2026-06-28,21:27:43,180.0
3523,394,128,1,150,0,UPI,2026-05-23,12:16:40,150.0
3524,337,123,1,420,0,Card,2026-06-25,19:06:28,420.0
3525,349,111,4,320,0,UPI,2026-06-04,13:16:26,1280.0
3526,411,120,1,120,10,UPI,2026-03-26,19:58:00,108.0
3527,242,106,1,300,0,Cash,2026-06-17,20:35:59,300.0
3528,198,117,2,130,0,UPI,2026-04-27,18:09:15,260.0
3529,165,117,2,130,0,UPI,2026-04-26,18:04:45,260.0
3530,268,118,1,150,0,UPI,2026-06-08,14:21:30,150.0
3531,339,109,4,650,0,UPI,2026-03-02,13:12:47,2600.0
3532,269,128,1,150,5,Card,2026-03-26,20:48:05,142.5
3533,43,129,2,180,0,UPI,2026-06-29,12:14:29,360.0
3534,144,101,5,695,5,UPI,2026-06-13,12:48:30,3301.25
3535,165,117,3,130,5,UPI,2026-03-22,14:25:55,370.5
3536,299,129,5,180,5,UPI,2026-05-03,18:58:10,855.0
3537,316,102,1,380,0,UPI,2026-05-11,19:47:53,380.0
3538,359,118,1,150,0,Cash,2026-02-12,12:03:09,150.0
3539,39,126,1,60,10,Cash,2026-02-04,13:51:04,54.0
3540,114,109,1,650,5,UPI,2026-03-17,13:18:45,617.5
3541,235,104,1,390,0,UPI,2026-01-05,14:26:01,390.0
3542,432,101,1,695,15,Cash,2026-01-28,19:05:44,590.75
3543,102,130,2,220,10,UPI,2026-02-24,12:01:35,396.0
3544,165,127,1,90,10,UPI,2026-03-25,13:09:14,81.0
3545,494,102,2,380,15,Card,2026-01-09,13:05:56,646.0
3546,105,126,1,60,10,UPI,2026-06-04,20:58:53,54.0
3547,133,113,1,220,0,UPI,2026-01-12,13:53:37,220.0
3548,227,109,2,650,0,UPI,2026-02-12,20:28:59,1300.0
3549,250,130,3,220,5,Card,2026-04-30,19:28:29,627.0
3550,160,125,3,120,15,UPI,2026-05-06,19:35:49,306.0
3551,3,116,2,120,5,UPI,2026-06-22,14:39:54,228.0
3552,80,104,1,390,0,Card,2026-03-20,13:23:29,390.0
3553,197,120,2,120,0,UPI,2026-03-15,20:06:21,240.0
3554,428,128,1,150,5,UPI,2026-06-30,13:17:50,142.5
3555,459,105,4,420,5,Card,2026-03-09,13:59:37,1596.0
3556,155,104,2,390,0,UPI,2026-06-20,11:36:24,780.0
3557,42,125,1,120,0,UPI,2026-06-28,19:13:41,120.0
3558,78,111,1,320,0,UPI,2026-04-21,14:11:33,320.0
3559,259,120,2,120,0,UPI,2026-05-30,19:40:09,240.0
3560,92,121,3,350,5,UPI,2026-06-12,19:19:41,997.5
3561,269,106,1,300,0,Card,2026-06-16,19:09:16,300.0
3562,333,119,1,220,10,UPI,2026-06-02,13:14:11,198.0
3563,384,113,2,220,0,Cash,2026-04-25,19:36:55,440.0
3564,192,108,2,695,0,UPI,2026-05-14,13:52:35,1390.0
3565,239,115,1,150,15,Card,2026-04-19,19:48:04,127.5
3566,442,115,3,150,0,Cash,2026-01-11,21:32:08,450.0
3567,194,101,2,695,0,UPI,2026-02-25,12:04:34,1390.0
3568,3,103,2,320,0,Card,2026-02-13,12:58:24,640.0
3569,426,115,4,150,10,UPI,2026-03-17,14:35:44,540.0
3570,470,123,2,420,0,Cash,2026-06-07,18:51:40,840.0
3571,381,114,5,180,10,UPI,2026-03-23,21:19:09,810.0
3572,346,121,3,350,0,UPI,2026-06-22,12:37:49,1050.0
3573,274,120,2,120,0,UPI,2026-02-02,13:35:20,240.0
3574,342,122,3,320,0,UPI,2026-03-14,20:16:46,960.0
3575,155,101,2,695,0,Card,2026-04-15,20:20:36,1390.0
3576,250,113,1,220,0,UPI,2026-06-05,11:43:42,220.0
3577,383,105,1,420,0,UPI,2026-04-13,13:14:00,420.0
3578,265,114,2,180,5,UPI,2026-01-25,20:00:35,342.0
3579,431,101,1,695,0,UPI,2026-06-12,18:46:18,695.0
3580,370,103,2,320,0,Card,2026-04-22,13:45:55,640.0
3581,492,128,1,150,0,UPI,2026-02-25,18:02:45,150.0
3582,153,117,1,130,0,Card,2026-06-07,12:21:30,130.0
3583,61,105,1,420,0,UPI,2026-02-12,12:53:51,420.0
3584,322,119,1,220,0,UPI,2026-03-20,21:17:47,220.0
3585,62,101,2,695,0,UPI,2026-03-15,12:37:56,1390.0
3586,206,108,2,695,0,Cash,2026-06-06,18:48:45,1390.0
3587,432,116,1,120,5,UPI,2026-05-09,11:32:29,114.0
3588,86,121,5,350,10,UPI,2026-01-01,18:50:49,1575.0
3589,89,105,2,420,0,UPI,2026-05-10,19:51:59,840.0
3590,261,111,1,320,0,UPI,2026-01-01,19:46:33,320.0
3591,308,117,2,130,0,Card,2026-05-08,18:57:41,260.0
3592,471,103,1,320,15,Card,2026-04-18,13:30:48,272.0
3593,241,118,2,150,0,Card,2026-05-28,13:37:31,300.0
3594,479,119,2,220,0,Card,2026-04-19,18:14:19,440.0
3595,294,119,3,220,0,UPI,2026-05-01,21:04:14,660.0
3596,390,107,1,695,0,UPI,2026-03-05,12:49:09,695.0
3597,490,125,2,120,10,UPI,2026-02-27,20:18:26,216.0
3598,168,109,1,650,0,UPI,2026-02-19,13:23:17,650.0
3599,477,102,1,380,10,UPI,2026-01-09,21:51:22,342.0
3600,266,118,1,150,0,UPI,2026-06-29,14:55:24,150.0
3601,12,104,1,390,5,UPI,2026-03-20,13:51:09,370.5
3602,409,101,2,695,0,UPI,2026-02-08,13:56:14,1390.0
3603,2,117,2,130,5,UPI,2026-06-08,11:36:46,247.0
3604,322,125,1,120,0,Card,2026-05-25,19:21:36,120.0
3605,449,107,1,695,0,UPI,2026-05-14,13:37:54,695.0
3606,105,107,2,695,0,Card,2026-04-05,20:45:00,1390.0
3607,134,105,1,420,0,UPI,2026-01-10,12:55:25,420.0
3608,200,104,1,390,0,Card,2026-04-16,19:32:11,390.0
3609,58,105,1,420,0,UPI,2026-06-14,19:12:44,420.0
3610,137,129,2,180,0,UPI,2026-04-23,14:43:11,360.0
3611,330,130,2,220,0,UPI,2026-06-16,20:47:16,440.0
3612,62,107,1,695,0,Cash,2026-04-13,21:28:13,695.0
3613,403,105,3,420,0,UPI,2026-04-27,11:25:57,1260.0
3614,491,127,1,90,0,UPI,2026-05-18,13:59:21,90.0
3615,274,103,2,320,0,Card,2026-05-10,18:51:00,640.0
3616,435,124,4,180,5,Card,2026-04-17,13:03:58,684.0
3617,176,120,3,120,0,UPI,2026-03-31,19:34:15,360.0
3618,191,111,5,320,5,Card,2026-04-21,18:36:49,1520.0
3619,15,101,1,695,10,UPI,2026-05-06,12:29:57,625.5
3620,246,120,1,120,0,UPI,2026-03-29,19:05:45,120.0
3621,268,120,1,120,0,Cash,2026-06-08,19:55:41,120.0
3622,138,107,2,695,0,Card,2026-04-19,12:08:38,1390.0
3623,7,105,4,420,0,Cash,2026-05-29,13:07:19,1680.0
3624,477,101,3,695,0,UPI,2026-02-23,13:44:56,2085.0
3625,132,106,2,300,5,UPI,2026-05-25,18:17:36,570.0
3626,27,104,3,390,0,UPI,2026-02-01,18:09:09,1170.0
3627,224,128,1,150,0,UPI,2026-05-12,21:06:11,150.0
3628,253,120,1,120,5,UPI,2026-02-02,18:49:40,114.0
3629,138,121,2,350,10,UPI,2026-03-09,12:43:47,630.0
3630,205,117,2,130,0,UPI,2026-06-19,13:22:12,260.0
3631,237,129,2,180,0,Cash,2026-03-16,13:41:09,360.0
3632,252,111,4,320,0,Card,2026-04-02,19:19:40,1280.0
3633,202,110,1,280,0,Cash,2026-02-26,12:06:31,280.0
3634,39,125,1,120,0,Card,2026-04-15,20:08:31,120.0
3635,484,118,2,150,0,Card,2026-06-11,14:38:02,300.0
3636,114,108,1,695,0,Cash,2026-06-14,14:38:15,695.0
3637,130,127,1,90,0,UPI,2026-06-18,13:18:40,90.0
3638,349,103,1,320,0,Card,2026-05-26,20:17:03,320.0
3639,190,101,3,695,15,Card,2026-06-11,14:51:05,1772.25
3640,319,125,1,120,0,Card,2026-02-23,19:55:50,120.0
3641,413,101,1,695,0,Card,2026-06-19,20:49:46,695.0
3642,481,116,2,120,5,Card,2026-02-08,13:01:07,228.0
3643,458,109,1,650,0,UPI,2026-05-04,19:30:06,650.0
3644,433,103,2,320,0,UPI,2026-05-14,18:33:31,640.0
3645,418,120,1,120,10,Cash,2026-06-27,13:01:42,108.0
3646,186,116,1,120,15,UPI,2026-02-23,18:38:24,102.0
3647,183,130,2,220,10,Card,2026-01-10,21:39:23,396.0
3648,31,115,3,150,0,UPI,2026-03-18,12:56:08,450.0
3649,284,108,3,695,0,UPI,2026-02-11,13:18:29,2085.0
3650,8,101,1,695,0,UPI,2026-05-04,11:19:07,695.0
3651,477,106,2,300,0,UPI,2026-02-05,21:49:49,600.0
3652,435,103,3,320,0,UPI,2026-04-15,19:32:48,960.0
3653,194,123,2,420,0,UPI,2026-05-01,14:48:21,840.0
3654,169,123,2,420,15,UPI,2026-04-21,14:30:47,714.0
3655,463,129,2,180,0,Card,2026-05-23,11:13:27,360.0
3656,346,130,1,220,0,UPI,2026-01-24,21:44:54,220.0
3657,362,110,1,280,10,Card,2026-05-23,22:16:12,252.0
3658,454,106,1,300,5,UPI,2026-06-25,18:15:25,285.0
3659,105,112,1,240,10,UPI,2026-05-04,13:51:48,216.0
3660,57,123,1,420,0,UPI,2026-03-29,18:10:23,420.0
3661,443,120,2,120,0,Cash,2026-01-09,11:36:10,240.0
3662,332,105,1,420,0,UPI,2026-01-06,13:48:01,420.0
3663,344,126,2,60,5,Card,2026-02-24,14:47:05,114.0
3664,334,124,2,180,10,Card,2026-01-21,11:08:29,324.0
3665,16,102,1,380,10,UPI,2026-06-21,13:34:06,342.0
3666,372,101,1,695,0,Cash,2026-06-02,18:55:35,695.0
3667,291,102,1,380,5,Cash,2026-06-12,13:01:06,361.0
3668,168,123,2,420,0,UPI,2026-01-07,19:30:16,840.0
3669,317,103,3,320,5,UPI,2026-04-20,19:45:26,912.0
3670,278,111,1,320,0,Card,2026-05-26,13:11:44,320.0
3671,474,101,1,695,5,UPI,2026-01-01,14:01:53,660.25
3672,346,120,1,120,15,UPI,2026-05-17,19:44:21,102.0
3673,228,114,1,180,0,UPI,2026-05-29,18:42:25,180.0
3674,194,108,1,695,5,Card,2026-06-21,19:22:14,660.25
3675,263,101,2,695,0,Card,2026-02-22,13:05:31,1390.0
3676,98,104,1,390,15,Cash,2026-06-19,18:46:11,331.5
3677,88,119,3,220,0,UPI,2026-06-13,12:16:26,660.0
3678,317,109,4,650,15,UPI,2026-03-09,14:13:04,2210.0
3679,332,118,3,150,0,Card,2026-04-10,13:57:54,450.0
3680,65,129,1,180,0,Card,2026-05-05,12:48:02,180.0
3681,235,109,1,650,0,Card,2026-05-18,14:52:06,650.0
3682,222,115,4,150,0,UPI,2026-05-31,18:58:51,600.0
3683,439,105,1,420,15,UPI,2026-05-05,20:52:14,357.0
3684,136,126,2,60,5,Cash,2026-04-29,20:57:00,114.0
3685,378,111,1,320,10,UPI,2026-02-25,13:04:07,288.0
3686,317,105,1,420,0,UPI,2026-05-24,13:41:06,420.0
3687,451,105,1,420,5,Card,2026-05-29,19:22:17,399.0
3688,169,108,1,695,15,Cash,2026-02-17,11:02:57,590.75
3689,14,114,1,180,5,UPI,2026-01-13,11:38:37,171.0
3690,351,118,2,150,0,UPI,2026-04-21,12:54:33,300.0
3691,237,114,2,180,5,UPI,2026-03-16,20:22:13,342.0
3692,116,103,1,320,0,UPI,2026-01-18,12:34:08,320.0
3693,426,120,1,120,5,Card,2026-05-23,21:09:33,114.0
3694,252,106,2,300,15,UPI,2026-01-22,19:13:28,510.0
3695,26,105,1,420,0,Card,2026-06-05,13:49:20,420.0
3696,365,122,2,320,15,UPI,2026-01-31,19:15:31,544.0
3697,28,117,2,130,0,UPI,2026-04-14,18:29:20,260.0
3698,103,116,2,120,0,UPI,2026-01-17,11:48:57,240.0
3699,57,103,1,320,10,Cash,2026-01-08,19:39:50,288.0
3700,26,120,1,120,5,UPI,2026-02-23,13:50:25,114.0
3701,188,121,1,350,0,Card,2026-01-14,18:42:02,350.0
3702,341,118,1,150,0,Card,2026-04-09,13:25:31,150.0
3703,490,112,1,240,5,UPI,2026-03-16,19:53:58,228.0
3704,178,119,1,220,5,UPI,2026-03-22,18:27:54,209.0
3705,56,114,1,180,0,UPI,2026-02-28,13:12:51,180.0
3706,30,121,2,350,0,UPI,2026-03-10,19:27:09,700.0
3707,10,111,5,320,0,Card,2026-05-23,12:57:08,1600.0
3708,92,122,2,320,0,Card,2026-02-14,12:08:26,640.0
3709,279,115,2,150,10,UPI,2026-04-10,12:03:52,270.0
3710,192,102,1,380,0,UPI,2026-04-11,12:26:51,380.0
3711,383,121,2,350,0,UPI,2026-06-26,20:23:11,700.0
3712,314,106,1,300,0,UPI,2026-06-01,19:57:27,300.0
3713,202,123,1,420,0,UPI,2026-03-04,20:33:37,420.0
3714,495,116,1,120,0,Cash,2026-02-28,20:47:56,120.0
3715,63,114,1,180,0,Card,2026-05-16,12:08:25,180.0
3716,128,121,1,350,0,Card,2026-01-15,18:38:31,350.0
3717,325,123,1,420,0,Card,2026-02-09,12:31:31,420.0
3718,258,129,3,180,0,Card,2026-06-02,20:45:35,540.0
3719,251,129,2,180,0,UPI,2026-05-10,12:40:47,360.0
3720,268,120,1,120,0,Cash,2026-03-31,12:37:12,120.0
3721,384,101,3,695,0,UPI,2026-03-08,19:09:41,2085.0
3722,117,105,2,420,0,UPI,2026-02-28,18:10:05,840.0
3723,211,121,1,350,0,UPI,2026-03-22,20:27:42,350.0
3724,253,110,3,280,5,UPI,2026-02-08,22:20:07,798.0
3725,113,106,1,300,10,Cash,2026-01-04,14:47:00,270.0
3726,276,103,3,320,0,UPI,2026-06-12,12:19:36,960.0
3727,327,105,1,420,0,UPI,2026-06-25,13:53:14,420.0
3728,169,114,4,180,0,UPI,2026-01-29,19:46:49,720.0
3729,164,105,2,420,0,UPI,2026-01-26,21:35:19,840.0
3730,150,118,1,150,0,UPI,2026-05-21,13:35:52,150.0
3731,230,101,1,695,0,UPI,2026-01-11,19:50:50,695.0
3732,69,128,1,150,0,UPI,2026-02-20,13:46:25,150.0
3733,100,118,3,150,0,UPI,2026-05-10,21:51:01,450.0
3734,137,117,2,130,0,Cash,2026-01-16,21:14:52,260.0
3735,262,102,2,380,0,UPI,2026-05-29,19:01:08,760.0
3736,491,119,1,220,5,Card,2026-05-28,13:46:21,209.0
3737,343,129,1,180,10,UPI,2026-01-14,18:43:44,162.0
3738,159,120,1,120,10,UPI,2026-02-05,21:48:27,108.0
3739,328,108,2,695,0,UPI,2026-02-07,20:27:41,1390.0
3740,272,105,2,420,0,Cash,2026-06-04,13:36:54,840.0
3741,411,103,2,320,5,Card,2026-01-31,18:40:44,608.0
3742,176,120,2,120,0,UPI,2026-04-21,19:53:23,240.0
3743,419,113,1,220,0,UPI,2026-02-18,14:22:24,220.0
3744,69,113,1,220,5,Cash,2026-02-19,20:18:54,209.0
3745,326,112,3,240,10,UPI,2026-05-12,19:21:10,648.0
3746,330,113,2,220,0,Cash,2026-03-25,11:20:34,440.0
3747,314,116,1,120,0,UPI,2026-03-21,13:41:31,120.0
3748,283,101,1,695,5,UPI,2026-06-27,19:20:42,660.25
3749,427,112,2,240,0,UPI,2026-06-28,12:00:18,480.0
3750,265,102,1,380,10,Card,2026-01-24,13:32:58,342.0
3751,418,116,2,120,10,UPI,2026-02-07,13:01:32,216.0
3752,451,103,1,320,5,UPI,2026-03-19,11:20:53,304.0
3753,439,113,1,220,15,Card,2026-04-30,19:02:28,187.0
3754,245,122,2,320,0,UPI,2026-03-13,14:32:06,640.0
3755,494,104,3,390,0,UPI,2026-05-17,11:05:44,1170.0
3756,491,102,1,380,0,UPI,2026-02-07,12:24:51,380.0
3757,227,101,2,695,0,UPI,2026-05-24,19:23:47,1390.0
3758,188,106,1,300,5,UPI,2026-05-15,21:39:00,285.0
3759,199,104,2,390,0,UPI,2026-05-17,13:55:52,780.0
3760,146,104,3,390,5,UPI,2026-02-10,20:07:41,1111.5
3761,96,128,1,150,0,UPI,2026-03-28,19:02:09,150.0
3762,445,119,1,220,0,Card,2026-01-01,13:02:48,220.0
3763,215,113,1,220,0,UPI,2026-01-09,13:48:11,220.0
3764,487,101,1,695,0,UPI,2026-02-04,11:36:01,695.0
3765,28,119,2,220,0,UPI,2026-02-04,19:49:59,440.0
3766,329,102,5,380,0,UPI,2026-03-09,20:10:22,1900.0
3767,463,107,1,695,0,Card,2026-04-30,19:12:33,695.0
3768,209,106,2,300,5,UPI,2026-02-09,18:42:57,570.0
3769,377,105,4,420,0,UPI,2026-01-27,22:28:07,1680.0
3770,228,105,1,420,0,UPI,2026-01-28,12:49:34,420.0
3771,413,108,2,695,0,UPI,2026-05-06,20:21:31,1390.0
3772,168,115,4,150,0,Card,2026-05-07,12:16:45,600.0
3773,273,120,1,120,10,UPI,2026-06-10,14:29:40,108.0
3774,54,103,1,320,0,UPI,2026-01-16,11:09:17,320.0
3775,235,116,1,120,0,UPI,2026-05-07,13:56:16,120.0
3776,428,128,3,150,0,UPI,2026-02-25,12:24:21,450.0
3777,229,101,1,695,0,Card,2026-01-09,19:35:41,695.0
3778,318,110,2,280,0,UPI,2026-06-27,13:45:55,560.0
3779,4,122,1,320,10,UPI,2026-03-04,21:53:11,288.0
3780,366,118,3,150,5,Card,2026-06-15,19:58:57,427.5
3781,446,115,1,150,0,UPI,2026-01-17,19:19:23,150.0
3782,187,121,2,350,0,UPI,2026-06-23,13:01:06,700.0
3783,302,104,1,390,0,Cash,2026-01-06,14:11:02,390.0
3784,396,116,1,120,0,Card,2026-05-20,14:08:44,120.0
3785,424,110,1,280,5,Card,2026-01-20,20:07:05,266.0
3786,163,127,1,90,10,Cash,2026-06-18,18:11:26,81.0
3787,186,109,1,650,0,Cash,2026-02-06,19:21:03,650.0
3788,390,107,1,695,0,UPI,2026-03-15,13:22:45,695.0
3789,31,124,1,180,5,Card,2026-05-02,19:36:27,171.0
3790,442,101,1,695,0,UPI,2026-06-12,12:44:57,695.0
3791,303,107,1,695,0,Card,2026-03-11,20:36:28,695.0
3792,444,106,1,300,0,Card,2026-05-03,20:14:20,300.0
3793,313,117,1,130,0,Card,2026-06-20,20:01:24,130.0
3794,395,104,1,390,10,UPI,2026-03-31,20:25:42,351.0
3795,130,128,1,150,0,Card,2026-04-07,12:34:17,150.0
3796,25,116,1,120,10,Card,2026-06-07,18:33:50,108.0
3797,254,119,5,220,0,UPI,2026-04-15,20:50:39,1100.0
3798,466,126,2,60,10,Cash,2026-03-16,11:44:09,108.0
3799,425,111,1,320,5,Cash,2026-03-08,11:57:40,304.0
3800,258,105,2,420,5,UPI,2026-06-25,20:29:30,798.0
3801,405,105,1,420,5,UPI,2026-06-10,13:00:42,399.0
3802,161,109,4,650,5,Card,2026-06-01,13:46:38,2470.0
3803,103,110,2,280,0,UPI,2026-04-25,14:11:56,560.0
3804,116,102,1,380,0,UPI,2026-01-29,13:50:37,380.0
3805,407,110,2,280,10,UPI,2026-02-15,19:09:55,504.0
3806,320,116,2,120,0,UPI,2026-03-19,12:45:57,240.0
3807,344,106,2,300,0,UPI,2026-03-12,14:16:52,600.0
3808,478,106,2,300,0,Cash,2026-04-24,21:11:07,600.0
3809,399,101,3,695,0,UPI,2026-06-09,12:37:40,2085.0
3810,285,102,1,380,5,UPI,2026-06-21,20:09:08,361.0
3811,63,101,1,695,0,UPI,2026-03-16,14:34:32,695.0
3812,278,125,1,120,0,UPI,2026-03-05,13:15:38,120.0
3813,466,127,3,90,0,UPI,2026-01-28,11:37:15,270.0
3814,394,118,4,150,0,UPI,2026-03-05,12:28:28,600.0
3815,296,109,1,650,0,UPI,2026-05-04,12:17:33,650.0
3816,275,119,1,220,0,UPI,2026-06-07,19:04:54,220.0
3817,500,102,1,380,0,UPI,2026-03-08,20:39:10,380.0
3818,144,101,2,695,0,UPI,2026-01-13,13:20:36,1390.0
3819,330,115,4,150,10,UPI,2026-02-28,21:16:33,540.0
3820,209,121,3,350,0,UPI,2026-02-26,19:46:15,1050.0
3821,414,125,1,120,5,Cash,2026-03-08,13:56:47,114.0
3822,200,107,1,695,0,Card,2026-02-05,22:55:29,695.0
3823,476,101,5,695,10,Card,2026-06-28,20:11:46,3127.5
3824,407,112,1,240,0,Cash,2026-01-03,19:35:20,240.0
3825,429,108,3,695,0,Card,2026-04-08,20:44:01,2085.0
3826,420,130,2,220,0,Card,2026-06-05,19:10:36,440.0
3827,91,105,2,420,0,Card,2026-06-24,19:12:05,840.0
3828,7,121,2,350,0,UPI,2026-02-27,12:35:34,700.0
3829,246,112,1,240,10,UPI,2026-06-17,19:58:45,216.0
3830,347,101,1,695,0,Cash,2026-01-18,11:26:35,695.0
3831,144,121,2,350,5,UPI,2026-03-09,19:04:14,665.0
3832,186,120,1,120,0,UPI,2026-02-03,12:15:51,120.0
3833,205,112,1,240,0,Card,2026-05-16,19:51:15,240.0
3834,349,119,1,220,10,Card,2026-02-09,20:20:35,198.0
3835,410,127,1,90,0,UPI,2026-04-27,18:13:18,90.0
3836,318,102,2,380,0,Card,2026-03-14,18:55:09,760.0
3837,248,119,2,220,5,UPI,2026-06-15,13:33:48,418.0
3838,485,118,1,150,15,Cash,2026-06-26,13:49:58,127.5
3839,316,124,4,180,0,UPI,2026-01-01,14:46:03,720.0
3840,490,110,5,280,0,Card,2026-02-03,13:59:21,1400.0
3841,45,126,3,60,0,UPI,2026-02-02,18:32:00,180.0
3842,19,109,1,650,0,Card,2026-01-26,13:55:57,650.0
3843,231,121,2,350,0,Card,2026-06-19,11:56:16,700.0
3844,227,129,1,180,15,UPI,2026-06-04,19:35:11,153.0
3845,481,125,1,120,0,UPI,2026-05-01,14:54:00,120.0
3846,321,114,1,180,5,UPI,2026-06-01,20:30:01,171.0
3847,147,118,4,150,0,UPI,2026-06-10,13:10:24,600.0
3848,395,123,1,420,0,Cash,2026-03-18,14:37:21,420.0
3849,390,120,1,120,0,UPI,2026-01-08,12:10:30,120.0
3850,197,103,1,320,0,Card,2026-05-29,14:59:58,320.0
3851,208,107,2,695,0,UPI,2026-05-15,12:36:33,1390.0
3852,167,104,1,390,0,Card,2026-04-01,19:57:25,390.0
3853,400,110,1,280,0,UPI,2026-03-14,19:53:41,280.0
3854,282,119,1,220,10,Cash,2026-02-17,12:24:03,198.0
3855,315,117,1,130,0,UPI,2026-05-11,12:08:18,130.0
3856,279,117,1,130,0,UPI,2026-05-30,13:20:54,130.0
3857,398,102,1,380,0,UPI,2026-04-25,13:38:18,380.0
3858,296,113,2,220,5,UPI,2026-02-12,14:30:27,418.0
3859,487,112,2,240,0,UPI,2026-06-05,21:41:47,480.0
3860,271,116,2,120,0,UPI,2026-05-01,12:39:32,240.0
3861,219,118,1,150,0,Card,2026-06-09,13:04:10,150.0
3862,20,101,1,695,10,Cash,2026-06-06,12:38:09,625.5
3863,465,121,2,350,0,Card,2026-03-23,21:55:33,700.0
3864,387,112,2,240,0,Cash,2026-05-29,13:27:32,480.0
3865,12,127,1,90,5,UPI,2026-05-01,20:37:02,85.5
3866,185,118,1,150,0,Card,2026-02-27,19:13:27,150.0
3867,148,125,1,120,0,Cash,2026-02-03,20:32:57,120.0
3868,79,108,2,695,0,UPI,2026-02-03,11:41:17,1390.0
3869,238,123,4,420,15,UPI,2026-05-15,11:18:24,1428.0
3870,16,105,2,420,0,UPI,2026-04-12,22:06:14,840.0
3871,468,118,1,150,5,Card,2026-06-29,13:32:11,142.5
3872,15,110,4,280,0,Cash,2026-01-22,19:39:03,1120.0
3873,171,120,1,120,15,Card,2026-05-25,13:45:29,102.0
3874,405,104,4,390,0,Cash,2026-03-29,19:52:39,1560.0
3875,196,107,2,695,5,UPI,2026-06-08,11:45:10,1320.5
3876,124,107,4,695,0,UPI,2026-05-29,19:50:58,2780.0
3877,341,106,1,300,5,Card,2026-03-16,13:54:08,285.0
3878,240,106,2,300,0,Cash,2026-05-30,12:24:31,600.0
3879,207,124,3,180,0,Cash,2026-06-09,20:28:45,540.0
3880,52,119,1,220,0,UPI,2026-03-07,19:19:16,220.0
3881,257,107,1,695,5,UPI,2026-05-15,11:23:52,660.25
3882,277,118,2,150,10,UPI,2026-06-17,20:09:11,270.0
3883,46,123,2,420,5,UPI,2026-05-06,21:44:41,798.0
3884,367,115,1,150,10,UPI,2026-01-24,18:27:56,135.0
3885,420,103,2,320,5,UPI,2026-05-14,19:02:53,608.0
3886,408,103,1,320,5,UPI,2026-04-20,19:41:37,304.0
3887,162,122,1,320,0,UPI,2026-05-06,13:14:49,320.0
3888,440,130,1,220,10,UPI,2026-03-09,19:34:55,198.0
3889,450,107,1,695,0,UPI,2026-03-09,18:44:16,695.0
3890,467,106,2,300,0,Cash,2026-01-22,21:01:20,600.0
3891,240,121,3,350,0,UPI,2026-05-12,12:16:11,1050.0
3892,383,118,2,150,0,UPI,2026-02-24,21:51:11,300.0
3893,317,118,1,150,15,UPI,2026-01-31,12:20:23,127.5
3894,188,104,1,390,0,UPI,2026-01-05,13:54:03,390.0
3895,67,103,2,320,0,Card,2026-01-31,13:39:49,640.0
3896,79,105,3,420,0,Cash,2026-04-17,13:52:56,1260.0
3897,59,129,1,180,5,UPI,2026-04-30,13:12:47,171.0
3898,483,101,1,695,10,UPI,2026-06-12,19:15:25,625.5
3899,35,125,1,120,0,UPI,2026-05-03,18:41:10,120.0
3900,350,120,1,120,0,UPI,2026-05-18,13:34:24,120.0
3901,376,102,1,380,0,Card,2026-05-12,20:23:41,380.0
3902,66,117,1,130,15,UPI,2026-05-01,14:53:01,110.5
3903,244,102,5,380,5,UPI,2026-06-12,13:21:11,1805.0
3904,347,101,1,695,0,Cash,2026-02-13,19:37:28,695.0
3905,147,102,2,380,10,UPI,2026-04-07,19:52:42,684.0
3906,16,118,1,150,10,Cash,2026-03-16,20:21:30,135.0
3907,46,122,1,320,0,Card,2026-06-09,13:25:46,320.0
3908,35,128,1,150,0,UPI,2026-06-24,12:04:08,150.0
3909,259,117,1,130,5,Cash,2026-02-13,19:56:20,123.5
3910,396,117,2,130,15,UPI,2026-03-10,21:36:49,221.0
3911,500,122,3,320,5,UPI,2026-01-03,20:31:35,912.0
3912,283,106,1,300,5,Card,2026-05-26,12:14:28,285.0
3913,390,120,1,120,0,UPI,2026-03-28,14:11:00,120.0
3914,499,116,1,120,5,UPI,2026-01-06,19:56:28,114.0
3915,164,130,2,220,0,Card,2026-04-09,13:55:38,440.0
3916,175,117,1,130,10,UPI,2026-04-29,11:10:00,117.0
3917,489,120,2,120,0,UPI,2026-05-24,19:28:10,240.0
3918,425,112,2,240,0,Card,2026-03-04,13:37:30,480.0
3919,189,105,1,420,0,UPI,2026-04-06,18:17:35,420.0
3920,247,109,3,650,0,UPI,2026-01-25,13:50:25,1950.0
3921,330,101,2,695,5,UPI,2026-05-27,22:20:56,1320.5
3922,227,101,1,695,15,UPI,2026-01-12,19:49:19,590.75
3923,299,106,1,300,0,UPI,2026-04-20,12:44:44,300.0
3924,90,109,2,650,0,UPI,2026-04-14,20:04:47,1300.0
3925,445,107,1,695,0,UPI,2026-02-20,21:04:27,695.0
3926,206,123,2,420,0,UPI,2026-05-14,14:43:07,840.0
3927,492,107,1,695,10,UPI,2026-01-18,20:13:05,625.5
3928,479,102,2,380,0,UPI,2026-03-09,18:23:01,760.0
3929,461,105,3,420,0,UPI,2026-06-08,14:20:02,1260.0
3930,316,114,2,180,0,Cash,2026-01-17,14:09:19,360.0
3931,341,117,3,130,5,Card,2026-02-17,12:39:24,370.5
3932,257,108,1,695,0,UPI,2026-04-12,12:44:03,695.0
3933,343,112,2,240,0,UPI,2026-04-04,18:54:12,480.0
3934,44,102,5,380,5,UPI,2026-05-11,13:12:56,1805.0
3935,211,108,1,695,0,UPI,2026-04-13,19:58:28,695.0
3936,335,102,5,380,5,UPI,2026-05-13,20:08:50,1805.0
3937,480,111,1,320,5,UPI,2026-03-31,13:38:21,304.0
3938,291,116,1,120,10,Card,2026-03-07,21:42:30,108.0
3939,54,129,1,180,0,UPI,2026-01-05,18:03:46,180.0
3940,500,116,1,120,5,UPI,2026-01-26,13:12:42,114.0
3941,96,125,4,120,10,UPI,2026-03-04,13:30:46,432.0
3942,210,101,1,695,5,Cash,2026-02-04,19:55:00,660.25
3943,428,112,1,240,5,UPI,2026-06-29,19:39:42,228.0
3944,94,114,3,180,15,Cash,2026-01-10,21:04:20,459.0
3945,160,130,3,220,10,UPI,2026-01-02,12:30:50,594.0
3946,285,103,1,320,5,Card,2026-01-19,14:10:36,304.0
3947,60,105,3,420,0,UPI,2026-04-11,20:22:21,1260.0
3948,437,105,2,420,0,Cash,2026-05-04,21:57:31,840.0
3949,101,114,2,180,10,UPI,2026-02-13,18:10:21,324.0
3950,305,103,4,320,5,UPI,2026-06-27,19:58:32,1216.0
3951,358,126,3,60,5,UPI,2026-04-13,12:27:12,171.0
3952,121,101,1,695,0,UPI,2026-01-12,12:01:11,695.0
3953,308,101,1,695,0,Card,2026-03-21,18:03:43,695.0
3954,443,123,1,420,15,UPI,2026-04-16,13:22:46,357.0
3955,13,105,1,420,0,Card,2026-05-20,19:06:12,420.0
3956,178,120,1,120,5,Cash,2026-01-10,20:04:09,114.0
3957,153,125,5,120,0,UPI,2026-06-23,19:19:01,600.0
3958,24,127,1,90,0,Cash,2026-06-30,20:19:13,90.0
3959,356,101,2,695,0,Card,2026-01-28,21:32:32,1390.0
3960,24,101,2,695,0,Cash,2026-04-27,11:19:25,1390.0
3961,74,117,1,130,0,UPI,2026-02-09,12:47:57,130.0
3962,130,104,1,390,0,Cash,2026-06-22,18:27:55,390.0
3963,320,102,2,380,0,UPI,2026-01-26,12:20:27,760.0
3964,349,114,3,180,15,UPI,2026-05-08,14:27:23,459.0
3965,165,115,2,150,0,Card,2026-03-11,20:42:33,300.0
3966,233,118,1,150,10,Card,2026-02-25,13:02:17,135.0
3967,154,104,3,390,0,UPI,2026-01-10,12:41:53,1170.0
3968,463,104,1,390,5,Card,2026-02-10,19:03:32,370.5
3969,118,105,1,420,0,Card,2026-06-15,19:17:23,420.0
3970,187,107,1,695,0,UPI,2026-02-12,21:37:33,695.0
3971,472,127,1,90,0,UPI,2026-04-14,21:08:19,90.0
3972,365,120,1,120,5,UPI,2026-01-11,12:15:14,114.0
3973,161,101,1,695,0,Card,2026-02-20,20:04:55,695.0
3974,352,123,1,420,0,Cash,2026-04-30,14:51:41,420.0
3975,435,114,5,180,15,Card,2026-03-11,19:37:09,765.0
3976,435,105,2,420,5,UPI,2026-06-19,13:59:56,798.0
3977,149,119,1,220,0,UPI,2026-01-03,19:41:09,220.0
3978,415,104,1,390,0,UPI,2026-04-22,11:40:19,390.0
3979,339,108,2,695,0,UPI,2026-03-07,13:58:21,1390.0
3980,155,115,1,150,10,UPI,2026-05-18,13:27:13,135.0
3981,430,120,1,120,10,UPI,2026-03-25,12:28:17,108.0
3982,427,128,4,150,10,UPI,2026-04-02,19:44:58,540.0
3983,420,130,1,220,0,UPI,2026-05-27,19:00:13,220.0
3984,72,121,3,350,0,Card,2026-06-17,14:48:21,1050.0
3985,323,106,1,300,10,UPI,2026-01-12,19:10:04,270.0
3986,27,115,2,150,0,UPI,2026-04-22,19:11:53,300.0
3987,219,115,1,150,0,Card,2026-01-16,13:17:37,150.0
3988,469,116,1,120,0,Card,2026-06-14,12:49:36,120.0
3989,264,129,1,180,0,UPI,2026-06-28,19:11:04,180.0
3990,296,125,1,120,0,UPI,2026-05-05,13:37:47,120.0
3991,238,124,4,180,0,Card,2026-04-17,19:22:43,720.0
3992,322,107,1,695,0,UPI,2026-05-31,21:21:23,695.0
3993,129,124,2,180,0,Card,2026-02-21,19:11:18,360.0
3994,255,111,2,320,0,Cash,2026-04-28,14:25:09,640.0
3995,106,117,1,130,0,UPI,2026-05-26,13:30:35,130.0
3996,219,128,1,150,0,Card,2026-06-30,19:05:48,150.0
3997,178,108,1,695,5,Card,2026-03-18,19:41:05,660.25
3998,380,116,2,120,0,Cash,2026-01-14,18:04:46,240.0
3999,251,115,2,150,5,UPI,2026-01-11,19:15:40,285.0
4000,47,125,1,120,0,Cash,2026-04-28,13:12:34,120.0
4001,462,122,1,320,0,Cash,2026-05-09,13:17:46,320.0
4002,188,101,2,695,0,Card,2026-05-05,19:34:50,1390.0
4003,170,107,2,695,0,Card,2026-05-15,21:15:38,1390.0
4004,192,122,5,320,5,Card,2026-03-04,20:36:00,1520.0
4005,269,104,1,390,15,UPI,2026-02-26,13:10:38,331.5
4006,104,115,1,150,5,Card,2026-01-17,20:43:48,142.5
4007,67,115,1,150,0,UPI,2026-04-16,21:16:45,150.0
4008,441,125,3,120,0,UPI,2026-06-02,14:31:20,360.0
4009,436,104,1,390,0,UPI,2026-05-13,18:30:07,390.0
4010,319,128,1,150,0,Cash,2026-03-30,13:15:19,150.0
4011,389,103,2,320,10,UPI,2026-02-28,11:44:10,576.0
4012,370,102,2,380,0,UPI,2026-01-20,20:19:25,760.0
4013,220,116,1,120,0,UPI,2026-01-01,19:40:57,120.0
4014,8,116,1,120,0,UPI,2026-05-06,14:24:22,120.0
4015,253,102,1,380,15,UPI,2026-06-06,11:12:24,323.0
4016,22,111,1,320,0,Card,2026-02-09,12:06:12,320.0
4017,180,106,1,300,0,Cash,2026-03-07,18:03:32,300.0
4018,462,125,3,120,0,UPI,2026-04-08,14:37:44,360.0
4019,63,121,4,350,5,Card,2026-04-17,20:44:19,1330.0
4020,492,107,1,695,0,UPI,2026-03-23,13:33:28,695.0
4021,471,128,4,150,0,UPI,2026-06-23,13:30:29,600.0
4022,255,105,2,420,5,UPI,2026-01-18,13:25:35,798.0
4023,403,126,2,60,0,Card,2026-04-10,14:02:58,120.0
4024,96,101,1,695,0,UPI,2026-04-03,22:15:35,695.0
4025,424,111,1,320,0,UPI,2026-03-29,19:05:33,320.0
4026,342,103,1,320,15,UPI,2026-01-22,13:00:57,272.0
4027,365,125,3,120,5,Cash,2026-05-25,20:26:58,342.0
4028,473,127,1,90,0,Cash,2026-05-31,12:13:57,90.0
4029,184,128,1,150,0,UPI,2026-06-17,14:08:15,150.0
4030,398,106,2,300,5,UPI,2026-01-29,22:50:26,570.0
4031,243,108,2,695,0,Card,2026-06-02,12:48:03,1390.0
4032,428,114,1,180,0,Card,2026-01-03,20:28:44,180.0
4033,170,119,1,220,0,UPI,2026-06-24,19:01:12,220.0
4034,438,105,1,420,5,UPI,2026-03-27,14:28:51,399.0
4035,392,107,1,695,0,UPI,2026-04-25,13:12:15,695.0
4036,120,105,1,420,5,Cash,2026-04-27,13:50:37,399.0
4037,9,108,2,695,0,Card,2026-06-13,21:54:26,1390.0
4038,480,114,2,180,0,Cash,2026-01-21,20:56:52,360.0
4039,70,125,1,120,0,UPI,2026-06-07,18:17:01,120.0
4040,373,128,1,150,0,Cash,2026-01-07,20:10:03,150.0
4041,338,129,1,180,0,UPI,2026-06-16,21:47:54,180.0
4042,104,102,5,380,0,Card,2026-04-09,20:09:33,1900.0
4043,204,103,2,320,0,Cash,2026-06-25,21:31:58,640.0
4044,410,105,1,420,5,UPI,2026-04-21,19:32:10,399.0
4045,447,104,1,390,15,UPI,2026-01-23,13:04:33,331.5
4046,198,128,2,150,0,UPI,2026-04-13,12:42:09,300.0
4047,357,123,2,420,0,UPI,2026-03-11,19:57:38,840.0
4048,390,116,2,120,0,UPI,2026-03-18,13:55:55,240.0
4049,460,111,1,320,0,UPI,2026-03-21,14:29:41,320.0
4050,448,120,2,120,0,UPI,2026-05-01,14:18:05,240.0
4051,290,105,2,420,10,Cash,2026-05-25,18:49:09,756.0
4052,5,128,1,150,0,Card,2026-04-30,19:15:31,150.0
4053,48,128,3,150,0,Cash,2026-02-13,19:08:01,450.0
4054,58,119,2,220,0,UPI,2026-02-24,13:36:32,440.0
4055,216,120,2,120,10,UPI,2026-01-04,14:30:44,216.0
4056,319,120,1,120,0,Card,2026-02-14,18:46:35,120.0
4057,380,121,1,350,10,Card,2026-03-26,13:25:12,315.0
4058,177,110,1,280,0,UPI,2026-06-15,13:45:40,280.0
4059,43,117,1,130,0,UPI,2026-03-12,12:59:03,130.0
4060,363,126,2,60,0,UPI,2026-06-14,12:51:14,120.0
4061,348,127,1,90,10,Card,2026-06-16,18:45:44,81.0
4062,318,118,2,150,5,UPI,2026-03-02,21:00:12,285.0
4063,229,108,3,695,0,Card,2026-06-13,18:17:14,2085.0
4064,318,102,2,380,0,Cash,2026-02-17,12:15:34,760.0
4065,40,124,5,180,0,Card,2026-04-04,18:15:06,900.0
4066,191,112,3,240,0,Card,2026-05-20,14:03:14,720.0
4067,180,115,1,150,0,UPI,2026-05-02,21:43:42,150.0
4068,197,126,1,60,5,UPI,2026-02-11,19:56:51,57.0
4069,317,118,3,150,0,UPI,2026-04-29,19:11:59,450.0
4070,18,115,1,150,0,UPI,2026-03-28,12:23:15,150.0
4071,30,109,1,650,10,UPI,2026-03-13,20:21:51,585.0
4072,274,102,1,380,10,Cash,2026-01-23,13:01:18,342.0
4073,294,128,2,150,0,Card,2026-05-10,20:40:10,300.0
4074,435,113,2,220,0,Card,2026-06-17,19:01:03,440.0
4075,85,113,1,220,0,UPI,2026-06-03,14:39:26,220.0
4076,171,105,2,420,0,UPI,2026-04-14,18:42:29,840.0
4077,243,105,2,420,0,UPI,2026-05-05,18:17:25,840.0
4078,128,119,3,220,0,Card,2026-01-03,19:05:51,660.0
4079,458,102,1,380,0,UPI,2026-02-16,11:26:16,380.0
4080,48,103,2,320,5,UPI,2026-05-03,13:40:28,608.0
4081,22,109,1,650,0,UPI,2026-05-12,12:00:31,650.0
4082,255,102,4,380,0,UPI,2026-01-14,12:14:36,1520.0
4083,353,125,2,120,0,UPI,2026-01-11,12:05:43,240.0
4084,132,101,3,695,0,UPI,2026-05-04,13:24:14,2085.0
4085,363,107,2,695,0,UPI,2026-02-07,12:42:26,1390.0
4086,446,111,1,320,10,Card,2026-01-27,13:52:21,288.0
4087,472,130,3,220,5,Card,2026-06-28,12:37:54,627.0
4088,493,120,2,120,0,UPI,2026-02-19,14:30:25,240.0
4089,68,117,2,130,0,UPI,2026-04-30,19:17:24,260.0
4090,17,108,1,695,0,Cash,2026-03-29,12:42:19,695.0
4091,478,107,2,695,0,Card,2026-02-04,20:21:23,1390.0
4092,30,103,2,320,0,UPI,2026-01-28,11:12:23,640.0
4093,112,120,1,120,0,Card,2026-06-15,21:25:25,120.0
4094,397,128,2,150,0,Cash,2026-01-10,12:59:48,300.0
4095,368,102,2,380,15,UPI,2026-05-04,13:22:27,646.0
4096,50,115,1,150,5,UPI,2026-06-30,11:47:43,142.5
4097,454,110,4,280,0,UPI,2026-06-18,19:59:44,1120.0
4098,284,117,1,130,0,UPI,2026-04-06,18:10:51,130.0
4099,381,116,5,120,10,Card,2026-01-16,22:37:29,540.0
4100,218,114,1,180,0,UPI,2026-03-17,19:51:58,180.0
4101,325,118,3,150,0,Card,2026-06-09,14:35:36,450.0
4102,419,123,1,420,0,UPI,2026-01-02,20:24:53,420.0
4103,269,105,1,420,5,UPI,2026-01-01,13:54:15,399.0
4104,348,126,1,60,0,UPI,2026-01-05,13:23:59,60.0
4105,21,120,3,120,0,UPI,2026-03-15,20:39:57,360.0
4106,39,108,1,695,0,UPI,2026-03-12,21:45:24,695.0
4107,293,103,2,320,0,UPI,2026-04-12,13:49:43,640.0
4108,59,106,1,300,5,UPI,2026-01-18,20:15:07,285.0
4109,226,110,1,280,15,UPI,2026-05-20,13:51:35,238.0
4110,384,123,1,420,0,UPI,2026-02-10,21:44:05,420.0
4111,184,120,2,120,0,Cash,2026-05-04,18:19:57,240.0
4112,379,123,3,420,0,UPI,2026-04-29,19:52:09,1260.0
4113,246,127,2,90,0,UPI,2026-06-18,21:02:13,180.0
4114,149,115,4,150,5,Cash,2026-04-15,20:15:46,570.0
4115,310,119,1,220,0,Card,2026-01-01,14:23:50,220.0
4116,139,118,1,150,0,UPI,2026-06-07,12:10:19,150.0
4117,246,115,4,150,0,Card,2026-03-05,19:44:07,600.0
4118,498,107,1,695,15,Cash,2026-05-27,12:43:05,590.75
4119,290,111,1,320,0,UPI,2026-04-16,13:02:11,320.0
4120,121,117,2,130,0,UPI,2026-04-21,20:07:26,260.0
4121,420,127,2,90,10,UPI,2026-02-03,20:30:22,162.0
4122,397,111,1,320,0,Card,2026-03-12,13:00:23,320.0
4123,135,127,2,90,0,UPI,2026-05-28,20:04:19,180.0
4124,89,108,1,695,0,Card,2026-04-05,19:41:35,695.0
4125,470,121,2,350,10,Cash,2026-05-14,21:34:03,630.0
4126,472,105,2,420,0,UPI,2026-01-04,20:58:24,840.0
4127,5,102,1,380,0,UPI,2026-03-18,19:40:40,380.0
4128,464,123,2,420,0,UPI,2026-06-10,19:49:08,840.0
4129,385,120,1,120,5,UPI,2026-01-19,21:05:07,114.0
4130,486,126,2,60,0,UPI,2026-05-18,13:57:23,120.0
4131,261,129,5,180,0,UPI,2026-06-20,13:11:25,900.0
4132,232,103,1,320,0,UPI,2026-05-03,19:50:09,320.0
4133,492,104,2,390,0,Card,2026-01-29,18:59:48,780.0
4134,80,120,2,120,0,UPI,2026-05-14,12:59:39,240.0
4135,210,118,2,150,0,UPI,2026-01-22,19:21:41,300.0
4136,317,106,2,300,5,UPI,2026-02-16,21:54:58,570.0
4137,120,128,2,150,0,Cash,2026-06-27,21:32:54,300.0
4138,349,102,4,380,5,UPI,2026-06-24,20:19:44,1444.0
4139,409,109,2,650,0,UPI,2026-04-23,14:35:23,1300.0
4140,150,119,2,220,0,UPI,2026-04-20,20:04:46,440.0
4141,97,125,4,120,0,UPI,2026-06-15,12:22:08,480.0
4142,401,118,2,150,0,UPI,2026-04-11,20:53:13,300.0
4143,50,107,1,695,15,Cash,2026-04-19,19:07:27,590.75
4144,132,102,1,380,0,UPI,2026-01-10,20:43:43,380.0
4145,249,102,1,380,0,UPI,2026-02-12,20:12:32,380.0
4146,403,116,1,120,15,Card,2026-03-14,19:57:18,102.0
4147,14,125,2,120,0,Card,2026-03-06,18:47:27,240.0
4148,200,113,2,220,0,Card,2026-01-30,12:33:08,440.0
4149,75,116,2,120,0,Card,2026-04-18,12:56:03,240.0
4150,130,127,2,90,10,UPI,2026-03-28,12:30:55,162.0
4151,323,117,1,130,0,UPI,2026-06-10,11:26:12,130.0
4152,123,128,1,150,0,Card,2026-04-13,19:26:39,150.0
4153,332,101,1,695,5,UPI,2026-05-24,20:27:55,660.25
4154,157,101,3,695,0,UPI,2026-02-01,18:04:21,2085.0
4155,203,103,1,320,0,Card,2026-03-26,19:27:24,320.0
4156,117,113,1,220,0,Card,2026-06-16,12:13:01,220.0
4157,305,123,1,420,0,UPI,2026-01-28,13:36:30,420.0
4158,312,103,2,320,0,UPI,2026-04-27,12:31:35,640.0
4159,116,119,1,220,0,Card,2026-06-04,18:24:27,220.0
4160,350,125,1,120,0,Cash,2026-01-22,14:21:00,120.0
4161,160,101,1,695,10,Card,2026-05-12,19:36:00,625.5
4162,56,117,1,130,0,UPI,2026-04-24,13:56:31,130.0
4163,84,123,1,420,0,Cash,2026-04-18,21:34:32,420.0
4164,456,105,2,420,15,Cash,2026-05-15,13:20:19,714.0
4165,110,113,2,220,0,Card,2026-05-24,19:13:10,440.0
4166,283,106,1,300,0,Card,2026-04-24,14:38:38,300.0
4167,121,111,2,320,0,Cash,2026-06-29,12:12:32,640.0
4168,491,119,1,220,5,UPI,2026-06-16,19:11:34,209.0
4169,63,123,1,420,0,Card,2026-03-08,18:11:33,420.0
4170,419,113,2,220,0,UPI,2026-05-09,12:20:48,440.0
4171,16,116,1,120,0,UPI,2026-06-16,14:29:50,120.0
4172,235,111,2,320,0,UPI,2026-03-17,12:30:50,640.0
4173,345,118,3,150,15,Card,2026-01-27,19:29:12,382.5
4174,205,103,1,320,15,Card,2026-03-14,22:40:43,272.0
4175,159,116,1,120,0,UPI,2026-01-10,14:45:36,120.0
4176,97,126,4,60,5,UPI,2026-06-21,13:59:26,228.0
4177,177,105,3,420,0,UPI,2026-04-20,11:19:13,1260.0
4178,57,130,1,220,15,Cash,2026-01-27,19:26:19,187.0
4179,79,118,2,150,5,Card,2026-05-14,20:58:05,285.0
4180,335,110,1,280,0,Card,2026-04-28,18:24:03,280.0
4181,81,107,1,695,0,UPI,2026-04-03,18:40:39,695.0
4182,413,102,1,380,0,UPI,2026-06-16,22:54:05,380.0
4183,76,123,1,420,10,Cash,2026-06-21,14:48:36,378.0
4184,415,118,1,150,0,Card,2026-01-11,13:58:05,150.0
4185,421,102,1,380,0,UPI,2026-04-09,13:19:04,380.0
4186,168,114,1,180,0,UPI,2026-04-11,12:55:03,180.0
4187,323,121,2,350,0,UPI,2026-02-10,13:59:20,700.0
4188,189,113,1,220,10,Cash,2026-06-11,12:35:24,198.0
4189,12,112,2,240,0,UPI,2026-06-23,13:38:57,480.0
4190,137,106,1,300,0,UPI,2026-04-12,13:27:45,300.0
4191,64,105,1,420,5,UPI,2026-05-30,19:53:28,399.0
4192,89,105,2,420,10,UPI,2026-02-28,18:20:46,756.0
4193,496,101,3,695,0,UPI,2026-05-07,20:59:10,2085.0
4194,186,104,1,390,0,UPI,2026-03-30,11:42:04,390.0
4195,411,118,3,150,15,Cash,2026-06-25,12:01:18,382.5
4196,298,118,1,150,0,Cash,2026-05-24,13:30:38,150.0
4197,96,123,1,420,0,UPI,2026-01-13,14:00:01,420.0
4198,399,123,4,420,0,Card,2026-03-17,18:07:26,1680.0
4199,382,121,2,350,0,UPI,2026-06-26,12:31:01,700.0
4200,202,113,1,220,0,Card,2026-03-16,19:50:05,220.0
4201,176,101,1,695,0,UPI,2026-04-26,18:46:09,695.0
4202,247,122,2,320,5,UPI,2026-01-01,13:05:39,608.0
4203,207,118,3,150,10,UPI,2026-03-24,19:34:55,405.0
4204,305,118,2,150,0,Card,2026-04-14,12:49:31,300.0
4205,331,106,2,300,10,Card,2026-01-25,18:24:29,540.0
4206,200,125,1,120,0,UPI,2026-03-11,20:03:58,120.0
4207,284,123,5,420,0,Card,2026-01-25,19:22:24,2100.0
4208,314,118,1,150,0,Card,2026-06-08,20:28:02,150.0
4209,381,130,1,220,0,Cash,2026-04-30,12:20:57,220.0
4210,44,103,2,320,0,Card,2026-03-05,20:32:16,640.0
4211,56,115,1,150,5,UPI,2026-01-03,13:23:03,142.5
4212,20,105,1,420,5,UPI,2026-01-04,13:17:48,399.0
4213,56,106,1,300,0,UPI,2026-02-22,13:16:44,300.0
4214,274,117,1,130,0,UPI,2026-05-16,11:58:20,130.0
4215,41,116,1,120,0,UPI,2026-05-30,20:37:39,120.0
4216,391,126,3,60,0,UPI,2026-02-20,13:00:43,180.0
4217,367,118,3,150,0,UPI,2026-06-29,12:44:34,450.0
4218,323,130,1,220,5,UPI,2026-04-19,13:17:18,209.0
4219,332,110,1,280,10,Cash,2026-01-16,19:25:14,252.0
4220,322,126,2,60,0,Cash,2026-02-25,13:42:01,120.0
4221,392,105,1,420,0,UPI,2026-06-03,19:56:05,420.0
4222,71,129,4,180,5,UPI,2026-06-22,11:51:21,684.0
4223,196,120,1,120,15,UPI,2026-02-25,18:56:28,102.0
4224,101,118,5,150,0,Card,2026-05-12,12:43:49,750.0
4225,465,122,1,320,0,Card,2026-05-29,19:04:57,320.0
4226,388,102,2,380,0,Card,2026-01-24,14:51:40,760.0
4227,233,104,1,390,15,UPI,2026-05-14,13:48:54,331.5
4228,200,128,2,150,0,UPI,2026-06-24,20:02:35,300.0
4229,64,128,1,150,0,Card,2026-05-13,14:54:59,150.0
4230,336,114,1,180,0,UPI,2026-02-26,22:07:07,180.0
4231,72,119,2,220,0,UPI,2026-04-14,19:54:55,440.0
4232,150,104,1,390,5,Cash,2026-03-14,13:07:07,370.5
4233,176,115,2,150,0,UPI,2026-02-01,19:08:20,300.0
4234,275,107,1,695,0,Cash,2026-05-16,19:53:57,695.0
4235,462,121,1,350,0,Cash,2026-03-30,21:03:13,350.0
4236,371,128,3,150,10,UPI,2026-01-04,12:57:21,405.0
4237,378,117,3,130,0,UPI,2026-03-06,19:04:48,390.0
4238,15,125,1,120,15,Cash,2026-03-26,14:23:15,102.0
4239,480,101,2,695,0,Cash,2026-03-11,14:00:02,1390.0
4240,321,111,1,320,10,Card,2026-05-03,18:27:32,288.0
4241,361,103,2,320,10,UPI,2026-05-14,20:11:56,576.0
4242,321,113,2,220,10,UPI,2026-04-12,14:24:58,396.0
4243,132,101,3,695,0,UPI,2026-06-09,20:25:13,2085.0
4244,120,110,3,280,0,UPI,2026-05-29,19:49:13,840.0
4245,332,108,2,695,0,UPI,2026-05-21,14:25:15,1390.0
4246,325,127,1,90,5,UPI,2026-01-23,13:13:31,85.5
4247,282,112,1,240,0,Card,2026-05-23,21:32:37,240.0
4248,448,103,2,320,0,UPI,2026-03-02,13:16:20,640.0
4249,494,124,2,180,0,UPI,2026-02-05,21:36:20,360.0
4250,319,102,4,380,10,Card,2026-06-09,13:58:49,1368.0
4251,31,108,1,695,0,Card,2026-04-14,14:17:00,695.0
4252,204,127,2,90,5,UPI,2026-06-23,14:55:49,171.0
4253,99,128,2,150,0,Card,2026-05-10,12:23:08,300.0
4254,80,102,2,380,0,UPI,2026-01-29,20:43:44,760.0
4255,428,108,2,695,0,UPI,2026-04-26,14:30:20,1390.0
4256,311,121,2,350,0,Cash,2026-03-03,19:37:45,700.0
4257,218,103,1,320,10,Card,2026-04-29,13:23:58,288.0
4258,157,120,2,120,0,UPI,2026-03-25,13:57:22,240.0
4259,290,118,1,150,5,UPI,2026-04-14,13:57:07,142.5
4260,294,120,2,120,10,UPI,2026-04-06,13:35:18,216.0
4261,146,105,1,420,0,UPI,2026-06-10,12:46:34,420.0
4262,209,111,2,320,0,UPI,2026-06-29,12:42:06,640.0
4263,38,120,1,120,0,Cash,2026-02-24,13:29:21,120.0
4264,164,111,1,320,5,Card,2026-01-05,21:10:56,304.0
4265,462,123,1,420,0,UPI,2026-04-08,19:24:07,420.0
4266,326,101,1,695,0,UPI,2026-05-21,19:32:38,695.0
4267,107,121,3,350,0,Card,2026-02-18,14:45:06,1050.0
4268,45,119,1,220,0,UPI,2026-01-28,11:18:17,220.0
4269,498,110,2,280,5,UPI,2026-05-25,13:07:55,532.0
4270,77,103,1,320,0,UPI,2026-01-15,12:01:34,320.0
4271,178,102,2,380,15,Card,2026-02-06,13:19:14,646.0
4272,249,110,2,280,0,Card,2026-04-04,19:08:45,560.0
4273,279,116,3,120,0,UPI,2026-04-16,12:43:18,360.0
4274,181,101,1,695,0,Cash,2026-01-24,13:53:27,695.0
4275,474,120,5,120,5,Card,2026-06-13,18:03:54,570.0
4276,412,128,1,150,0,Card,2026-02-06,13:29:04,150.0
4277,58,117,2,130,5,Cash,2026-05-12,20:15:55,247.0
4278,56,127,2,90,0,Card,2026-06-24,11:48:03,180.0
4279,32,120,2,120,0,UPI,2026-01-25,20:51:55,240.0
4280,43,124,3,180,5,Card,2026-06-09,19:38:53,513.0
4281,348,101,2,695,5,UPI,2026-01-25,18:28:39,1320.5
4282,313,105,4,420,0,Card,2026-05-15,21:01:17,1680.0
4283,14,107,1,695,10,UPI,2026-03-29,19:29:19,625.5
4284,159,118,1,150,5,Card,2026-01-02,14:21:26,142.5
4285,77,104,3,390,10,UPI,2026-02-03,20:03:39,1053.0
4286,283,107,1,695,0,UPI,2026-05-25,18:58:19,695.0
4287,47,116,1,120,15,Card,2026-06-17,12:13:40,102.0
4288,313,114,1,180,0,UPI,2026-06-10,14:56:29,180.0
4289,374,128,1,150,0,UPI,2026-02-18,11:32:40,150.0
4290,141,118,3,150,0,UPI,2026-05-18,13:50:43,450.0
4291,345,117,1,130,0,UPI,2026-03-04,12:18:58,130.0
4292,312,102,4,380,15,Card,2026-04-29,21:18:53,1292.0
4293,32,103,1,320,10,Cash,2026-04-24,12:15:58,288.0
4294,117,115,2,150,0,UPI,2026-05-16,13:11:45,300.0
4295,332,104,2,390,5,Card,2026-05-24,21:16:28,741.0
4296,293,110,1,280,5,UPI,2026-02-01,14:59:36,266.0
4297,14,118,3,150,0,UPI,2026-04-30,18:30:52,450.0
4298,375,121,2,350,0,Card,2026-01-25,12:41:17,700.0
4299,180,103,2,320,0,Card,2026-05-03,21:17:26,640.0
4300,374,120,1,120,0,Cash,2026-02-01,19:44:27,120.0
4301,31,108,1,695,5,UPI,2026-03-24,13:33:41,660.25
4302,496,103,1,320,0,UPI,2026-06-08,19:44:30,320.0
4303,182,103,2,320,0,UPI,2026-03-31,19:30:50,640.0
4304,79,101,1,695,0,Card,2026-01-20,20:55:20,695.0
4305,406,102,3,380,0,UPI,2026-06-24,20:47:02,1140.0
4306,100,121,1,350,0,Cash,2026-06-24,12:27:15,350.0
4307,338,106,5,300,0,UPI,2026-04-01,14:25:53,1500.0
4308,28,108,2,695,0,UPI,2026-04-03,13:34:37,1390.0
4309,242,125,1,120,0,UPI,2026-01-27,21:15:05,120.0
4310,209,114,2,180,0,Cash,2026-04-27,11:01:36,360.0
4311,485,105,2,420,0,UPI,2026-04-28,12:44:34,840.0
4312,362,119,1,220,0,Card,2026-06-13,18:22:18,220.0
4313,323,128,1,150,0,UPI,2026-02-01,19:18:56,150.0
4314,377,101,1,695,5,UPI,2026-05-19,19:24:28,660.25
4315,146,123,2,420,10,UPI,2026-02-09,13:20:31,756.0
4316,225,112,4,240,0,Cash,2026-04-13,19:59:41,960.0
4317,115,107,1,695,0,UPI,2026-01-03,12:18:34,695.0
4318,152,123,1,420,10,Cash,2026-02-08,14:21:11,378.0
4319,467,121,1,350,0,UPI,2026-05-20,13:34:56,350.0
4320,248,102,1,380,0,Cash,2026-04-14,12:48:22,380.0
4321,60,102,2,380,0,UPI,2026-06-29,18:58:46,760.0
4322,7,123,1,420,0,UPI,2026-06-15,11:43:44,420.0
4323,485,126,2,60,0,Card,2026-04-15,20:24:39,120.0
4324,388,108,5,695,0,UPI,2026-03-06,12:00:37,3475.0
4325,70,108,3,695,0,Card,2026-06-14,13:58:55,2085.0
4326,76,124,1,180,5,UPI,2026-04-04,14:06:24,171.0
4327,336,106,4,300,5,UPI,2026-01-10,13:47:04,1140.0
4328,264,116,2,120,0,UPI,2026-03-15,13:59:41,240.0
4329,120,101,4,695,0,UPI,2026-03-28,19:55:58,2780.0
4330,150,111,1,320,0,UPI,2026-05-17,14:59:16,320.0
4331,22,114,2,180,0,Card,2026-04-01,21:20:59,360.0
4332,348,125,1,120,0,UPI,2026-06-11,13:00:57,120.0
4333,422,102,1,380,5,UPI,2026-04-22,14:39:09,361.0
4334,29,120,3,120,0,UPI,2026-05-13,14:56:10,360.0
4335,402,106,2,300,0,UPI,2026-04-11,21:42:04,600.0
4336,279,130,1,220,0,UPI,2026-03-29,20:04:32,220.0
4337,105,101,1,695,0,Card,2026-04-26,18:15:18,695.0
4338,6,101,4,695,5,UPI,2026-06-28,20:33:09,2641.0
4339,308,129,3,180,0,UPI,2026-06-25,12:48:49,540.0
4340,217,116,2,120,10,Card,2026-01-26,13:42:17,216.0
4341,459,102,2,380,0,Card,2026-06-27,12:50:41,760.0
4342,459,116,1,120,0,Cash,2026-04-21,12:57:42,120.0
4343,271,113,2,220,15,UPI,2026-02-24,19:33:19,374.0
4344,430,104,1,390,0,UPI,2026-04-28,12:33:49,390.0
4345,34,112,2,240,0,UPI,2026-05-06,13:49:15,480.0
4346,350,130,1,220,0,Cash,2026-04-01,19:43:34,220.0
4347,460,107,4,695,0,UPI,2026-05-05,12:53:05,2780.0
4348,436,129,3,180,0,UPI,2026-06-28,14:12:31,540.0
4349,211,121,1,350,0,Card,2026-03-27,19:53:27,350.0
4350,67,102,2,380,5,UPI,2026-05-10,19:41:33,722.0
4351,328,113,1,220,15,Card,2026-05-18,20:15:26,187.0
4352,273,116,3,120,0,Card,2026-05-16,19:47:09,360.0
4353,154,103,1,320,5,UPI,2026-03-16,19:16:23,304.0
4354,294,122,3,320,0,UPI,2026-05-09,18:34:57,960.0
4355,3,106,5,300,0,Card,2026-02-22,13:56:08,1500.0
4356,255,130,2,220,0,UPI,2026-05-13,18:05:27,440.0
4357,66,122,1,320,0,Card,2026-01-26,18:40:13,320.0
4358,415,105,1,420,10,UPI,2026-04-16,12:32:19,378.0
4359,352,108,1,695,0,UPI,2026-06-20,20:16:53,695.0
4360,239,105,1,420,0,UPI,2026-03-15,19:25:19,420.0
4361,493,107,1,695,0,UPI,2026-03-19,14:10:40,695.0
4362,109,122,1,320,0,Cash,2026-04-02,20:02:12,320.0
4363,234,114,2,180,0,UPI,2026-06-16,20:36:31,360.0
4364,301,101,1,695,0,Card,2026-01-20,21:49:37,695.0
4365,473,122,1,320,10,UPI,2026-04-26,12:12:37,288.0
4366,170,117,1,130,0,UPI,2026-01-03,13:30:26,130.0
4367,211,126,2,60,0,UPI,2026-03-13,18:22:12,120.0
4368,407,113,2,220,15,UPI,2026-03-05,18:13:10,374.0
4369,219,116,2,120,0,UPI,2026-04-24,21:28:43,240.0
4370,460,130,1,220,0,UPI,2026-01-26,19:30:40,220.0
4371,5,122,2,320,0,UPI,2026-01-14,12:24:42,640.0
4372,112,104,1,390,0,UPI,2026-05-20,12:59:21,390.0
4373,277,114,1,180,0,UPI,2026-02-10,19:40:38,180.0
4374,154,121,1,350,0,Cash,2026-06-09,19:44:06,350.0
4375,205,107,1,695,0,UPI,2026-04-11,12:47:13,695.0
4376,75,103,1,320,0,UPI,2026-02-04,14:16:23,320.0
4377,482,105,1,420,0,Card,2026-06-21,19:53:02,420.0
4378,422,126,1,60,0,UPI,2026-01-20,18:55:25,60.0
4379,108,103,1,320,0,UPI,2026-04-30,19:25:52,320.0
4380,368,124,1,180,15,UPI,2026-03-10,12:29:43,153.0
4381,251,121,1,350,0,UPI,2026-05-14,19:24:26,350.0
4382,491,103,1,320,0,Cash,2026-02-02,21:35:37,320.0
4383,201,108,1,695,0,UPI,2026-02-14,19:16:32,695.0
4384,99,102,1,380,5,UPI,2026-06-10,19:43:47,361.0
4385,61,102,1,380,0,UPI,2026-04-30,14:07:20,380.0
4386,419,108,1,695,0,Card,2026-03-21,13:39:28,695.0
4387,117,116,1,120,15,UPI,2026-02-28,13:49:29,102.0
4388,217,105,1,420,0,UPI,2026-02-20,20:07:45,420.0
4389,346,102,1,380,0,UPI,2026-02-24,13:19:43,380.0
4390,459,105,2,420,0,Cash,2026-03-11,13:50:23,840.0
4391,121,101,2,695,10,UPI,2026-06-25,13:49:33,1251.0
4392,138,105,2,420,5,Cash,2026-06-17,13:38:14,798.0
4393,52,117,3,130,5,UPI,2026-01-03,19:50:13,370.5
4394,367,102,1,380,15,UPI,2026-03-18,22:38:02,323.0
4395,258,121,1,350,5,UPI,2026-04-25,12:32:37,332.5
4396,194,111,1,320,10,UPI,2026-03-14,13:18:23,288.0
4397,80,103,1,320,5,UPI,2026-05-09,12:17:00,304.0
4398,342,105,1,420,15,Card,2026-05-23,21:18:47,357.0
4399,441,122,1,320,0,UPI,2026-03-07,18:47:41,320.0
4400,492,104,1,390,5,UPI,2026-05-14,13:58:43,370.5
4401,70,107,1,695,15,Cash,2026-06-05,19:11:53,590.75
4402,46,103,2,320,0,Cash,2026-05-26,12:35:07,640.0
4403,208,104,2,390,0,UPI,2026-06-29,13:10:40,780.0
4404,247,123,2,420,15,UPI,2026-03-31,21:52:07,714.0
4405,19,114,5,180,0,UPI,2026-01-02,14:21:29,900.0
4406,110,126,2,60,0,UPI,2026-05-17,19:04:05,120.0
4407,262,119,3,220,5,UPI,2026-02-12,18:26:06,627.0
4408,284,102,1,380,5,Card,2026-06-05,18:15:56,361.0
4409,155,123,4,420,5,Card,2026-05-26,21:37:42,1596.0
4410,254,130,1,220,0,UPI,2026-03-31,18:33:39,220.0
4411,332,118,2,150,0,UPI,2026-05-13,20:37:58,300.0
4412,264,120,1,120,5,UPI,2026-04-08,20:33:46,114.0
4413,459,105,1,420,0,UPI,2026-06-28,12:13:11,420.0
4414,218,120,1,120,0,UPI,2026-04-24,14:57:55,120.0
4415,234,104,3,390,0,UPI,2026-01-22,21:52:25,1170.0
4416,493,119,3,220,5,UPI,2026-05-05,12:47:55,627.0
4417,294,119,5,220,10,UPI,2026-05-20,19:49:53,990.0
4418,279,120,3,120,0,UPI,2026-05-01,11:16:31,360.0
4419,295,123,1,420,10,UPI,2026-06-25,12:48:44,378.0
4420,317,111,1,320,0,Card,2026-03-02,13:53:57,320.0
4421,72,102,1,380,0,UPI,2026-06-18,19:49:10,380.0
4422,156,107,4,695,0,Card,2026-04-28,18:08:26,2780.0
4423,76,126,2,60,0,Card,2026-06-15,13:06:54,120.0
4424,101,117,1,130,10,Card,2026-01-31,19:19:16,117.0
4425,51,115,2,150,5,UPI,2026-04-05,12:13:27,285.0
4426,422,119,1,220,0,UPI,2026-04-16,11:26:01,220.0
4427,353,103,2,320,0,Card,2026-05-21,19:06:35,640.0
4428,472,113,1,220,15,Cash,2026-01-08,13:53:59,187.0
4429,484,102,2,380,0,Card,2026-05-23,20:20:00,760.0
4430,76,102,1,380,0,UPI,2026-05-12,19:38:31,380.0
4431,473,115,5,150,0,Card,2026-01-27,14:55:28,750.0
4432,56,105,1,420,0,UPI,2026-01-01,14:05:26,420.0
4433,494,101,1,695,5,UPI,2026-03-14,14:05:10,660.25
4434,189,107,1,695,0,Card,2026-06-04,19:35:20,695.0
4435,164,101,3,695,0,UPI,2026-03-21,18:01:31,2085.0
4436,500,124,2,180,0,UPI,2026-06-03,19:46:36,360.0
4437,468,106,1,300,0,Card,2026-02-13,14:55:58,300.0
4438,11,118,4,150,0,UPI,2026-06-06,12:17:33,600.0
4439,72,123,1,420,0,Card,2026-03-28,13:55:48,420.0
4440,404,125,1,120,0,UPI,2026-05-05,19:48:23,120.0
4441,290,115,2,150,0,UPI,2026-03-26,12:14:31,300.0
4442,420,126,1,60,5,UPI,2026-05-26,20:20:53,57.0
4443,329,127,2,90,0,UPI,2026-05-01,13:24:52,180.0
4444,363,107,2,695,0,Card,2026-05-25,13:22:30,1390.0
4445,408,106,2,300,0,UPI,2026-03-25,12:39:43,600.0
4446,479,114,1,180,5,Card,2026-04-09,13:21:09,171.0
4447,159,101,3,695,15,UPI,2026-06-27,14:43:51,1772.25
4448,476,106,2,300,0,UPI,2026-04-22,12:42:24,600.0
4449,152,105,3,420,5,UPI,2026-04-20,22:18:16,1197.0
4450,481,105,3,420,0,Card,2026-02-15,20:01:04,1260.0
4451,231,119,3,220,0,UPI,2026-04-15,22:30:00,660.0
4452,453,121,1,350,0,UPI,2026-04-13,19:43:55,350.0
4453,414,118,1,150,0,UPI,2026-02-21,19:24:53,150.0
4454,100,102,1,380,0,UPI,2026-04-23,20:40:28,380.0
4455,33,117,2,130,0,UPI,2026-03-25,18:49:42,260.0
4456,330,108,2,695,0,Cash,2026-04-16,19:55:14,1390.0
4457,235,107,3,695,0,Cash,2026-06-17,11:05:17,2085.0
4458,405,129,1,180,0,UPI,2026-06-19,19:24:50,180.0
4459,402,103,2,320,0,Cash,2026-04-29,12:33:33,640.0
4460,430,105,1,420,15,UPI,2026-06-11,19:46:21,357.0
4461,413,117,2,130,0,UPI,2026-05-12,12:08:26,260.0
4462,306,106,2,300,0,Cash,2026-04-21,12:13:18,600.0
4463,368,109,2,650,5,UPI,2026-04-28,21:47:16,1235.0
4464,390,109,1,650,10,Card,2026-02-16,13:41:30,585.0
4465,237,116,2,120,0,UPI,2026-06-03,21:26:18,240.0
4466,144,104,1,390,0,Card,2026-03-28,12:01:16,390.0
4467,334,109,2,650,0,Card,2026-04-05,13:55:20,1300.0
4468,9,123,1,420,10,Card,2026-06-10,14:34:01,378.0
4469,157,108,1,695,0,UPI,2026-05-24,11:05:33,695.0
4470,452,120,3,120,0,Cash,2026-03-25,12:45:41,360.0
4471,354,105,1,420,0,UPI,2026-03-13,20:19:04,420.0
4472,241,102,1,380,0,Cash,2026-03-22,12:48:09,380.0
4473,419,118,4,150,0,UPI,2026-01-13,13:09:54,600.0
4474,146,104,1,390,0,UPI,2026-01-31,13:47:59,390.0
4475,388,123,1,420,0,UPI,2026-04-27,21:28:33,420.0
4476,87,130,2,220,0,UPI,2026-05-25,13:10:02,440.0
4477,446,105,3,420,5,Card,2026-06-20,19:02:48,1197.0
4478,411,118,1,150,0,UPI,2026-06-21,12:53:32,150.0
4479,482,129,5,180,0,UPI,2026-01-30,20:15:31,900.0
4480,152,105,1,420,0,UPI,2026-05-07,13:15:19,420.0
4481,188,116,1,120,0,Card,2026-01-03,21:44:49,120.0
4482,108,117,1,130,10,Cash,2026-05-09,19:50:58,117.0
4483,465,105,2,420,5,UPI,2026-03-17,13:07:40,798.0
4484,89,102,4,380,0,UPI,2026-05-19,14:16:28,1520.0
4485,100,122,5,320,10,Cash,2026-01-30,11:23:46,1440.0
4486,459,103,2,320,0,UPI,2026-05-08,19:17:40,640.0
4487,240,106,2,300,0,UPI,2026-02-02,18:49:00,600.0
4488,219,112,1,240,0,UPI,2026-04-11,12:02:56,240.0
4489,415,115,2,150,0,Card,2026-06-18,19:44:29,300.0
4490,24,111,1,320,0,UPI,2026-05-11,19:39:59,320.0
4491,321,107,1,695,0,Card,2026-06-29,19:22:19,695.0
4492,490,118,1,150,15,UPI,2026-02-14,13:35:26,127.5
4493,293,103,1,320,15,UPI,2026-06-08,12:44:42,272.0
4494,76,105,4,420,0,Card,2026-01-20,12:02:14,1680.0
4495,315,122,1,320,0,UPI,2026-01-05,13:44:24,320.0
4496,20,120,2,120,15,UPI,2026-02-11,14:14:36,204.0
4497,102,103,1,320,5,Cash,2026-04-10,18:47:51,304.0
4498,498,118,1,150,0,UPI,2026-03-14,18:42:32,150.0
4499,112,107,2,695,5,UPI,2026-05-11,19:16:36,1320.5
4500,33,108,1,695,0,UPI,2026-05-08,19:39:23,695.0
4501,359,108,1,695,15,Card,2026-03-12,12:00:25,590.75
4502,210,107,1,695,0,UPI,2026-02-16,13:14:50,695.0
4503,222,108,2,695,0,UPI,2026-02-19,18:33:56,1390.0
4504,174,122,1,320,15,Card,2026-06-26,19:53:01,272.0
4505,311,104,2,390,10,Card,2026-03-12,12:05:58,702.0
4506,287,116,3,120,5,UPI,2026-02-08,14:56:17,342.0
4507,320,120,1,120,10,UPI,2026-02-02,18:43:28,108.0
4508,86,113,1,220,0,Card,2026-05-28,20:29:12,220.0
4509,263,105,1,420,0,UPI,2026-04-23,12:03:55,420.0
4510,481,115,1,150,0,UPI,2026-01-26,14:25:53,150.0
4511,312,104,1,390,5,Cash,2026-02-13,19:16:58,370.5
4512,466,102,1,380,0,UPI,2026-03-11,19:40:10,380.0
4513,386,123,3,420,0,Cash,2026-05-13,12:51:45,1260.0
4514,253,116,1,120,0,Cash,2026-04-30,14:23:10,120.0
4515,142,115,1,150,0,UPI,2026-05-23,18:44:42,150.0
4516,33,118,1,150,0,UPI,2026-03-23,20:16:59,150.0
4517,29,130,1,220,0,UPI,2026-03-31,19:38:55,220.0
4518,66,106,2,300,0,UPI,2026-06-27,19:08:37,600.0
4519,278,121,2,350,0,Cash,2026-02-01,14:53:03,700.0
4520,403,105,1,420,0,Cash,2026-06-29,13:55:58,420.0
4521,37,120,4,120,0,UPI,2026-05-15,12:17:22,480.0
4522,406,111,2,320,5,UPI,2026-05-23,19:05:07,608.0
4523,94,123,2,420,15,UPI,2026-06-20,19:02:46,714.0
4524,352,120,1,120,5,Card,2026-04-30,18:44:12,114.0
4525,182,127,4,90,0,UPI,2026-04-25,14:26:20,360.0
4526,231,119,2,220,0,Card,2026-06-09,19:39:47,440.0
4527,230,113,1,220,0,UPI,2026-06-17,19:51:18,220.0
4528,366,107,1,695,5,UPI,2026-02-09,14:55:08,660.25
4529,393,107,1,695,5,UPI,2026-03-27,12:17:58,660.25
4530,317,113,3,220,0,Card,2026-06-22,20:46:30,660.0
4531,29,103,2,320,0,Cash,2026-01-08,13:06:18,640.0
4532,329,119,1,220,5,UPI,2026-04-27,19:28:03,209.0
4533,381,114,2,180,0,UPI,2026-01-13,14:36:19,360.0
4534,248,107,3,695,0,Cash,2026-03-24,12:41:50,2085.0
4535,255,119,1,220,0,UPI,2026-05-25,18:57:28,220.0
4536,428,107,4,695,5,Card,2026-03-20,12:12:12,2641.0
4537,439,108,1,695,5,UPI,2026-05-10,19:49:36,660.25
4538,12,128,2,150,0,UPI,2026-03-22,18:26:11,300.0
4539,348,113,1,220,0,Cash,2026-04-24,13:01:29,220.0
4540,479,124,2,180,5,Card,2026-02-04,13:53:35,342.0
4541,35,115,2,150,0,Card,2026-04-30,12:01:14,300.0
4542,53,101,1,695,10,Card,2026-04-23,12:00:58,625.5
4543,445,111,2,320,10,UPI,2026-03-05,13:51:33,576.0
4544,365,113,4,220,0,UPI,2026-05-22,20:04:17,880.0
4545,395,124,1,180,0,UPI,2026-02-03,18:37:02,180.0
4546,235,114,1,180,5,UPI,2026-02-28,13:39:20,171.0
4547,268,115,3,150,0,UPI,2026-04-11,12:10:29,450.0
4548,83,101,1,695,10,UPI,2026-01-20,11:39:30,625.5
4549,135,122,2,320,10,UPI,2026-01-07,13:12:14,576.0
4550,465,101,1,695,5,UPI,2026-04-18,19:46:50,660.25
4551,209,105,4,420,0,UPI,2026-06-15,19:08:43,1680.0
4552,56,108,3,695,0,Card,2026-03-17,18:13:48,2085.0
4553,35,121,1,350,0,UPI,2026-06-15,12:01:34,350.0
4554,226,126,2,60,10,Card,2026-04-23,21:31:57,108.0
4555,497,107,1,695,0,Card,2026-06-05,13:28:00,695.0
4556,266,120,2,120,10,UPI,2026-06-22,18:03:22,216.0
4557,254,102,2,380,0,Card,2026-05-04,12:24:09,760.0
4558,360,115,3,150,5,UPI,2026-01-02,18:19:18,427.5
4559,157,114,2,180,0,Card,2026-04-13,19:39:32,360.0
4560,293,104,2,390,5,UPI,2026-04-30,11:38:05,741.0
4561,62,106,2,300,10,Cash,2026-05-11,19:00:51,540.0
4562,155,102,4,380,5,UPI,2026-03-31,19:31:05,1444.0
4563,200,106,1,300,0,UPI,2026-01-12,21:41:20,300.0
4564,499,117,2,130,0,UPI,2026-02-09,13:23:27,260.0
4565,408,104,1,390,10,UPI,2026-04-10,12:27:49,351.0
4566,248,116,2,120,5,Card,2026-04-28,12:49:49,228.0
4567,438,118,1,150,0,Card,2026-02-11,13:38:21,150.0
4568,363,107,2,695,0,Cash,2026-03-04,18:24:18,1390.0
4569,446,105,1,420,0,Card,2026-03-30,19:53:10,420.0
4570,16,119,2,220,0,UPI,2026-04-24,19:49:50,440.0
4571,33,107,2,695,5,UPI,2026-01-16,18:05:11,1320.5
4572,77,105,2,420,5,UPI,2026-06-20,13:27:27,798.0
4573,437,119,1,220,10,UPI,2026-01-09,12:22:28,198.0
4574,483,123,2,420,5,UPI,2026-02-03,19:24:45,798.0
4575,153,106,2,300,0,Card,2026-03-04,13:30:37,600.0
4576,374,101,2,695,10,UPI,2026-01-21,19:16:27,1251.0
4577,279,101,2,695,10,Card,2026-05-05,19:44:56,1251.0
4578,333,102,5,380,0,UPI,2026-04-04,13:07:04,1900.0
4579,298,121,3,350,0,Card,2026-06-24,19:50:27,1050.0
4580,414,130,1,220,0,Cash,2026-04-11,19:01:47,220.0
4581,153,108,2,695,0,UPI,2026-03-22,14:55:34,1390.0
4582,52,119,2,220,0,UPI,2026-01-05,19:42:02,440.0
4583,79,110,1,280,0,Card,2026-04-20,12:23:01,280.0
4584,233,106,2,300,5,Card,2026-03-30,20:46:28,570.0
4585,202,101,1,695,0,Cash,2026-01-11,20:52:28,695.0
4586,472,128,1,150,10,UPI,2026-05-18,18:37:44,135.0
4587,120,103,1,320,0,UPI,2026-01-22,20:37:26,320.0
4588,331,107,1,695,15,UPI,2026-05-19,20:17:26,590.75
4589,399,119,1,220,0,UPI,2026-03-14,12:37:59,220.0
4590,380,110,1,280,0,Card,2026-03-12,12:29:44,280.0
4591,3,121,1,350,0,Card,2026-06-05,11:35:14,350.0
4592,66,116,1,120,15,UPI,2026-03-24,19:25:48,102.0
4593,235,110,3,280,0,UPI,2026-04-16,18:47:51,840.0
4594,235,110,1,280,0,UPI,2026-06-08,13:32:03,280.0
4595,446,113,1,220,15,UPI,2026-02-13,19:11:28,187.0
4596,30,101,1,695,0,Cash,2026-06-04,18:10:59,695.0
4597,11,102,1,380,10,Card,2026-06-17,12:05:54,342.0
4598,136,105,1,420,5,UPI,2026-06-13,19:53:38,399.0
4599,83,115,1,150,0,UPI,2026-02-08,14:30:40,150.0
4600,14,120,3,120,15,UPI,2026-05-07,21:16:17,306.0
4601,453,115,1,150,0,Cash,2026-04-18,13:35:38,150.0
4602,326,114,2,180,10,UPI,2026-05-15,19:59:05,324.0
4603,118,108,2,695,15,UPI,2026-02-17,22:43:10,1181.5
4604,2,106,1,300,0,UPI,2026-06-05,13:13:44,300.0
4605,39,130,1,220,5,UPI,2026-02-04,22:48:10,209.0
4606,433,115,1,150,5,UPI,2026-04-29,14:00:06,142.5
4607,2,123,5,420,15,UPI,2026-01-16,14:41:25,1785.0
4608,291,110,1,280,0,UPI,2026-04-28,19:22:03,280.0
4609,146,129,5,180,10,UPI,2026-02-24,13:18:17,810.0
4610,401,119,1,220,0,Cash,2026-04-09,20:33:29,220.0
4611,64,119,2,220,0,UPI,2026-04-22,12:50:43,440.0
4612,27,105,2,420,0,Card,2026-01-13,12:05:43,840.0
4613,477,113,1,220,0,UPI,2026-01-14,13:38:35,220.0
4614,158,117,1,130,0,UPI,2026-01-20,20:49:42,130.0
4615,243,111,1,320,0,UPI,2026-04-26,18:57:21,320.0
4616,276,115,1,150,0,UPI,2026-03-30,14:00:47,150.0
4617,359,101,2,695,0,UPI,2026-05-24,18:36:57,1390.0
4618,409,127,1,90,0,UPI,2026-06-28,12:32:31,90.0
4619,128,101,1,695,0,UPI,2026-02-04,20:08:15,695.0
4620,161,121,4,350,0,UPI,2026-05-04,13:16:42,1400.0
4621,419,123,2,420,0,Card,2026-05-15,20:44:53,840.0
4622,419,107,1,695,0,UPI,2026-04-01,13:06:30,695.0
4623,50,104,5,390,10,UPI,2026-06-09,18:04:39,1755.0
4624,326,117,1,130,0,UPI,2026-03-30,13:33:43,130.0
4625,166,103,2,320,0,Card,2026-03-03,20:13:19,640.0
4626,420,120,1,120,0,Card,2026-01-25,19:35:42,120.0
4627,39,113,1,220,0,UPI,2026-05-29,14:30:18,220.0
4628,59,116,2,120,15,UPI,2026-01-03,13:25:55,204.0
4629,182,104,1,390,10,UPI,2026-01-05,11:59:38,351.0
4630,432,125,1,120,0,Card,2026-01-04,18:44:03,120.0
4631,223,101,1,695,0,UPI,2026-01-21,12:45:51,695.0
4632,37,125,3,120,0,UPI,2026-01-23,13:44:12,360.0
4633,383,119,1,220,0,Card,2026-05-26,12:35:28,220.0
4634,158,101,2,695,0,Card,2026-01-07,11:24:33,1390.0
4635,388,102,1,380,0,UPI,2026-03-19,21:02:33,380.0
4636,413,121,3,350,0,UPI,2026-04-18,13:01:49,1050.0
4637,155,128,1,150,0,Card,2026-06-26,19:47:50,150.0
4638,269,113,1,220,0,Card,2026-04-30,13:50:54,220.0
4639,400,120,2,120,0,Cash,2026-04-04,14:40:19,240.0
4640,136,120,1,120,0,Card,2026-04-03,19:29:02,120.0
4641,202,120,3,120,0,Card,2026-06-22,19:42:55,360.0
4642,26,120,2,120,0,UPI,2026-01-05,19:09:45,240.0
4643,487,105,1,420,0,UPI,2026-05-23,21:36:55,420.0
4644,424,111,5,320,15,UPI,2026-05-06,22:26:16,1360.0
4645,239,106,2,300,10,UPI,2026-04-07,14:43:30,540.0
4646,458,109,1,650,0,UPI,2026-03-11,18:45:29,650.0
4647,213,126,1,60,0,UPI,2026-05-19,11:12:16,60.0
4648,33,111,5,320,0,UPI,2026-05-06,13:06:07,1600.0
4649,266,104,4,390,0,UPI,2026-05-03,18:49:34,1560.0
4650,37,127,1,90,0,Card,2026-04-02,19:27:06,90.0
4651,176,108,2,695,0,UPI,2026-03-31,19:02:11,1390.0
4652,368,120,1,120,0,UPI,2026-02-05,13:42:22,120.0
4653,386,103,1,320,5,UPI,2026-06-30,18:48:34,304.0
4654,248,108,2,695,0,Card,2026-06-11,22:47:40,1390.0
4655,426,103,2,320,15,Cash,2026-06-28,12:29:26,544.0
4656,193,105,4,420,0,UPI,2026-05-24,13:15:51,1680.0
4657,398,118,1,150,0,UPI,2026-04-22,12:49:39,150.0
4658,453,102,1,380,0,UPI,2026-03-17,19:31:05,380.0
4659,297,126,1,60,0,UPI,2026-03-22,18:33:38,60.0
4660,20,105,2,420,0,UPI,2026-05-01,19:42:06,840.0
4661,198,107,3,695,10,Card,2026-01-23,19:02:04,1876.5
4662,199,123,3,420,0,UPI,2026-03-05,19:31:51,1260.0
4663,281,117,1,130,0,UPI,2026-02-04,20:30:44,130.0
4664,287,116,3,120,0,UPI,2026-04-20,19:06:57,360.0
4665,298,120,1,120,0,Card,2026-05-04,19:02:45,120.0
4666,268,108,2,695,0,Cash,2026-01-05,18:31:54,1390.0
4667,267,105,1,420,0,Cash,2026-06-28,19:14:17,420.0
4668,22,120,2,120,0,Cash,2026-04-13,11:19:12,240.0
4669,16,117,2,130,0,UPI,2026-05-17,20:16:40,260.0
4670,58,101,2,695,10,UPI,2026-02-05,21:40:04,1251.0
4671,132,101,2,695,5,UPI,2026-02-18,19:29:36,1320.5
4672,80,108,2,695,15,Card,2026-03-26,20:01:41,1181.5
4673,374,123,1,420,0,UPI,2026-04-26,21:59:37,420.0
4674,147,113,1,220,0,UPI,2026-01-05,13:15:31,220.0
4675,253,110,1,280,15,UPI,2026-06-23,12:42:22,238.0
4676,232,124,1,180,0,UPI,2026-06-01,12:02:20,180.0
4677,128,101,3,695,0,UPI,2026-03-02,18:49:55,2085.0
4678,111,106,1,300,0,Card,2026-05-11,12:34:56,300.0
4679,37,114,1,180,0,UPI,2026-03-05,13:29:23,180.0
4680,237,114,1,180,0,UPI,2026-01-20,19:44:13,180.0
4681,427,127,2,90,0,UPI,2026-05-30,12:20:49,180.0
4682,291,115,3,150,0,UPI,2026-04-13,14:12:22,450.0
4683,436,123,1,420,0,UPI,2026-04-25,12:16:35,420.0
4684,426,102,3,380,10,UPI,2026-01-19,13:57:44,1026.0
4685,402,115,1,150,5,UPI,2026-03-12,19:58:11,142.5
4686,470,108,2,695,0,UPI,2026-05-30,13:24:58,1390.0
4687,265,102,2,380,15,Card,2026-04-21,13:51:25,646.0
4688,199,126,1,60,0,UPI,2026-04-08,19:50:10,60.0
4689,325,109,1,650,5,Card,2026-01-23,19:41:22,617.5
4690,441,101,2,695,0,UPI,2026-05-04,19:15:13,1390.0
4691,106,104,1,390,0,Card,2026-03-15,18:03:03,390.0
4692,248,117,1,130,0,UPI,2026-06-03,13:31:20,130.0
4693,374,116,1,120,0,UPI,2026-01-13,13:55:50,120.0
4694,386,108,2,695,0,UPI,2026-05-26,19:47:12,1390.0
4695,17,117,1,130,0,Card,2026-05-14,22:02:50,130.0
4696,410,102,2,380,0,Card,2026-06-26,19:49:05,760.0
4697,19,124,2,180,0,Card,2026-05-15,13:02:19,360.0
4698,66,108,2,695,10,Card,2026-03-10,13:06:34,1251.0
4699,422,105,1,420,0,UPI,2026-03-15,21:41:23,420.0
4700,191,104,1,390,0,UPI,2026-03-18,13:54:30,390.0
4701,328,129,1,180,0,Cash,2026-04-25,12:45:58,180.0
4702,338,118,1,150,5,UPI,2026-04-08,12:15:03,142.5
4703,187,115,1,150,0,Card,2026-02-27,19:20:07,150.0
4704,37,126,2,60,0,UPI,2026-03-29,12:20:40,120.0
4705,208,121,2,350,0,UPI,2026-02-21,11:49:49,700.0
4706,231,105,1,420,0,Card,2026-02-26,12:19:15,420.0
4707,75,121,2,350,15,UPI,2026-04-04,13:06:21,595.0
4708,194,120,1,120,0,UPI,2026-04-13,13:52:13,120.0
4709,491,106,3,300,0,UPI,2026-03-03,13:20:07,900.0
4710,427,116,1,120,0,UPI,2026-03-06,19:04:28,120.0
4711,6,107,2,695,0,UPI,2026-04-29,13:53:42,1390.0
4712,181,128,1,150,10,UPI,2026-04-07,21:51:14,135.0
4713,353,102,1,380,10,UPI,2026-04-22,12:18:10,342.0
4714,468,106,1,300,0,UPI,2026-04-26,21:24:36,300.0
4715,246,129,1,180,5,UPI,2026-02-05,14:36:17,171.0
4716,35,101,2,695,10,Card,2026-06-04,19:30:43,1251.0
4717,278,111,1,320,0,Cash,2026-05-31,20:58:28,320.0
4718,337,116,1,120,0,Card,2026-06-18,19:51:48,120.0
4719,121,129,2,180,5,Cash,2026-03-26,19:15:14,342.0
4720,453,117,1,130,0,Card,2026-01-04,13:32:10,130.0
4721,368,107,3,695,0,Card,2026-05-31,19:08:46,2085.0
4722,186,106,3,300,0,UPI,2026-02-27,13:25:37,900.0
4723,495,108,4,695,10,UPI,2026-02-14,19:10:38,2502.0
4724,461,127,1,90,5,UPI,2026-01-26,12:14:19,85.5
4725,195,116,1,120,0,Cash,2026-01-05,18:46:22,120.0
4726,207,104,2,390,0,UPI,2026-02-03,19:05:31,780.0
4727,51,101,1,695,10,UPI,2026-06-11,20:30:20,625.5
4728,478,102,4,380,0,Cash,2026-05-17,19:53:59,1520.0
4729,16,118,1,150,0,UPI,2026-03-02,20:37:48,150.0
4730,90,103,2,320,5,Card,2026-02-01,12:26:25,608.0
4731,345,122,2,320,0,Card,2026-05-22,12:25:54,640.0
4732,444,120,1,120,0,UPI,2026-04-03,19:57:14,120.0
4733,334,101,2,695,0,Cash,2026-06-12,20:36:54,1390.0
4734,348,128,3,150,0,UPI,2026-02-19,12:48:51,450.0
4735,135,104,1,390,0,UPI,2026-02-26,12:10:42,390.0
4736,31,126,4,60,0,UPI,2026-01-08,18:12:53,240.0
4737,252,123,1,420,0,UPI,2026-04-27,14:19:38,420.0
4738,1,102,1,380,10,UPI,2026-03-26,13:21:52,342.0
4739,156,123,2,420,0,Card,2026-02-28,12:33:38,840.0
4740,364,106,1,300,15,Cash,2026-05-21,21:34:53,255.0
4741,498,102,2,380,0,Card,2026-01-26,19:30:37,760.0
4742,348,117,2,130,0,Cash,2026-01-12,20:21:14,260.0
4743,232,107,2,695,0,UPI,2026-02-09,19:13:51,1390.0
4744,226,103,3,320,5,UPI,2026-01-26,19:59:25,912.0
4745,159,118,1,150,0,UPI,2026-06-15,13:19:37,150.0
4746,424,105,2,420,0,UPI,2026-04-27,13:25:49,840.0
4747,342,110,2,280,0,Card,2026-05-17,19:59:57,560.0
4748,391,128,1,150,0,UPI,2026-02-12,19:28:44,150.0
4749,197,122,2,320,0,Card,2026-04-30,14:20:10,640.0
4750,115,115,1,150,0,Card,2026-04-14,12:09:33,150.0
4751,75,119,2,220,0,UPI,2026-04-11,19:54:54,440.0
4752,72,120,5,120,0,Card,2026-04-09,18:15:13,600.0
4753,332,102,1,380,0,Card,2026-02-05,13:02:11,380.0
4754,125,114,1,180,0,UPI,2026-06-17,19:28:34,180.0
4755,107,106,2,300,15,UPI,2026-04-30,19:58:15,510.0
4756,364,101,1,695,0,UPI,2026-06-15,19:28:04,695.0
4757,131,116,1,120,0,UPI,2026-06-16,19:10:53,120.0
4758,32,118,1,150,0,UPI,2026-03-06,21:13:21,150.0
4759,91,128,2,150,0,UPI,2026-05-11,21:51:00,300.0
4760,31,118,1,150,0,UPI,2026-04-22,20:27:07,150.0
4761,130,121,1,350,0,UPI,2026-03-24,12:52:38,350.0
4762,216,124,2,180,5,UPI,2026-02-11,12:46:55,342.0
4763,473,128,2,150,5,Cash,2026-01-05,11:33:14,285.0
4764,377,118,1,150,0,UPI,2026-01-21,13:57:59,150.0
4765,38,119,1,220,15,Cash,2026-03-04,12:31:20,187.0
4766,70,127,1,90,15,Card,2026-01-31,20:10:46,76.5
4767,133,117,1,130,15,UPI,2026-01-03,13:11:04,110.5
4768,192,113,1,220,0,UPI,2026-03-18,18:43:40,220.0
4769,309,105,2,420,10,UPI,2026-06-05,20:48:35,756.0
4770,89,118,2,150,0,Cash,2026-04-10,20:39:02,300.0
4771,253,105,1,420,0,Card,2026-05-17,21:22:37,420.0
4772,269,127,1,90,0,Cash,2026-01-22,14:24:33,90.0
4773,382,101,2,695,10,UPI,2026-03-03,20:47:20,1251.0
4774,84,121,1,350,0,Cash,2026-03-25,22:21:14,350.0
4775,23,118,4,150,0,Cash,2026-05-08,20:16:21,600.0
4776,347,113,4,220,5,UPI,2026-02-07,13:26:09,836.0
4777,39,102,3,380,0,UPI,2026-05-23,19:35:32,1140.0
4778,334,103,2,320,0,UPI,2026-04-01,19:49:27,640.0
4779,428,105,1,420,0,UPI,2026-01-08,12:24:49,420.0
4780,227,129,2,180,10,Card,2026-05-23,18:42:00,324.0
4781,60,122,1,320,0,Card,2026-01-19,19:55:55,320.0
4782,126,107,2,695,0,UPI,2026-05-14,12:13:11,1390.0
4783,21,126,1,60,0,UPI,2026-02-25,18:10:15,60.0
4784,180,130,2,220,5,Card,2026-02-27,14:01:09,418.0
4785,107,128,1,150,0,UPI,2026-05-09,13:45:11,150.0
4786,400,108,3,695,5,Cash,2026-03-18,13:33:54,1980.75
4787,405,112,1,240,0,Card,2026-03-21,11:45:31,240.0
4788,373,129,1,180,15,Cash,2026-06-28,19:03:03,153.0
4789,234,120,1,120,0,UPI,2026-02-22,14:16:50,120.0
4790,64,116,1,120,0,Cash,2026-02-03,19:15:53,120.0
4791,116,101,4,695,15,UPI,2026-02-04,19:29:50,2363.0
4792,344,109,5,650,0,UPI,2026-05-05,13:37:30,3250.0
4793,120,102,1,380,0,UPI,2026-06-06,20:55:56,380.0
4794,194,128,2,150,5,UPI,2026-05-20,21:29:55,285.0
4795,158,114,1,180,0,UPI,2026-05-08,14:28:53,180.0
4796,136,108,4,695,5,UPI,2026-06-22,13:23:40,2641.0
4797,3,114,2,180,0,UPI,2026-05-05,12:19:46,360.0
4798,468,105,3,420,15,UPI,2026-03-04,12:49:05,1071.0
4799,5,129,2,180,10,UPI,2026-02-20,14:11:27,324.0
4800,209,124,2,180,15,UPI,2026-04-23,18:59:25,306.0
4801,74,124,2,180,0,Card,2026-05-03,13:37:50,360.0
4802,442,117,1,130,0,UPI,2026-06-27,19:00:17,130.0
4803,315,121,2,350,0,UPI,2026-06-18,13:29:09,700.0
4804,246,101,1,695,0,UPI,2026-04-14,18:06:06,695.0
4805,475,119,3,220,0,Card,2026-06-23,12:09:06,660.0
4806,325,105,1,420,0,Card,2026-01-03,14:14:55,420.0
4807,148,107,3,695,0,Cash,2026-04-17,19:09:05,2085.0
4808,412,108,1,695,5,Card,2026-03-15,12:59:57,660.25
4809,365,108,1,695,5,UPI,2026-01-10,14:29:29,660.25
4810,168,103,1,320,15,Card,2026-03-14,19:23:24,272.0
4811,335,115,2,150,0,UPI,2026-06-12,19:32:42,300.0
4812,273,104,5,390,0,Cash,2026-06-20,14:31:00,1950.0
4813,428,101,2,695,10,UPI,2026-05-18,19:43:11,1251.0
4814,489,116,1,120,0,Card,2026-06-03,13:10:36,120.0
4815,213,113,4,220,0,Card,2026-02-02,13:52:16,880.0
4816,288,117,1,130,10,UPI,2026-02-22,12:32:26,117.0
4817,304,108,5,695,0,UPI,2026-06-29,18:50:33,3475.0
4818,231,118,2,150,5,Cash,2026-01-16,19:58:11,285.0
4819,175,117,2,130,5,UPI,2026-02-03,19:12:29,247.0
4820,471,107,1,695,0,UPI,2026-06-07,13:30:20,695.0
4821,333,102,1,380,0,Cash,2026-06-13,19:25:41,380.0
4822,290,105,2,420,0,Card,2026-03-27,19:54:02,840.0
4823,138,128,1,150,10,Card,2026-01-24,19:20:22,135.0
4824,17,108,2,695,5,Card,2026-01-19,14:14:46,1320.5
4825,481,106,4,300,10,Card,2026-05-10,12:45:24,1080.0
4826,242,105,1,420,0,UPI,2026-01-04,11:21:12,420.0
4827,476,104,2,390,10,Cash,2026-04-13,19:15:08,702.0
4828,301,125,1,120,0,UPI,2026-03-17,18:25:15,120.0
4829,178,108,1,695,0,UPI,2026-04-18,13:09:06,695.0
4830,3,120,1,120,0,UPI,2026-01-29,11:01:02,120.0
4831,368,108,2,695,0,Card,2026-02-10,14:46:19,1390.0
4832,80,129,1,180,0,Card,2026-06-21,11:37:16,180.0
4833,398,119,1,220,0,Card,2026-06-23,13:49:21,220.0
4834,185,119,2,220,0,UPI,2026-06-25,12:58:23,440.0
4835,123,125,1,120,0,Cash,2026-04-15,14:48:06,120.0
4836,27,108,1,695,0,Cash,2026-03-03,19:52:54,695.0
4837,16,104,1,390,0,UPI,2026-02-09,11:26:59,390.0
4838,126,119,2,220,15,UPI,2026-04-09,14:12:19,374.0
4839,343,102,1,380,0,UPI,2026-04-16,19:21:50,380.0
4840,475,116,2,120,0,Cash,2026-03-14,14:57:40,240.0
4841,231,101,1,695,0,Cash,2026-01-14,14:38:05,695.0
4842,200,103,1,320,0,Cash,2026-04-15,12:32:34,320.0
4843,153,103,3,320,0,Cash,2026-05-03,13:08:16,960.0
4844,280,119,1,220,5,UPI,2026-04-06,13:28:51,209.0
4845,128,101,3,695,0,UPI,2026-01-06,12:17:49,2085.0
4846,459,103,1,320,0,UPI,2026-01-14,19:27:53,320.0
4847,171,101,2,695,0,UPI,2026-04-08,18:21:39,1390.0
4848,159,120,3,120,10,Cash,2026-05-16,20:11:45,324.0
4849,201,118,2,150,0,UPI,2026-04-22,13:33:06,300.0
4850,32,113,2,220,0,UPI,2026-01-30,20:01:00,440.0
4851,374,122,1,320,5,UPI,2026-05-18,19:07:48,304.0
4852,98,105,2,420,5,Cash,2026-06-01,12:01:12,798.0
4853,54,106,2,300,10,Cash,2026-06-23,12:59:20,540.0
4854,106,120,3,120,0,UPI,2026-02-09,12:02:13,360.0
4855,102,120,1,120,15,UPI,2026-06-01,13:53:22,102.0
4856,161,123,1,420,5,UPI,2026-04-18,19:33:41,399.0
4857,407,119,1,220,0,UPI,2026-01-19,18:53:51,220.0
4858,269,120,1,120,0,Card,2026-04-22,12:56:46,120.0
4859,245,123,2,420,15,Card,2026-06-08,12:34:26,714.0
4860,424,125,3,120,0,UPI,2026-01-28,12:32:07,360.0
4861,125,119,1,220,0,UPI,2026-05-06,20:34:15,220.0
4862,358,115,2,150,0,Card,2026-04-21,20:59:18,300.0
4863,227,119,2,220,0,UPI,2026-01-03,14:26:51,440.0
4864,480,122,1,320,0,UPI,2026-04-14,18:01:34,320.0
4865,322,129,1,180,5,Cash,2026-04-01,12:40:30,171.0
4866,6,118,1,150,0,UPI,2026-03-29,13:11:17,150.0
4867,25,105,2,420,5,UPI,2026-03-04,13:16:26,798.0
4868,272,110,1,280,5,Card,2026-02-01,18:56:58,266.0
4869,318,113,1,220,0,UPI,2026-03-19,14:50:43,220.0
4870,421,119,2,220,5,Cash,2026-02-20,19:03:46,418.0
4871,211,112,1,240,0,UPI,2026-06-27,12:37:27,240.0
4872,141,116,1,120,0,Card,2026-03-01,20:48:21,120.0
4873,152,123,1,420,0,Cash,2026-02-12,19:59:25,420.0
4874,398,117,5,130,0,UPI,2026-05-10,18:05:58,650.0
4875,121,104,1,390,0,UPI,2026-06-16,13:36:28,390.0
4876,289,122,2,320,0,UPI,2026-06-09,14:07:23,640.0
4877,473,120,1,120,10,UPI,2026-02-02,20:01:05,108.0
4878,237,118,1,150,0,UPI,2026-03-24,11:39:14,150.0
4879,383,129,1,180,10,UPI,2026-06-22,21:54:55,162.0
4880,84,101,3,695,10,Card,2026-03-11,19:57:53,1876.5
4881,84,113,2,220,0,UPI,2026-01-10,13:59:50,440.0
4882,259,112,1,240,0,UPI,2026-06-11,22:03:19,240.0
4883,250,123,1,420,0,UPI,2026-02-15,18:57:37,420.0
4884,200,129,2,180,0,UPI,2026-03-25,11:15:26,360.0
4885,408,115,1,150,10,UPI,2026-02-27,21:02:39,135.0
4886,141,111,1,320,5,UPI,2026-02-18,11:43:33,304.0
4887,419,105,2,420,10,UPI,2026-03-09,13:02:00,756.0
4888,150,118,3,150,5,UPI,2026-01-14,12:01:08,427.5
4889,254,102,2,380,0,Card,2026-05-28,11:45:50,760.0
4890,251,106,1,300,0,UPI,2026-02-18,12:45:13,300.0
4891,472,106,1,300,0,UPI,2026-06-11,18:08:36,300.0
4892,428,107,3,695,0,UPI,2026-05-28,19:57:00,2085.0
4893,423,114,1,180,10,Card,2026-04-16,19:05:37,162.0
4894,318,120,1,120,0,UPI,2026-05-03,13:49:37,120.0
4895,383,104,1,390,5,Cash,2026-05-25,19:06:57,370.5
4896,357,113,2,220,0,UPI,2026-01-04,14:10:19,440.0
4897,287,125,1,120,0,Cash,2026-05-27,19:08:49,120.0
4898,280,118,1,150,0,UPI,2026-01-31,21:08:22,150.0
4899,301,114,2,180,10,Card,2026-02-22,19:41:35,324.0
4900,301,110,3,280,0,UPI,2026-06-16,19:59:32,840.0
4901,239,118,1,150,0,UPI,2026-06-22,12:40:11,150.0
4902,431,111,1,320,0,Card,2026-03-05,19:36:29,320.0
4903,181,109,1,650,0,UPI,2026-01-05,12:19:18,650.0
4904,401,108,1,695,15,Card,2026-05-14,14:53:47,590.75
4905,329,104,1,390,0,UPI,2026-03-11,22:04:30,390.0
4906,253,116,2,120,0,UPI,2026-04-19,18:31:28,240.0
4907,87,107,3,695,15,UPI,2026-04-15,12:00:13,1772.25
4908,475,129,1,180,0,UPI,2026-06-27,12:03:46,180.0
4909,243,118,1,150,5,UPI,2026-05-21,13:24:53,142.5
4910,240,130,1,220,0,Card,2026-02-17,13:50:23,220.0
4911,175,106,1,300,5,Card,2026-02-20,13:03:33,285.0
4912,87,109,1,650,0,UPI,2026-02-06,12:17:56,650.0
4913,449,121,1,350,0,Card,2026-05-12,13:39:20,350.0
4914,171,116,4,120,5,Card,2026-02-24,12:34:36,456.0
4915,380,104,1,390,0,Cash,2026-04-22,19:18:14,390.0
4916,398,103,2,320,0,UPI,2026-04-15,20:13:05,640.0
4917,32,106,1,300,0,UPI,2026-06-28,20:33:22,300.0
4918,326,121,1,350,5,UPI,2026-02-22,13:59:59,332.5
4919,347,121,3,350,15,UPI,2026-01-06,20:29:02,892.5
4920,41,120,1,120,5,UPI,2026-04-02,12:03:07,114.0
4921,399,107,5,695,0,UPI,2026-01-30,13:56:36,3475.0
4922,453,105,1,420,0,UPI,2026-03-29,14:16:42,420.0
4923,125,101,2,695,10,Cash,2026-03-21,11:05:16,1251.0
4924,264,121,1,350,0,UPI,2026-02-28,21:53:22,350.0
4925,9,120,1,120,0,UPI,2026-05-26,13:34:45,120.0
4926,344,116,2,120,5,UPI,2026-02-15,13:27:00,228.0
4927,26,106,5,300,0,UPI,2026-02-19,12:03:39,1500.0
4928,487,123,3,420,0,UPI,2026-05-06,21:33:04,1260.0
4929,111,113,4,220,10,UPI,2026-06-14,13:26:32,792.0
4930,177,101,2,695,5,UPI,2026-06-22,13:38:54,1320.5
4931,24,119,2,220,0,Card,2026-05-23,14:34:49,440.0
4932,75,101,1,695,0,Card,2026-06-01,11:53:24,695.0
4933,426,109,1,650,0,UPI,2026-06-16,18:33:12,650.0
4934,241,126,1,60,15,UPI,2026-06-15,12:56:47,51.0
4935,80,110,3,280,15,UPI,2026-05-02,22:47:19,714.0
4936,300,102,3,380,5,UPI,2026-03-30,19:56:30,1083.0
4937,230,111,5,320,5,Card,2026-02-07,18:54:53,1520.0
4938,207,113,1,220,0,UPI,2026-06-20,13:19:46,220.0
4939,71,114,2,180,10,UPI,2026-06-27,18:37:59,324.0
4940,445,103,1,320,0,Card,2026-03-10,14:26:26,320.0
4941,45,103,2,320,0,UPI,2026-05-27,18:56:08,640.0
4942,370,119,4,220,0,Cash,2026-04-15,19:00:26,880.0
4943,376,102,2,380,0,Cash,2026-01-02,13:38:55,760.0
4944,37,102,2,380,0,Cash,2026-02-14,12:08:05,760.0
4945,331,107,3,695,5,UPI,2026-04-22,14:36:16,1980.75
4946,181,106,2,300,5,UPI,2026-06-20,13:27:54,570.0
4947,21,128,3,150,10,UPI,2026-04-14,19:04:00,405.0
4948,320,124,2,180,10,Cash,2026-05-13,19:31:05,324.0
4949,388,118,2,150,0,Card,2026-04-03,13:15:06,300.0
4950,210,118,1,150,5,Cash,2026-06-11,13:06:26,142.5
4951,141,104,1,390,10,UPI,2026-05-04,20:56:50,351.0
4952,41,129,2,180,5,Cash,2026-01-25,13:45:06,342.0
4953,314,105,1,420,0,Cash,2026-02-02,12:58:15,420.0
4954,76,103,2,320,0,Card,2026-02-09,13:17:10,640.0
4955,475,106,4,300,0,Card,2026-02-05,19:50:50,1200.0
4956,498,118,3,150,0,UPI,2026-01-15,18:13:56,450.0
4957,223,120,2,120,0,UPI,2026-05-19,14:34:36,240.0
4958,50,120,5,120,15,UPI,2026-01-16,18:55:01,510.0
4959,85,115,2,150,10,UPI,2026-03-03,13:45:12,270.0
4960,173,105,1,420,0,Cash,2026-06-11,13:12:58,420.0
4961,83,108,3,695,0,Cash,2026-02-27,19:30:51,2085.0
4962,183,123,1,420,0,Cash,2026-04-03,12:39:33,420.0
4963,324,126,1,60,10,Cash,2026-01-13,13:26:34,54.0
4964,90,109,2,650,5,UPI,2026-06-27,13:21:05,1235.0
4965,469,115,1,150,0,UPI,2026-06-30,21:21:33,150.0
4966,406,123,1,420,0,UPI,2026-03-27,19:02:27,420.0
4967,486,127,1,90,0,UPI,2026-01-10,19:02:24,90.0
4968,322,110,2,280,0,UPI,2026-04-25,13:16:26,560.0
4969,316,102,1,380,5,UPI,2026-02-12,12:05:28,361.0
4970,229,116,1,120,0,UPI,2026-04-24,20:51:10,120.0
4971,166,102,2,380,0,UPI,2026-04-25,14:24:14,760.0
4972,139,123,2,420,0,Card,2026-06-16,20:57:38,840.0
4973,462,130,3,220,0,UPI,2026-01-31,19:37:55,660.0
4974,159,105,3,420,0,Cash,2026-01-01,13:31:22,1260.0
4975,27,107,2,695,5,UPI,2026-03-27,14:43:36,1320.5
4976,457,101,2,695,5,UPI,2026-05-09,21:34:15,1320.5
4977,374,117,1,130,0,UPI,2026-06-10,13:03:55,130.0
4978,482,113,1,220,0,UPI,2026-04-08,22:53:51,220.0
4979,217,123,1,420,0,Cash,2026-04-09,13:31:53,420.0
4980,115,123,2,420,15,UPI,2026-04-17,18:13:20,714.0
4981,338,109,1,650,0,UPI,2026-06-28,13:47:46,650.0
4982,373,128,2,150,0,UPI,2026-02-03,11:12:47,300.0
4983,15,119,1,220,5,UPI,2026-06-07,21:12:19,209.0
4984,472,102,3,380,5,UPI,2026-03-26,14:43:51,1083.0
4985,187,121,2,350,0,UPI,2026-03-18,22:53:14,700.0
4986,155,121,2,350,0,UPI,2026-01-19,19:39:40,700.0
4987,144,112,1,240,0,Card,2026-03-28,20:00:05,240.0
4988,185,121,1,350,0,Cash,2026-02-13,21:09:47,350.0
4989,230,121,1,350,5,UPI,2026-01-01,14:16:57,332.5
4990,268,106,2,300,0,UPI,2026-02-22,14:14:17,600.0
4991,27,101,3,695,10,Card,2026-02-12,13:26:44,1876.5
4992,455,107,4,695,0,Card,2026-03-01,13:49:47,2780.0
4993,316,123,1,420,0,UPI,2026-06-22,21:19:53,420.0
4994,190,119,1,220,0,UPI,2026-02-22,13:15:57,220.0
4995,285,114,1,180,0,UPI,2026-05-14,20:41:06,180.0
4996,85,107,3,695,5,Cash,2026-04-30,19:36:46,1980.75
4997,465,106,2,300,0,UPI,2026-01-30,14:58:01,600.0
4998,126,120,2,120,0,UPI,2026-05-01,11:41:40,240.0
4999,303,108,3,695,0,Card,2026-03-17,13:27:10,2085.0
5000,179,119,1,220,0,Card,2026-06-27,12:04:00,220.0
5001,180,120,1,120,0,UPI,2026-05-05,20:26:47,120.0
5002,157,102,1,380,0,UPI,2026-01-28,12:12:04,380.0
5003,28,123,4,420,0,Cash,2026-06-03,20:54:03,1680.0
5004,202,126,1,60,0,Cash,2026-05-23,18:23:55,60.0
5005,244,117,1,130,0,Card,2026-04-10,18:14:02,130.0
5006,138,103,2,320,5,Cash,2026-03-21,21:41:48,608.0
5007,135,105,3,420,0,Card,2026-02-07,12:50:48,1260.0
5008,385,118,1,150,0,UPI,2026-04-16,19:21:30,150.0
5009,2,130,3,220,0,UPI,2026-04-09,14:19:00,660.0
5010,267,108,1,695,0,UPI,2026-02-15,20:34:59,695.0
5011,350,115,1,150,0,UPI,2026-04-22,12:35:58,150.0
5012,397,101,1,695,0,UPI,2026-05-02,12:08:56,695.0
5013,135,107,1,695,10,Card,2026-02-26,22:02:59,625.5
5014,35,113,1,220,0,UPI,2026-03-23,13:01:31,220.0
5015,301,123,4,420,0,UPI,2026-03-26,13:51:06,1680.0
5016,341,123,2,420,0,UPI,2026-06-17,13:44:07,840.0
5017,176,130,2,220,0,Card,2026-04-13,13:26:04,440.0
5018,468,123,3,420,0,UPI,2026-02-09,19:33:45,1260.0
5019,381,123,1,420,5,UPI,2026-06-10,13:12:18,399.0
5020,318,117,1,130,0,UPI,2026-03-09,19:43:04,130.0
5021,418,106,5,300,0,Card,2026-04-01,12:07:37,1500.0
5022,31,118,2,150,0,Cash,2026-03-01,19:51:43,300.0
5023,117,119,1,220,0,UPI,2026-05-01,19:53:27,220.0
5024,277,109,2,650,0,UPI,2026-05-03,12:04:42,1300.0
5025,183,102,1,380,0,UPI,2026-04-14,18:53:56,380.0
5026,287,109,2,650,0,Cash,2026-03-29,13:17:50,1300.0
5027,288,125,1,120,0,Card,2026-02-05,11:30:03,120.0
5028,6,118,1,150,0,Cash,2026-02-25,19:08:10,150.0
5029,5,120,3,120,0,Card,2026-05-27,13:34:20,360.0
5030,376,110,2,280,0,UPI,2026-06-06,14:22:53,560.0
5031,184,102,3,380,0,Cash,2026-03-17,20:43:21,1140.0
5032,286,126,1,60,0,UPI,2026-01-27,19:36:27,60.0
5033,138,127,5,90,0,UPI,2026-06-01,19:48:06,450.0
5034,140,120,2,120,10,UPI,2026-01-13,20:04:28,216.0
5035,149,107,1,695,0,Card,2026-02-16,20:15:31,695.0
5036,363,101,2,695,0,UPI,2026-04-10,19:56:44,1390.0
5037,158,101,1,695,0,UPI,2026-02-18,12:08:25,695.0
5038,8,123,1,420,0,UPI,2026-05-11,13:59:02,420.0
5039,221,130,1,220,10,UPI,2026-05-21,19:38:06,198.0
5040,97,101,2,695,15,Cash,2026-01-11,18:44:49,1181.5
5041,26,103,1,320,0,Card,2026-06-06,13:32:05,320.0
5042,482,125,1,120,0,UPI,2026-01-03,12:33:12,120.0
5043,189,116,3,120,0,UPI,2026-06-16,13:02:49,360.0
5044,249,128,2,150,0,UPI,2026-05-04,11:34:05,300.0
5045,491,125,1,120,0,UPI,2026-02-11,19:37:36,120.0
5046,355,123,2,420,10,UPI,2026-04-12,22:55:10,756.0
5047,471,105,1,420,10,UPI,2026-01-28,12:12:17,378.0
5048,106,128,2,150,0,Cash,2026-06-03,19:36:21,300.0
5049,97,103,2,320,0,Cash,2026-05-19,20:09:34,640.0
5050,410,119,3,220,0,Card,2026-04-09,20:19:19,660.0
5051,71,122,1,320,10,Card,2026-06-10,12:10:39,288.0
5052,5,120,1,120,0,UPI,2026-06-22,14:27:09,120.0
5053,180,105,1,420,0,Card,2026-04-24,20:21:33,420.0
5054,479,108,1,695,10,Cash,2026-04-30,19:41:38,625.5
5055,400,108,2,695,0,UPI,2026-04-25,20:13:14,1390.0
5056,330,112,1,240,0,UPI,2026-03-30,18:51:10,240.0
5057,191,101,1,695,0,Card,2026-01-24,19:31:31,695.0
5058,461,105,5,420,0,UPI,2026-02-07,13:06:29,2100.0
5059,267,114,1,180,0,UPI,2026-03-09,12:47:00,180.0
5060,210,127,5,90,0,Card,2026-04-13,21:54:12,450.0
5061,157,125,1,120,0,UPI,2026-06-17,19:55:04,120.0
5062,193,110,3,280,0,UPI,2026-02-06,13:13:12,840.0
5063,236,121,1,350,10,UPI,2026-04-12,18:39:46,315.0
5064,467,118,3,150,0,Cash,2026-01-07,18:53:59,450.0
5065,221,101,2,695,0,Card,2026-05-06,11:11:36,1390.0
5066,95,119,2,220,0,Card,2026-03-06,13:52:46,440.0
5067,168,105,2,420,0,UPI,2026-01-02,12:14:46,840.0
5068,305,120,2,120,5,Card,2026-06-09,19:24:04,228.0
5069,134,120,1,120,0,UPI,2026-02-19,18:43:20,120.0
5070,267,106,2,300,15,UPI,2026-02-20,12:31:10,510.0
5071,217,104,1,390,0,UPI,2026-05-20,20:07:55,390.0
5072,332,108,1,695,5,Card,2026-04-07,19:20:32,660.25
5073,300,111,1,320,0,UPI,2026-04-10,19:47:14,320.0
5074,368,112,5,240,0,UPI,2026-03-30,20:59:38,1200.0
5075,485,122,1,320,10,UPI,2026-06-06,13:40:49,288.0
5076,94,105,2,420,0,UPI,2026-06-03,14:40:44,840.0
5077,419,114,4,180,0,UPI,2026-05-16,12:12:25,720.0
5078,264,108,2,695,0,UPI,2026-04-16,19:24:10,1390.0
5079,487,124,5,180,0,UPI,2026-06-03,13:28:59,900.0
5080,282,103,2,320,0,UPI,2026-02-20,20:44:26,640.0
5081,233,114,1,180,5,Card,2026-05-19,13:53:39,171.0
5082,131,118,2,150,10,UPI,2026-02-01,18:04:41,270.0
5083,238,108,2,695,5,Card,2026-06-09,12:18:02,1320.5
5084,415,129,1,180,0,Card,2026-06-21,14:17:09,180.0
5085,180,125,2,120,10,UPI,2026-06-11,20:31:53,216.0
5086,375,107,1,695,15,Cash,2026-02-07,18:49:20,590.75
5087,2,119,3,220,10,Card,2026-03-15,18:10:09,594.0
5088,441,106,1,300,0,Cash,2026-06-03,18:43:47,300.0
5089,393,105,2,420,0,UPI,2026-04-05,14:14:05,840.0
5090,374,126,1,60,0,UPI,2026-05-16,19:30:09,60.0
5091,466,120,1,120,10,UPI,2026-05-29,14:07:46,108.0
5092,485,126,1,60,0,UPI,2026-03-12,20:38:42,60.0
5093,369,123,1,420,15,Card,2026-03-03,19:20:49,357.0
5094,210,118,1,150,0,UPI,2026-02-22,13:14:29,150.0
5095,499,111,2,320,0,Card,2026-04-29,13:05:03,640.0
5096,378,124,1,180,5,Card,2026-04-04,13:59:04,171.0
5097,86,111,1,320,0,UPI,2026-06-21,13:57:09,320.0
5098,322,120,1,120,0,UPI,2026-01-28,12:31:09,120.0
5099,488,115,3,150,5,UPI,2026-06-24,12:39:10,427.5
5100,340,125,2,120,0,Card,2026-04-03,12:34:17,240.0
5101,44,105,3,420,0,UPI,2026-05-25,20:36:44,1260.0
5102,363,105,1,420,0,Card,2026-04-14,13:25:51,420.0
5103,57,101,1,695,5,UPI,2026-01-04,20:23:53,660.25
5104,375,103,3,320,0,UPI,2026-03-23,12:05:41,960.0
5105,97,118,2,150,0,UPI,2026-02-28,13:45:16,300.0
5106,481,120,2,120,0,Card,2026-06-03,13:31:35,240.0
5107,454,113,3,220,5,UPI,2026-03-08,13:15:02,627.0
5108,281,118,3,150,10,UPI,2026-04-01,11:55:05,405.0
5109,152,101,3,695,0,UPI,2026-03-04,19:06:05,2085.0
5110,362,121,1,350,0,Cash,2026-03-20,19:47:55,350.0
5111,353,106,1,300,0,Cash,2026-04-27,14:48:50,300.0
5112,436,106,1,300,10,UPI,2026-01-22,19:06:28,270.0
5113,330,118,2,150,5,UPI,2026-04-21,18:44:04,285.0
5114,235,102,4,380,0,UPI,2026-04-17,14:30:33,1520.0
5115,27,129,1,180,5,Card,2026-01-20,18:40:50,171.0
5116,435,102,1,380,0,UPI,2026-02-03,18:09:48,380.0
5117,103,105,1,420,0,UPI,2026-02-18,13:14:28,420.0
5118,330,111,1,320,0,UPI,2026-06-27,20:32:04,320.0
5119,355,119,1,220,10,UPI,2026-01-28,21:41:44,198.0
5120,2,120,1,120,0,Card,2026-04-16,12:47:39,120.0
5121,352,118,2,150,0,UPI,2026-02-12,13:28:42,300.0
5122,154,118,2,150,0,Card,2026-03-03,12:47:05,300.0
5123,462,119,1,220,0,Card,2026-03-28,18:49:10,220.0
5124,30,105,4,420,0,UPI,2026-01-01,20:34:40,1680.0
5125,381,107,3,695,0,Card,2026-03-05,19:47:12,2085.0
5126,3,104,1,390,5,UPI,2026-03-05,13:10:31,370.5
5127,251,120,1,120,0,UPI,2026-05-18,20:10:20,120.0
5128,120,115,1,150,15,UPI,2026-05-12,19:19:07,127.5
5129,82,102,3,380,0,UPI,2026-03-18,11:33:42,1140.0
5130,433,119,2,220,0,Cash,2026-01-12,20:39:54,440.0
5131,9,124,1,180,0,Card,2026-06-15,21:30:34,180.0
5132,71,102,1,380,0,UPI,2026-01-26,21:41:24,380.0
5133,446,122,3,320,0,Card,2026-01-25,13:45:36,960.0
5134,31,122,1,320,0,UPI,2026-05-24,20:12:59,320.0
5135,333,107,1,695,0,UPI,2026-06-03,19:36:17,695.0
5136,334,105,1,420,5,UPI,2026-01-21,12:55:06,399.0
5137,393,101,2,695,0,Card,2026-02-26,11:46:12,1390.0
5138,8,122,2,320,0,Cash,2026-05-18,19:24:09,640.0
5139,21,105,1,420,0,UPI,2026-03-14,18:35:08,420.0
5140,124,107,1,695,10,Card,2026-02-04,11:47:49,625.5
5141,121,108,1,695,15,UPI,2026-05-11,13:35:07,590.75
5142,197,109,3,650,0,Card,2026-02-06,14:18:41,1950.0
5143,107,127,1,90,5,Cash,2026-05-21,22:17:06,85.5
5144,53,103,3,320,0,Cash,2026-06-21,18:39:04,960.0
5145,83,106,3,300,0,UPI,2026-05-22,11:56:51,900.0
5146,268,118,1,150,0,UPI,2026-03-17,12:31:40,150.0
5147,500,123,2,420,15,Card,2026-06-05,19:21:16,714.0
5148,57,116,3,120,0,Card,2026-02-25,21:54:58,360.0
5149,115,105,3,420,10,UPI,2026-02-03,11:50:04,1134.0
5150,34,120,5,120,0,UPI,2026-06-28,13:52:55,600.0
5151,316,102,1,380,0,Card,2026-06-02,12:56:37,380.0
5152,240,118,1,150,15,Card,2026-05-28,19:48:50,127.5
5153,494,101,2,695,0,UPI,2026-03-09,12:25:36,1390.0
5154,217,106,1,300,0,UPI,2026-04-19,22:08:37,300.0
5155,162,116,3,120,0,UPI,2026-04-13,12:50:45,360.0
5156,60,121,2,350,10,Card,2026-06-28,19:10:32,630.0
5157,255,117,1,130,0,UPI,2026-05-30,19:56:40,130.0
5158,154,123,1,420,0,Card,2026-05-05,14:29:30,420.0
5159,7,129,1,180,0,UPI,2026-05-29,18:37:23,180.0
5160,100,118,2,150,0,UPI,2026-03-23,11:10:34,300.0
5161,470,127,4,90,0,Card,2026-04-09,19:21:23,360.0
5162,257,104,3,390,5,Card,2026-06-26,12:10:38,1111.5
5163,275,117,2,130,0,Cash,2026-06-22,20:59:13,260.0
5164,30,128,2,150,0,UPI,2026-03-12,12:20:39,300.0
5165,433,125,1,120,0,UPI,2026-01-05,12:47:10,120.0
5166,342,109,2,650,0,UPI,2026-02-11,19:05:44,1300.0
5167,283,104,1,390,0,UPI,2026-03-13,12:15:55,390.0
5168,93,103,1,320,0,UPI,2026-03-06,12:41:34,320.0
5169,342,103,1,320,0,UPI,2026-01-07,11:22:23,320.0
5170,27,109,1,650,0,Card,2026-01-10,21:08:35,650.0
5171,267,118,1,150,10,UPI,2026-04-06,13:25:13,135.0
5172,169,109,5,650,10,UPI,2026-02-22,20:24:11,2925.0
5173,427,120,1,120,0,UPI,2026-06-19,18:40:46,120.0
5174,402,114,1,180,5,UPI,2026-06-15,12:50:47,171.0
5175,299,107,5,695,0,UPI,2026-04-09,12:18:22,3475.0
5176,378,108,1,695,10,Cash,2026-02-09,13:58:34,625.5
5177,445,114,3,180,0,UPI,2026-04-18,20:07:11,540.0
5178,482,103,1,320,0,Card,2026-01-10,19:34:02,320.0
5179,282,123,1,420,0,Card,2026-04-30,20:02:23,420.0
5180,119,130,1,220,0,UPI,2026-05-22,12:55:23,220.0
5181,460,121,1,350,0,UPI,2026-04-23,18:28:24,350.0
5182,173,105,1,420,0,Card,2026-05-29,12:01:37,420.0
5183,206,120,2,120,5,UPI,2026-02-05,19:23:54,228.0
5184,130,125,1,120,0,Card,2026-02-27,18:58:15,120.0
5185,36,108,1,695,10,UPI,2026-04-29,14:43:38,625.5
5186,355,108,2,695,5,Card,2026-02-02,13:07:03,1320.5
5187,215,119,1,220,0,Cash,2026-03-02,20:11:11,220.0
5188,58,104,2,390,5,UPI,2026-04-21,19:00:56,741.0
5189,484,120,1,120,10,UPI,2026-05-29,11:06:44,108.0
5190,157,111,2,320,0,UPI,2026-05-02,18:00:58,640.0
5191,147,119,3,220,0,Card,2026-03-29,18:03:30,660.0
5192,47,115,2,150,0,Card,2026-05-06,13:56:16,300.0
5193,284,122,5,320,10,UPI,2026-06-13,12:22:58,1440.0
5194,74,128,2,150,0,UPI,2026-03-25,11:13:36,300.0
5195,399,102,3,380,0,UPI,2026-03-09,21:46:19,1140.0
5196,438,103,1,320,5,Cash,2026-06-07,13:36:54,304.0
5197,231,114,1,180,0,Cash,2026-06-07,13:49:29,180.0
5198,100,118,5,150,15,UPI,2026-04-26,19:59:53,637.5
5199,282,118,1,150,15,UPI,2026-03-19,19:16:31,127.5
5200,127,105,1,420,0,UPI,2026-06-18,19:21:07,420.0
5201,93,125,1,120,0,UPI,2026-04-23,18:56:58,120.0
5202,481,105,2,420,15,UPI,2026-02-20,19:05:58,714.0
5203,58,107,1,695,0,UPI,2026-06-14,21:41:16,695.0
5204,295,110,1,280,0,UPI,2026-01-24,19:20:44,280.0
5205,495,104,2,390,0,UPI,2026-05-11,14:10:53,780.0
5206,44,116,3,120,0,Card,2026-03-05,14:57:56,360.0
5207,96,103,1,320,15,Card,2026-01-31,18:08:22,272.0
5208,358,107,1,695,0,UPI,2026-06-15,19:39:29,695.0
5209,414,113,2,220,0,UPI,2026-05-13,14:59:06,440.0
5210,108,105,1,420,0,UPI,2026-05-10,18:40:44,420.0
5211,223,107,1,695,0,Card,2026-05-17,18:35:18,695.0
5212,422,130,1,220,0,Cash,2026-01-13,20:58:04,220.0
5213,393,126,1,60,10,Card,2026-01-08,20:32:38,54.0
5214,316,103,2,320,0,UPI,2026-05-13,13:13:29,640.0
5215,114,127,1,90,0,UPI,2026-04-20,18:57:31,90.0
5216,358,118,1,150,10,UPI,2026-02-19,18:21:38,135.0
5217,149,112,2,240,0,UPI,2026-01-08,18:58:49,480.0
5218,479,101,2,695,0,UPI,2026-06-17,18:32:28,1390.0
5219,122,111,1,320,0,Card,2026-02-20,21:57:01,320.0
5220,388,102,3,380,0,Card,2026-01-04,19:01:44,1140.0
5221,62,123,1,420,10,Card,2026-05-07,21:41:45,378.0
5222,42,110,1,280,0,UPI,2026-04-24,20:36:37,280.0
5223,329,107,1,695,0,Card,2026-06-01,20:27:19,695.0
5224,303,125,1,120,0,UPI,2026-04-17,21:20:30,120.0
5225,142,118,2,150,0,UPI,2026-04-29,21:23:25,300.0
5226,458,117,1,130,0,Card,2026-05-24,13:32:00,130.0
5227,281,107,5,695,0,Card,2026-06-08,20:13:04,3475.0
5228,84,123,2,420,5,Card,2026-01-24,19:13:30,798.0
5229,60,105,1,420,0,UPI,2026-02-22,12:44:56,420.0
5230,482,116,1,120,0,UPI,2026-01-18,19:52:46,120.0
5231,482,111,3,320,0,Cash,2026-06-13,13:41:25,960.0
5232,4,101,1,695,0,UPI,2026-03-15,11:31:17,695.0
5233,322,103,1,320,0,UPI,2026-04-15,13:42:15,320.0
5234,154,106,2,300,0,UPI,2026-05-14,19:21:20,600.0
5235,233,111,1,320,5,UPI,2026-02-03,18:13:25,304.0
5236,472,107,1,695,0,UPI,2026-05-28,12:34:27,695.0
5237,8,108,1,695,0,Cash,2026-05-16,22:55:04,695.0
5238,168,103,1,320,15,UPI,2026-05-23,14:57:33,272.0
5239,297,105,2,420,0,Card,2026-01-07,14:50:14,840.0
5240,98,110,2,280,5,Card,2026-02-16,12:55:09,532.0
5241,44,121,1,350,0,Cash,2026-02-07,19:23:23,350.0
5242,271,118,1,150,0,Card,2026-03-13,19:26:35,150.0
5243,325,108,1,695,10,UPI,2026-06-22,12:43:13,625.5
5244,126,108,3,695,5,UPI,2026-06-18,19:11:42,1980.75
5245,461,116,2,120,5,UPI,2026-06-09,14:29:34,228.0
5246,21,118,1,150,0,Cash,2026-03-28,12:38:30,150.0
5247,211,119,3,220,5,Cash,2026-01-19,18:02:30,627.0
5248,39,120,1,120,0,Card,2026-06-15,19:38:54,120.0
5249,445,116,1,120,0,Card,2026-06-17,22:23:42,120.0
5250,218,109,2,650,15,UPI,2026-02-01,13:26:27,1105.0
5251,77,109,3,650,0,UPI,2026-03-20,19:58:42,1950.0
5252,454,108,3,695,0,UPI,2026-04-09,13:54:42,2085.0
5253,312,123,5,420,0,UPI,2026-02-15,13:44:01,2100.0
5254,449,102,1,380,0,Cash,2026-05-19,22:55:59,380.0
5255,95,108,2,695,0,UPI,2026-06-08,18:53:45,1390.0
5256,304,101,1,695,0,UPI,2026-01-27,19:43:05,695.0
5257,52,101,4,695,0,UPI,2026-04-21,12:03:14,2780.0
5258,196,102,2,380,0,UPI,2026-01-08,12:34:27,760.0
5259,319,101,2,695,0,UPI,2026-06-09,14:36:35,1390.0
5260,9,104,1,390,0,UPI,2026-05-30,13:06:14,390.0
5261,462,108,2,695,0,UPI,2026-05-09,19:51:04,1390.0
5262,242,122,1,320,5,Card,2026-03-03,21:20:27,304.0
5263,347,115,1,150,0,Card,2026-05-03,19:01:21,150.0
5264,355,121,1,350,0,UPI,2026-06-17,14:52:10,350.0
5265,391,118,1,150,0,UPI,2026-05-20,13:44:40,150.0
5266,29,105,1,420,10,UPI,2026-01-17,22:29:04,378.0
5267,312,102,1,380,0,UPI,2026-02-16,22:52:36,380.0
5268,460,101,2,695,5,Card,2026-01-05,21:45:51,1320.5
5269,51,106,1,300,0,UPI,2026-06-28,19:07:41,300.0
5270,458,120,1,120,15,UPI,2026-02-27,19:00:21,102.0
5271,236,110,4,280,0,UPI,2026-05-19,20:08:59,1120.0
5272,299,124,1,180,0,UPI,2026-01-24,11:55:49,180.0
5273,489,114,1,180,0,Card,2026-02-02,13:51:44,180.0
5274,84,120,1,120,0,UPI,2026-05-21,13:06:37,120.0
5275,165,104,2,390,5,UPI,2026-05-01,20:36:07,741.0
5276,65,120,5,120,0,Cash,2026-01-27,12:07:18,600.0
5277,471,119,2,220,0,UPI,2026-06-27,19:41:49,440.0
5278,258,110,1,280,0,Cash,2026-05-30,18:33:32,280.0
5279,195,107,3,695,5,Card,2026-03-25,12:26:23,1980.75
5280,150,101,3,695,0,Card,2026-03-23,18:47:41,2085.0
5281,62,126,1,60,0,UPI,2026-03-11,11:00:15,60.0
5282,470,122,2,320,5,Cash,2026-05-18,20:59:18,608.0
5283,247,102,1,380,0,Card,2026-05-25,14:33:46,380.0
5284,26,117,1,130,0,UPI,2026-06-07,12:14:22,130.0
5285,442,105,2,420,0,Cash,2026-06-17,18:29:00,840.0
5286,399,128,1,150,0,UPI,2026-03-09,19:26:31,150.0
5287,253,105,1,420,0,Card,2026-06-25,11:25:19,420.0
5288,232,117,2,130,0,UPI,2026-02-18,18:17:51,260.0
5289,404,116,1,120,5,Cash,2026-06-21,12:49:21,114.0
5290,184,104,2,390,0,UPI,2026-06-01,14:48:30,780.0
5291,446,121,1,350,0,UPI,2026-05-03,21:27:50,350.0
5292,14,123,2,420,0,UPI,2026-06-24,14:45:08,840.0
5293,385,114,2,180,0,UPI,2026-03-07,18:07:56,360.0
5294,243,122,2,320,0,UPI,2026-04-08,13:34:24,640.0
5295,35,108,2,695,5,UPI,2026-06-13,12:45:17,1320.5
5296,113,120,2,120,0,Card,2026-04-21,19:00:06,240.0
5297,327,105,1,420,0,Card,2026-01-05,12:02:48,420.0
5298,88,129,1,180,10,UPI,2026-02-14,19:27:59,162.0
5299,67,116,2,120,0,Cash,2026-05-21,14:36:07,240.0
5300,94,127,1,90,5,Cash,2026-01-06,19:15:53,85.5
5301,326,119,1,220,0,Card,2026-04-12,11:47:57,220.0
5302,214,103,2,320,5,UPI,2026-03-13,20:13:17,608.0
5303,443,112,1,240,5,UPI,2026-02-17,20:38:57,228.0
5304,95,105,3,420,0,UPI,2026-04-18,19:50:23,1260.0
5305,266,125,1,120,0,UPI,2026-05-04,19:51:24,120.0
5306,2,103,1,320,15,UPI,2026-06-17,21:38:00,272.0
5307,120,130,1,220,5,UPI,2026-03-28,19:53:01,209.0
5308,333,104,2,390,0,Cash,2026-06-07,19:44:39,780.0
5309,50,102,3,380,5,Card,2026-06-20,18:35:33,1083.0
5310,474,110,2,280,0,Card,2026-05-24,12:25:46,560.0
5311,342,130,5,220,0,UPI,2026-02-26,20:46:31,1100.0
5312,380,119,2,220,0,UPI,2026-06-27,18:23:22,440.0
5313,389,124,1,180,5,Card,2026-03-22,20:07:49,171.0
5314,474,104,3,390,5,UPI,2026-06-15,18:31:51,1111.5
5315,346,130,3,220,0,UPI,2026-03-30,18:47:45,660.0
5316,355,104,2,390,0,UPI,2026-04-02,21:12:35,780.0
5317,45,120,2,120,5,Cash,2026-05-18,19:10:41,228.0
5318,424,102,1,380,0,Card,2026-04-23,12:29:23,380.0
5319,295,101,1,695,0,UPI,2026-01-19,13:46:19,695.0
5320,392,105,1,420,15,UPI,2026-01-31,11:31:26,357.0
5321,174,104,2,390,10,Card,2026-01-14,13:18:28,702.0
5322,119,125,2,120,0,UPI,2026-05-10,20:38:40,240.0
5323,338,104,1,390,0,UPI,2026-06-02,13:40:59,390.0
5324,366,105,1,420,0,UPI,2026-06-10,14:50:56,420.0
5325,317,105,1,420,0,UPI,2026-03-19,20:13:05,420.0
5326,311,104,1,390,0,UPI,2026-05-26,12:33:53,390.0
5327,111,115,1,150,0,Cash,2026-01-01,18:32:41,150.0
5328,345,123,1,420,0,UPI,2026-02-13,20:10:17,420.0
5329,46,107,2,695,0,Card,2026-01-14,19:08:57,1390.0
5330,35,101,2,695,0,Cash,2026-04-10,20:29:48,1390.0
5331,423,126,1,60,5,UPI,2026-01-06,12:23:34,57.0
5332,184,116,2,120,0,UPI,2026-02-19,11:05:46,240.0
5333,307,123,1,420,0,UPI,2026-04-15,20:00:56,420.0
5334,119,126,2,60,5,UPI,2026-06-29,20:51:25,114.0
5335,235,113,1,220,0,Card,2026-06-21,13:35:17,220.0
5336,327,107,1,695,0,Cash,2026-02-27,14:41:44,695.0
5337,241,124,2,180,0,UPI,2026-04-14,20:24:22,360.0
5338,330,108,1,695,0,UPI,2026-03-03,11:24:51,695.0
5339,33,123,1,420,10,Cash,2026-03-01,12:33:58,378.0
5340,63,113,1,220,0,UPI,2026-04-20,19:36:21,220.0
5341,166,123,2,420,0,Card,2026-03-16,21:48:10,840.0
5342,55,116,2,120,0,Cash,2026-06-06,20:04:20,240.0
5343,76,123,1,420,0,Card,2026-06-15,21:04:09,420.0
5344,225,102,1,380,0,UPI,2026-01-09,12:10:15,380.0
5345,206,116,3,120,0,Card,2026-05-27,12:52:19,360.0
5346,291,112,2,240,0,UPI,2026-03-07,12:48:58,480.0
5347,226,102,1,380,0,UPI,2026-02-20,11:12:21,380.0
5348,120,105,1,420,5,UPI,2026-01-20,21:57:13,399.0
5349,248,108,2,695,0,UPI,2026-06-06,12:26:00,1390.0
5350,303,105,1,420,0,UPI,2026-02-01,14:22:05,420.0
5351,413,115,1,150,0,UPI,2026-04-16,13:11:04,150.0
5352,354,103,1,320,0,UPI,2026-02-19,11:04:59,320.0
5353,106,113,2,220,0,Card,2026-02-11,12:00:45,440.0
5354,348,102,1,380,0,UPI,2026-04-25,13:11:25,380.0
5355,375,121,1,350,0,UPI,2026-04-21,19:44:28,350.0
5356,114,118,2,150,0,UPI,2026-02-03,18:20:08,300.0
5357,172,123,1,420,5,Cash,2026-06-20,19:14:14,399.0
5358,46,123,2,420,0,UPI,2026-06-25,18:26:46,840.0
5359,70,129,1,180,0,UPI,2026-03-30,11:30:07,180.0
5360,6,128,2,150,0,UPI,2026-05-11,11:14:38,300.0
5361,180,123,2,420,0,UPI,2026-04-20,19:33:59,840.0
5362,235,111,2,320,0,UPI,2026-06-19,19:46:55,640.0
5363,313,116,1,120,10,UPI,2026-06-21,13:43:49,108.0
5364,239,123,1,420,5,UPI,2026-06-01,13:54:58,399.0
5365,277,113,1,220,0,Card,2026-03-31,22:22:55,220.0
5366,113,120,1,120,5,UPI,2026-02-18,14:49:04,114.0
5367,259,110,1,280,0,UPI,2026-05-07,19:16:39,280.0
5368,55,124,5,180,0,Card,2026-03-23,13:53:31,900.0
5369,289,103,2,320,0,UPI,2026-02-26,14:46:22,640.0
5370,421,111,3,320,0,UPI,2026-04-16,18:57:44,960.0
5371,42,116,1,120,0,Card,2026-02-03,13:53:30,120.0
5372,220,119,1,220,0,UPI,2026-02-18,20:40:26,220.0
5373,467,122,1,320,5,UPI,2026-01-10,20:38:35,304.0
5374,323,104,1,390,5,UPI,2026-05-03,14:11:58,370.5
5375,380,109,1,650,0,UPI,2026-04-10,20:49:14,650.0
5376,93,111,1,320,0,UPI,2026-01-30,13:15:44,320.0
5377,482,105,1,420,5,UPI,2026-03-12,19:59:25,399.0
5378,121,102,1,380,10,Card,2026-05-16,19:41:43,342.0
5379,440,118,2,150,0,UPI,2026-05-20,19:18:45,300.0
5380,86,101,1,695,0,Cash,2026-01-14,20:47:08,695.0
5381,260,101,3,695,5,Cash,2026-01-05,19:23:49,1980.75
5382,269,128,2,150,15,UPI,2026-04-02,20:50:42,255.0
5383,80,119,3,220,0,UPI,2026-05-10,12:25:28,660.0
5384,79,113,2,220,0,UPI,2026-02-10,14:12:06,440.0
5385,109,113,2,220,0,UPI,2026-04-22,12:46:20,440.0
5386,235,107,1,695,0,Cash,2026-01-25,20:10:04,695.0
5387,430,118,1,150,5,Card,2026-05-06,14:53:09,142.5
5388,30,129,2,180,0,Cash,2026-05-06,19:35:49,360.0
5389,121,126,1,60,0,UPI,2026-03-12,13:10:44,60.0
5390,369,121,2,350,0,Card,2026-02-17,14:21:36,700.0
5391,48,116,3,120,0,UPI,2026-05-27,13:54:38,360.0
5392,81,109,2,650,5,Card,2026-05-31,18:58:50,1235.0
5393,425,118,2,150,10,Card,2026-05-04,19:53:55,270.0
5394,485,127,2,90,0,UPI,2026-05-25,19:32:31,180.0
5395,339,117,3,130,0,UPI,2026-01-22,12:24:53,390.0
5396,390,105,1,420,0,Card,2026-05-21,13:02:32,420.0
5397,275,102,1,380,5,UPI,2026-04-18,19:18:55,361.0
5398,352,119,1,220,0,UPI,2026-06-13,13:10:15,220.0
5399,483,118,2,150,0,UPI,2026-06-01,13:10:53,300.0
5400,318,101,1,695,0,UPI,2026-05-06,13:01:50,695.0
5401,123,129,1,180,10,UPI,2026-03-20,19:28:02,162.0
5402,352,128,1,150,0,UPI,2026-02-10,18:42:45,150.0
5403,423,124,1,180,0,Cash,2026-05-24,20:25:15,180.0
5404,164,101,4,695,0,UPI,2026-05-24,20:03:47,2780.0
5405,105,103,1,320,0,UPI,2026-03-04,22:05:29,320.0
5406,488,121,3,350,0,UPI,2026-03-11,12:16:13,1050.0
5407,219,108,1,695,0,Cash,2026-02-04,19:28:30,695.0
5408,30,127,1,90,0,Cash,2026-03-10,12:35:26,90.0
5409,489,121,1,350,0,Cash,2026-06-24,18:25:14,350.0
5410,1,104,2,390,0,Card,2026-03-17,14:55:16,780.0
5411,430,118,1,150,0,UPI,2026-05-31,19:32:03,150.0
5412,194,102,4,380,5,UPI,2026-02-07,12:11:06,1444.0
5413,17,118,1,150,0,UPI,2026-05-03,13:32:41,150.0
5414,129,102,2,380,5,Card,2026-03-12,14:16:38,722.0
5415,358,107,1,695,0,UPI,2026-03-30,13:36:34,695.0
5416,467,105,1,420,0,Card,2026-03-29,12:19:30,420.0
5417,242,125,2,120,0,Cash,2026-06-16,18:51:02,240.0
5418,351,116,1,120,0,Card,2026-06-01,13:51:54,120.0
5419,70,113,1,220,10,Card,2026-05-01,13:38:14,198.0
5420,428,122,1,320,0,UPI,2026-06-28,20:20:12,320.0
5421,322,121,1,350,0,Cash,2026-05-22,13:32:01,350.0
5422,180,102,2,380,0,Card,2026-04-29,11:31:57,760.0
5423,268,102,1,380,0,UPI,2026-03-25,11:17:14,380.0
5424,437,103,1,320,0,Cash,2026-01-14,19:29:11,320.0
5425,63,123,1,420,0,UPI,2026-02-23,19:41:38,420.0
5426,327,113,3,220,5,UPI,2026-01-31,13:45:24,627.0
5427,489,115,2,150,0,Cash,2026-01-20,21:27:52,300.0
5428,216,115,1,150,10,UPI,2026-03-25,14:48:23,135.0
5429,264,126,1,60,5,UPI,2026-06-09,19:19:45,57.0
5430,268,125,2,120,10,UPI,2026-06-15,20:38:17,216.0
5431,210,121,1,350,5,UPI,2026-05-14,19:23:38,332.5
5432,223,105,3,420,0,Card,2026-02-25,13:27:01,1260.0
5433,378,116,2,120,5,Cash,2026-06-04,14:12:43,228.0
5434,197,120,5,120,0,Cash,2026-01-07,18:50:24,600.0
5435,364,121,2,350,0,Cash,2026-04-12,21:39:59,700.0
5436,309,128,1,150,0,UPI,2026-01-02,12:20:55,150.0
5437,178,106,3,300,0,Cash,2026-06-09,13:24:28,900.0
5438,34,119,1,220,0,Cash,2026-04-29,19:52:17,220.0
5439,395,129,1,180,0,Card,2026-03-31,12:21:32,180.0
5440,491,101,3,695,5,Card,2026-02-18,14:22:33,1980.75
5441,113,104,3,390,0,UPI,2026-03-10,21:33:00,1170.0
5442,60,127,2,90,0,UPI,2026-03-19,21:55:11,180.0
5443,88,121,1,350,0,UPI,2026-05-30,21:43:42,350.0
5444,92,103,2,320,0,UPI,2026-06-03,20:24:28,640.0
5445,103,115,2,150,5,UPI,2026-06-24,18:39:50,285.0
5446,291,119,2,220,0,UPI,2026-02-28,12:32:31,440.0
5447,24,108,3,695,0,Card,2026-05-27,20:22:27,2085.0
5448,263,117,2,130,5,Card,2026-01-02,20:52:28,247.0
5449,35,127,1,90,0,UPI,2026-04-01,12:03:41,90.0
5450,443,120,1,120,0,UPI,2026-01-23,12:16:33,120.0
5451,155,105,1,420,10,Cash,2026-04-02,20:55:23,378.0
5452,304,120,2,120,15,UPI,2026-01-18,22:08:50,204.0
5453,148,101,1,695,0,Card,2026-06-02,18:11:49,695.0
5454,322,124,2,180,0,UPI,2026-05-04,13:53:18,360.0
5455,266,120,1,120,0,Card,2026-02-15,20:15:21,120.0
5456,117,108,2,695,0,UPI,2026-01-08,12:49:22,1390.0
5457,201,126,2,60,0,Cash,2026-04-20,12:00:58,120.0
5458,478,105,2,420,0,Card,2026-03-13,19:31:15,840.0
5459,341,119,1,220,15,UPI,2026-03-12,13:13:22,187.0
5460,173,109,4,650,0,Card,2026-04-12,19:08:35,2600.0
5461,30,101,1,695,0,Card,2026-05-19,13:39:26,695.0
5462,355,119,2,220,0,UPI,2026-05-03,14:20:59,440.0
5463,367,126,4,60,5,UPI,2026-02-09,19:02:24,228.0
5464,302,120,1,120,0,Cash,2026-02-23,13:55:58,120.0
5465,37,102,5,380,0,UPI,2026-06-14,22:33:01,1900.0
5466,319,123,2,420,0,Card,2026-05-30,12:25:13,840.0
5467,406,101,1,695,10,UPI,2026-06-15,19:16:41,625.5
5468,183,101,1,695,5,UPI,2026-06-18,13:18:39,660.25
5469,176,116,3,120,0,UPI,2026-02-09,18:13:47,360.0
5470,93,121,1,350,0,UPI,2026-06-19,13:07:01,350.0
5471,490,111,4,320,5,UPI,2026-01-29,18:43:57,1216.0
5472,8,105,3,420,0,UPI,2026-01-12,19:33:06,1260.0
5473,303,115,1,150,0,UPI,2026-03-07,21:27:22,150.0
5474,379,101,2,695,0,Cash,2026-05-23,19:13:03,1390.0
5475,197,106,2,300,0,Cash,2026-06-03,19:11:47,600.0
5476,333,117,1,130,0,Cash,2026-03-15,18:09:40,130.0
5477,413,126,3,60,0,UPI,2026-02-15,12:09:29,180.0
5478,379,101,2,695,10,UPI,2026-01-13,20:54:57,1251.0
5479,397,125,5,120,0,Cash,2026-05-24,20:31:21,600.0
5480,139,119,4,220,10,UPI,2026-06-25,11:21:47,792.0
5481,332,123,1,420,5,UPI,2026-04-07,21:12:07,399.0
5482,319,118,1,150,10,Card,2026-04-13,12:38:51,135.0
5483,242,126,3,60,5,UPI,2026-04-12,12:36:15,171.0
5484,395,128,1,150,0,Card,2026-01-21,20:36:36,150.0
5485,347,104,2,390,15,Cash,2026-04-27,13:39:25,663.0
5486,23,102,2,380,0,Card,2026-01-16,11:59:06,760.0
5487,102,117,1,130,0,Card,2026-05-28,19:27:38,130.0
5488,245,108,3,695,0,UPI,2026-06-21,22:13:28,2085.0
5489,222,107,1,695,0,UPI,2026-01-28,12:27:07,695.0
5490,369,121,2,350,0,Cash,2026-01-01,19:18:16,700.0
5491,409,101,1,695,0,UPI,2026-06-09,19:53:01,695.0
5492,457,103,2,320,0,UPI,2026-04-30,13:40:55,640.0
5493,174,128,3,150,10,UPI,2026-02-02,18:07:08,405.0
5494,311,128,2,150,10,UPI,2026-06-20,19:31:22,270.0
5495,363,106,1,300,5,Card,2026-03-02,12:46:14,285.0
5496,66,101,2,695,15,Card,2026-03-15,19:09:51,1181.5
5497,154,122,1,320,5,UPI,2026-04-11,20:34:42,304.0
5498,27,101,1,695,15,Cash,2026-06-03,19:06:47,590.75
5499,177,120,1,120,5,UPI,2026-06-24,20:50:57,114.0
5500,174,104,1,390,0,Cash,2026-06-20,13:43:00,390.0
5501,104,101,2,695,0,UPI,2026-06-30,11:44:32,1390.0
5502,137,104,2,390,10,UPI,2026-05-11,19:52:23,702.0
5503,346,101,1,695,0,UPI,2026-05-02,13:24:09,695.0
5504,469,102,1,380,0,Cash,2026-01-15,13:46:13,380.0
5505,404,108,1,695,10,Cash,2026-02-11,14:12:12,625.5
5506,161,115,1,150,0,UPI,2026-02-27,13:23:29,150.0
5507,345,120,1,120,5,UPI,2026-05-20,13:49:33,114.0
5508,425,120,1,120,5,UPI,2026-06-12,13:36:24,114.0
5509,497,110,3,280,0,UPI,2026-06-06,12:41:44,840.0
5510,323,104,2,390,0,UPI,2026-03-22,20:55:44,780.0
5511,483,116,1,120,0,UPI,2026-01-20,13:54:20,120.0
5512,141,114,1,180,0,Card,2026-03-22,12:51:13,180.0
5513,60,107,1,695,10,Cash,2026-03-14,20:24:18,625.5
5514,167,106,2,300,0,Card,2026-06-30,18:35:59,600.0
5515,286,106,2,300,0,Card,2026-01-02,12:39:58,600.0
5516,153,112,3,240,0,Card,2026-01-15,18:17:20,720.0
5517,432,118,2,150,0,UPI,2026-02-09,20:24:29,300.0
5518,221,120,1,120,5,UPI,2026-05-05,13:57:28,114.0
5519,483,116,1,120,0,UPI,2026-04-24,21:33:45,120.0
5520,242,103,2,320,0,Cash,2026-03-07,19:57:45,640.0
5521,370,120,2,120,0,UPI,2026-01-01,14:25:50,240.0
5522,279,120,2,120,0,Card,2026-01-24,19:36:14,240.0
5523,406,115,1,150,0,UPI,2026-05-23,13:44:56,150.0
5524,326,129,1,180,0,UPI,2026-05-09,13:56:57,180.0
5525,445,111,1,320,0,UPI,2026-05-28,12:24:20,320.0
5526,240,102,1,380,5,UPI,2026-05-20,13:51:43,361.0
5527,397,120,1,120,5,UPI,2026-02-07,18:06:05,114.0
5528,28,118,2,150,0,Cash,2026-02-26,13:49:28,300.0
5529,338,105,3,420,0,UPI,2026-01-07,18:58:33,1260.0
5530,219,113,2,220,0,Card,2026-06-24,13:37:19,440.0
5531,327,102,2,380,0,UPI,2026-03-07,21:22:28,760.0
5532,237,106,2,300,0,UPI,2026-06-21,19:17:37,600.0
5533,64,106,2,300,10,Card,2026-04-20,12:10:34,540.0
5534,131,123,3,420,0,UPI,2026-01-07,18:03:23,1260.0
5535,255,102,2,380,5,UPI,2026-02-27,21:19:18,722.0
5536,51,111,1,320,0,Cash,2026-01-22,14:28:45,320.0
5537,117,122,1,320,0,Card,2026-02-06,19:27:52,320.0
5538,221,123,1,420,0,UPI,2026-06-28,11:53:30,420.0
5539,4,130,1,220,0,Card,2026-03-17,19:39:18,220.0
5540,157,102,1,380,0,UPI,2026-03-14,19:25:52,380.0
5541,42,120,1,120,0,UPI,2026-04-24,11:06:52,120.0
5542,246,105,1,420,0,Card,2026-03-21,18:46:35,420.0
5543,175,108,1,695,0,Card,2026-03-22,13:56:57,695.0
5544,199,120,1,120,0,UPI,2026-06-28,21:34:51,120.0
5545,50,104,2,390,0,Cash,2026-01-15,21:03:51,780.0
5546,463,127,3,90,0,UPI,2026-05-24,22:52:00,270.0
5547,290,102,2,380,0,Card,2026-06-22,12:36:21,760.0
5548,100,111,1,320,5,UPI,2026-06-15,12:35:44,304.0
5549,316,118,1,150,0,Cash,2026-04-20,20:24:17,150.0
5550,392,110,2,280,5,Cash,2026-01-03,13:16:17,532.0
5551,141,101,3,695,0,UPI,2026-05-31,19:49:41,2085.0
5552,470,106,2,300,0,Card,2026-05-16,18:03:22,600.0
5553,162,101,2,695,0,UPI,2026-04-20,14:16:28,1390.0
5554,71,116,1,120,0,UPI,2026-05-14,18:12:02,120.0
5555,318,107,1,695,0,UPI,2026-05-02,13:55:38,695.0
5556,291,103,1,320,0,Cash,2026-05-26,20:51:22,320.0
5557,384,110,2,280,0,UPI,2026-04-15,21:57:09,560.0
5558,209,120,3,120,5,UPI,2026-02-09,13:23:08,342.0
5559,390,108,3,695,0,Card,2026-06-07,13:25:22,2085.0
5560,477,103,1,320,5,UPI,2026-01-22,12:19:28,304.0
5561,92,126,2,60,0,UPI,2026-05-31,14:42:31,120.0
5562,129,103,2,320,5,Card,2026-05-30,19:51:17,608.0
5563,138,106,1,300,0,UPI,2026-05-01,19:28:02,300.0
5564,247,116,1,120,0,Cash,2026-01-16,19:49:56,120.0
5565,297,103,2,320,0,UPI,2026-06-09,19:32:52,640.0
5566,484,101,5,695,0,UPI,2026-04-19,13:38:55,3475.0
5567,76,122,2,320,10,Card,2026-02-11,21:17:00,576.0
5568,54,121,2,350,0,Card,2026-06-20,19:33:59,700.0
5569,330,129,3,180,0,UPI,2026-05-15,14:41:34,540.0
5570,309,128,1,150,15,UPI,2026-03-27,20:52:11,127.5
5571,400,111,3,320,0,UPI,2026-06-12,12:01:16,960.0
5572,1,102,2,380,0,Card,2026-03-22,12:18:39,760.0
5573,145,105,4,420,0,UPI,2026-03-02,13:56:50,1680.0
5574,418,115,3,150,0,UPI,2026-04-27,18:33:21,450.0
5575,477,120,1,120,0,UPI,2026-04-08,12:37:59,120.0
5576,175,121,1,350,0,UPI,2026-04-02,11:33:12,350.0
5577,330,123,2,420,0,UPI,2026-05-12,11:38:13,840.0
5578,442,108,4,695,0,UPI,2026-06-08,19:18:49,2780.0
5579,484,101,2,695,0,Cash,2026-01-17,20:52:53,1390.0
5580,118,120,3,120,0,UPI,2026-05-08,18:58:19,360.0
5581,166,105,2,420,0,Cash,2026-06-10,20:56:29,840.0
5582,9,121,1,350,0,UPI,2026-01-02,13:43:15,350.0
5583,428,122,1,320,0,Card,2026-01-15,13:37:37,320.0
5584,495,105,1,420,0,UPI,2026-04-18,21:55:35,420.0
5585,109,126,1,60,15,Cash,2026-01-30,12:18:34,51.0
5586,155,111,1,320,0,UPI,2026-06-12,13:43:20,320.0
5587,446,121,3,350,5,Card,2026-01-28,14:03:23,997.5
5588,414,120,2,120,0,Card,2026-03-11,12:00:30,240.0
5589,10,122,1,320,0,Card,2026-04-28,19:47:12,320.0
5590,471,108,1,695,0,UPI,2026-05-21,19:17:17,695.0
5591,399,105,1,420,10,Cash,2026-05-10,14:18:28,378.0
5592,183,126,1,60,0,Card,2026-05-10,14:35:40,60.0
5593,383,107,3,695,10,UPI,2026-02-15,14:25:16,1876.5
5594,458,105,1,420,5,UPI,2026-04-09,14:59:28,399.0
5595,330,121,4,350,0,UPI,2026-01-02,20:58:56,1400.0
5596,171,110,1,280,0,UPI,2026-05-18,20:30:50,280.0
5597,487,106,2,300,0,Card,2026-04-29,12:06:05,600.0
5598,315,125,3,120,0,UPI,2026-01-04,19:03:07,360.0
5599,52,129,2,180,10,UPI,2026-03-30,19:19:57,324.0
5600,31,104,1,390,0,Cash,2026-03-23,13:53:43,390.0
5601,147,115,1,150,0,Card,2026-04-09,18:49:37,150.0
5602,112,128,1,150,0,Card,2026-06-01,21:51:24,150.0
5603,119,101,1,695,0,UPI,2026-05-08,19:42:58,695.0
5604,65,105,2,420,0,UPI,2026-06-14,21:11:07,840.0
5605,73,114,1,180,10,UPI,2026-03-07,12:08:13,162.0
5606,345,129,5,180,0,Card,2026-04-25,14:22:34,900.0
5607,17,116,2,120,15,Card,2026-04-18,19:18:17,204.0
5608,309,111,2,320,0,Card,2026-05-08,22:36:31,640.0
5609,56,130,1,220,0,Card,2026-05-28,14:20:18,220.0
5610,497,117,1,130,0,Cash,2026-01-27,19:36:15,130.0
5611,471,113,1,220,0,UPI,2026-05-14,18:15:15,220.0
5612,44,115,1,150,10,Card,2026-02-27,12:16:31,135.0
5613,6,128,3,150,10,UPI,2026-06-18,12:36:40,405.0
5614,214,121,1,350,0,Card,2026-04-10,19:35:57,350.0
5615,331,101,3,695,0,Card,2026-01-07,13:11:34,2085.0
5616,187,102,2,380,5,UPI,2026-05-13,18:31:43,722.0
5617,228,101,1,695,10,UPI,2026-05-25,14:10:15,625.5
5618,43,107,1,695,0,UPI,2026-01-21,12:05:32,695.0
5619,214,113,1,220,0,UPI,2026-03-09,19:44:17,220.0
5620,151,110,2,280,10,UPI,2026-06-04,18:23:01,504.0
5621,199,106,1,300,5,UPI,2026-06-21,21:31:05,285.0
5622,329,120,2,120,10,Cash,2026-04-04,18:50:50,216.0
5623,97,103,1,320,0,Card,2026-05-25,12:58:22,320.0
5624,277,127,2,90,0,Card,2026-02-07,18:09:47,180.0
5625,326,104,1,390,0,UPI,2026-01-04,14:31:26,390.0
5626,30,123,4,420,0,UPI,2026-01-03,19:33:15,1680.0
5627,274,106,4,300,0,Card,2026-05-16,11:52:52,1200.0
5628,290,104,1,390,0,UPI,2026-06-03,19:02:10,390.0
5629,171,120,1,120,15,Cash,2026-02-11,22:27:24,102.0
5630,174,107,2,695,5,UPI,2026-02-25,12:11:25,1320.5
5631,5,111,2,320,15,Cash,2026-05-11,20:44:11,544.0
5632,157,104,2,390,0,Cash,2026-03-22,13:02:16,780.0
5633,259,103,3,320,0,Card,2026-05-05,21:49:02,960.0
5634,401,120,1,120,0,UPI,2026-04-17,13:56:32,120.0
5635,119,103,4,320,0,UPI,2026-01-28,14:02:41,1280.0
5636,94,120,2,120,0,Cash,2026-02-11,13:12:12,240.0
5637,65,106,1,300,0,UPI,2026-02-06,19:18:25,300.0
5638,147,105,1,420,5,UPI,2026-01-12,19:21:17,399.0
5639,369,128,2,150,0,UPI,2026-02-04,13:37:52,300.0
5640,314,115,1,150,10,UPI,2026-03-16,18:13:46,135.0
5641,405,108,2,695,0,UPI,2026-01-29,19:19:06,1390.0
5642,166,101,5,695,0,UPI,2026-02-01,12:04:43,3475.0
5643,408,104,2,390,0,Card,2026-05-01,19:24:36,780.0
5644,286,108,2,695,5,UPI,2026-01-25,12:41:06,1320.5
5645,310,101,1,695,0,UPI,2026-06-05,11:49:47,695.0
5646,271,103,3,320,0,UPI,2026-06-13,19:15:44,960.0
5647,203,110,1,280,0,UPI,2026-03-07,12:46:44,280.0
5648,64,106,1,300,5,Cash,2026-02-07,20:17:16,285.0
5649,213,121,1,350,0,Card,2026-01-09,19:21:42,350.0
5650,381,105,1,420,0,Card,2026-02-02,20:11:43,420.0
5651,1,101,1,695,5,Card,2026-06-06,19:56:35,660.25
5652,129,129,1,180,0,UPI,2026-02-15,13:35:50,180.0
5653,222,107,1,695,0,UPI,2026-02-08,19:06:58,695.0
5654,105,102,1,380,0,UPI,2026-03-25,12:28:31,380.0
5655,289,121,2,350,0,Card,2026-02-13,19:38:25,700.0
5656,455,106,2,300,0,UPI,2026-02-02,12:34:34,600.0
5657,411,102,4,380,15,UPI,2026-02-17,14:23:05,1292.0
5658,359,123,1,420,0,UPI,2026-06-27,20:45:59,420.0
5659,403,124,1,180,0,UPI,2026-06-02,20:41:57,180.0
5660,15,124,1,180,0,Card,2026-05-31,20:05:59,180.0
5661,275,108,2,695,0,UPI,2026-06-15,13:41:15,1390.0
5662,131,108,2,695,0,UPI,2026-02-20,13:44:47,1390.0
5663,95,103,1,320,0,UPI,2026-03-10,18:16:44,320.0
5664,246,125,1,120,0,Cash,2026-01-22,18:20:58,120.0
5665,396,106,1,300,0,Cash,2026-06-19,19:57:55,300.0
5666,498,117,1,130,0,Cash,2026-06-28,14:48:53,130.0
5667,217,102,2,380,0,Cash,2026-01-16,13:10:30,760.0
5668,326,130,1,220,0,UPI,2026-06-05,18:08:51,220.0
5669,450,121,1,350,5,Card,2026-05-20,13:30:37,332.5
5670,177,128,4,150,0,UPI,2026-01-02,12:22:26,600.0
5671,310,102,1,380,5,Card,2026-04-17,13:28:31,361.0
5672,232,101,2,695,0,Card,2026-02-01,11:23:47,1390.0
5673,37,102,1,380,10,Card,2026-04-03,13:10:34,342.0
5674,3,128,1,150,5,UPI,2026-03-21,19:09:06,142.5
5675,195,111,3,320,0,Cash,2026-03-03,11:49:28,960.0
5676,264,117,4,130,0,Cash,2026-03-12,19:06:06,520.0
5677,379,105,1,420,0,UPI,2026-05-04,12:00:11,420.0
5678,331,108,3,695,0,UPI,2026-05-23,12:32:34,2085.0
5679,295,115,2,150,0,Cash,2026-03-18,13:04:16,300.0
5680,353,117,1,130,5,UPI,2026-05-18,18:22:46,123.5
5681,298,111,2,320,0,Cash,2026-04-01,18:18:21,640.0
5682,106,118,1,150,0,UPI,2026-02-19,19:01:36,150.0
5683,43,118,1,150,5,Card,2026-01-12,18:54:39,142.5
5684,254,107,2,695,0,UPI,2026-06-23,19:19:17,1390.0
5685,331,118,1,150,5,UPI,2026-04-23,22:25:34,142.5
5686,145,110,2,280,10,UPI,2026-05-12,13:00:17,504.0
5687,126,103,1,320,0,Card,2026-02-11,11:50:41,320.0
5688,161,106,3,300,0,Card,2026-02-17,19:44:07,900.0
5689,403,108,1,695,0,Card,2026-06-15,19:08:41,695.0
5690,393,127,1,90,10,UPI,2026-06-12,21:46:18,81.0
5691,83,111,1,320,0,Cash,2026-05-20,12:52:01,320.0
5692,41,118,1,150,0,UPI,2026-06-03,12:59:39,150.0
5693,488,102,2,380,5,UPI,2026-01-05,20:25:44,722.0
5694,283,113,1,220,0,UPI,2026-02-12,14:45:55,220.0
5695,486,102,3,380,0,Card,2026-02-13,14:18:40,1140.0
5696,475,112,1,240,0,Card,2026-04-18,18:27:42,240.0
5697,258,110,2,280,5,Cash,2026-01-18,11:22:44,532.0
5698,179,101,1,695,15,Card,2026-04-22,19:10:12,590.75
5699,57,120,1,120,5,UPI,2026-01-07,12:46:58,114.0
5700,142,106,2,300,0,UPI,2026-02-21,20:39:52,600.0
5701,34,104,4,390,0,UPI,2026-06-16,13:53:24,1560.0
5702,188,111,3,320,0,Card,2026-02-05,14:39:59,960.0
5703,222,103,1,320,0,UPI,2026-02-23,13:28:45,320.0
5704,104,118,2,150,0,UPI,2026-03-31,20:31:08,300.0
5705,194,106,1,300,0,UPI,2026-04-27,12:41:16,300.0
5706,288,109,2,650,15,UPI,2026-05-24,20:01:21,1105.0
5707,476,110,2,280,5,UPI,2026-05-07,19:59:02,532.0
5708,479,123,3,420,0,UPI,2026-05-08,13:51:58,1260.0
5709,18,126,1,60,0,Card,2026-02-11,18:23:05,60.0
5710,442,116,1,120,0,UPI,2026-05-08,20:40:22,120.0
5711,407,124,2,180,15,UPI,2026-02-08,19:14:36,306.0
5712,7,114,1,180,0,UPI,2026-05-19,21:43:15,180.0
5713,345,116,2,120,5,UPI,2026-01-27,14:59:46,228.0
5714,140,129,4,180,0,UPI,2026-02-24,13:06:50,720.0
5715,71,101,1,695,0,UPI,2026-05-07,13:03:55,695.0
5716,469,102,4,380,15,Cash,2026-04-22,21:14:29,1292.0
5717,27,101,5,695,0,UPI,2026-05-09,13:02:20,3475.0
5718,128,108,1,695,0,UPI,2026-04-27,14:14:31,695.0
5719,190,123,1,420,0,UPI,2026-06-16,14:41:05,420.0
5720,331,123,1,420,0,UPI,2026-06-26,20:50:18,420.0
5721,18,109,2,650,0,UPI,2026-05-04,12:37:30,1300.0
5722,97,104,2,390,15,UPI,2026-04-14,13:08:26,663.0
5723,359,111,1,320,5,Cash,2026-04-05,21:39:20,304.0
5724,452,121,1,350,10,UPI,2026-03-15,11:29:47,315.0
5725,122,121,2,350,15,UPI,2026-05-06,18:45:35,595.0
5726,312,120,1,120,0,UPI,2026-01-01,12:17:27,120.0
5727,127,118,4,150,0,UPI,2026-04-25,14:01:02,600.0
5728,267,115,3,150,0,UPI,2026-02-28,19:24:21,450.0
5729,419,116,1,120,10,UPI,2026-03-16,12:24:51,108.0
5730,312,101,5,695,0,Card,2026-04-09,14:25:48,3475.0
5731,181,130,1,220,0,Card,2026-03-13,14:23:12,220.0
5732,239,106,2,300,0,Card,2026-05-16,20:54:23,600.0
5733,378,126,1,60,0,UPI,2026-01-14,13:52:06,60.0
5734,35,101,1,695,10,Card,2026-06-18,18:57:58,625.5
5735,347,102,1,380,0,Card,2026-01-09,20:47:56,380.0
5736,174,115,4,150,5,UPI,2026-04-14,13:22:14,570.0
5737,481,103,2,320,10,UPI,2026-06-09,12:13:09,576.0
5738,101,114,2,180,0,UPI,2026-05-24,20:04:48,360.0
5739,252,120,1,120,0,Card,2026-05-13,14:38:42,120.0
5740,242,119,1,220,0,Card,2026-05-25,13:35:32,220.0
5741,97,102,2,380,0,UPI,2026-03-31,14:25:08,760.0
5742,490,129,1,180,0,UPI,2026-01-30,13:10:58,180.0
5743,283,113,1,220,0,UPI,2026-05-10,14:31:49,220.0
5744,145,102,1,380,15,UPI,2026-05-15,21:46:37,323.0
5745,340,111,1,320,0,Card,2026-01-30,13:12:44,320.0
5746,21,122,2,320,5,UPI,2026-06-19,20:07:41,608.0
5747,232,118,1,150,0,Card,2026-03-24,11:32:13,150.0
5748,307,106,2,300,5,Cash,2026-01-20,19:31:39,570.0
5749,149,115,1,150,0,UPI,2026-05-07,19:45:32,150.0
5750,34,105,5,420,0,UPI,2026-04-07,13:08:53,2100.0
5751,201,123,2,420,15,Card,2026-05-04,12:30:30,714.0
5752,456,105,4,420,0,UPI,2026-04-15,19:23:44,1680.0
5753,378,122,5,320,0,UPI,2026-06-16,11:11:37,1600.0
5754,180,120,3,120,0,UPI,2026-03-08,12:06:08,360.0
5755,260,101,3,695,0,UPI,2026-02-09,20:03:04,2085.0
5756,43,116,3,120,15,Cash,2026-03-27,14:42:49,306.0
5757,206,121,1,350,0,UPI,2026-04-19,19:26:14,350.0
5758,284,103,1,320,0,UPI,2026-05-09,19:19:05,320.0
5759,292,103,1,320,10,UPI,2026-06-10,11:12:02,288.0
5760,25,101,4,695,10,UPI,2026-01-22,20:29:10,2502.0
5761,75,126,1,60,0,UPI,2026-01-23,19:02:42,60.0
5762,401,108,3,695,0,UPI,2026-05-20,21:53:27,2085.0
5763,183,121,1,350,5,Card,2026-03-07,20:25:34,332.5
5764,392,110,1,280,5,Card,2026-04-17,13:35:12,266.0
5765,481,120,2,120,0,Card,2026-02-02,14:05:29,240.0
5766,422,121,2,350,0,Card,2026-05-27,12:55:57,700.0
5767,331,125,2,120,0,UPI,2026-02-01,12:42:50,240.0
5768,311,121,2,350,0,UPI,2026-05-12,11:36:02,700.0
5769,275,127,2,90,0,UPI,2026-04-06,13:47:22,180.0
5770,124,103,3,320,10,UPI,2026-06-23,11:35:11,864.0
5771,132,117,1,130,0,UPI,2026-01-08,11:53:41,130.0
5772,418,104,1,390,0,UPI,2026-05-31,14:33:23,390.0
5773,160,104,1,390,0,Card,2026-02-04,12:09:51,390.0
5774,402,101,1,695,0,Cash,2026-04-26,12:39:45,695.0
5775,124,120,1,120,5,UPI,2026-06-25,12:13:36,114.0
5776,309,129,1,180,0,UPI,2026-05-17,19:53:17,180.0
5777,346,109,4,650,0,UPI,2026-05-09,20:09:51,2600.0
5778,323,104,1,390,0,Cash,2026-05-02,18:13:40,390.0
5779,317,105,4,420,0,Cash,2026-04-13,21:52:56,1680.0
5780,230,111,3,320,10,UPI,2026-03-25,13:39:39,864.0
5781,318,118,1,150,5,Card,2026-04-18,13:42:00,142.5
5782,472,119,1,220,0,UPI,2026-02-28,13:50:42,220.0
5783,408,113,1,220,15,Cash,2026-02-04,13:27:42,187.0
5784,65,104,2,390,5,UPI,2026-06-02,18:23:12,741.0
5785,36,103,2,320,0,UPI,2026-06-13,18:28:16,640.0
5786,474,107,2,695,0,Cash,2026-02-24,12:57:14,1390.0
5787,24,125,1,120,5,UPI,2026-05-01,19:02:25,114.0
5788,349,114,2,180,0,UPI,2026-01-05,19:55:49,360.0
5789,410,104,1,390,0,Cash,2026-03-27,14:20:18,390.0
5790,19,101,4,695,0,UPI,2026-04-17,18:57:08,2780.0
5791,312,123,2,420,0,Cash,2026-06-05,13:31:15,840.0
5792,345,106,3,300,0,UPI,2026-01-20,19:19:07,900.0
5793,105,119,3,220,5,Cash,2026-04-14,12:09:20,627.0
5794,285,118,1,150,5,Cash,2026-04-13,20:06:49,142.5
5795,231,106,2,300,0,UPI,2026-06-03,12:41:32,600.0
5796,202,119,3,220,5,UPI,2026-06-30,13:03:13,627.0
5797,196,126,1,60,0,UPI,2026-06-05,13:21:17,60.0
5798,123,104,1,390,0,Card,2026-04-15,19:50:22,390.0
5799,176,105,1,420,10,UPI,2026-04-18,21:22:41,378.0
5800,431,106,2,300,0,Cash,2026-02-14,18:27:47,600.0
5801,246,111,2,320,5,Card,2026-04-22,13:59:14,608.0
5802,109,104,1,390,15,Card,2026-05-27,12:38:43,331.5
5803,94,105,2,420,0,Card,2026-06-01,13:11:49,840.0
5804,92,130,2,220,0,UPI,2026-01-27,11:23:32,440.0
5805,285,123,1,420,5,UPI,2026-05-10,18:50:55,399.0
5806,483,103,1,320,0,Cash,2026-04-06,19:45:41,320.0
5807,480,103,1,320,10,Card,2026-02-27,12:07:21,288.0
5808,498,106,2,300,0,UPI,2026-06-24,14:53:36,600.0
5809,183,105,1,420,0,UPI,2026-05-10,20:58:56,420.0
5810,385,105,1,420,0,Card,2026-03-08,13:55:22,420.0
5811,22,116,2,120,0,UPI,2026-06-07,21:19:31,240.0
5812,349,123,2,420,0,Card,2026-04-22,19:11:08,840.0
5813,371,126,5,60,0,Cash,2026-02-04,13:22:52,300.0
5814,485,118,2,150,0,UPI,2026-01-12,14:10:30,300.0
5815,247,101,2,695,0,UPI,2026-02-23,19:46:25,1390.0
5816,61,102,5,380,0,Card,2026-03-02,19:38:14,1900.0
5817,80,110,1,280,10,Card,2026-06-26,20:06:11,252.0
5818,363,120,1,120,10,UPI,2026-03-07,12:10:47,108.0
5819,452,111,1,320,0,Cash,2026-06-06,21:24:06,320.0
5820,119,106,2,300,5,UPI,2026-05-08,12:30:01,570.0
5821,266,104,1,390,0,Card,2026-01-10,19:07:20,390.0
5822,149,104,1,390,10,Card,2026-04-10,19:14:02,351.0
5823,39,109,1,650,5,UPI,2026-06-30,18:10:07,617.5
5824,9,101,1,695,0,Cash,2026-03-08,18:58:24,695.0
5825,443,125,5,120,10,UPI,2026-03-01,12:14:58,540.0
5826,177,101,1,695,0,Cash,2026-06-26,18:40:34,695.0
5827,132,106,1,300,0,Card,2026-02-01,19:18:49,300.0
5828,448,119,3,220,0,UPI,2026-04-18,18:23:38,660.0
5829,19,107,5,695,0,UPI,2026-03-24,19:29:00,3475.0
5830,260,106,3,300,0,Card,2026-01-19,21:40:19,900.0
5831,217,115,1,150,0,Card,2026-06-28,13:59:07,150.0
5832,222,102,4,380,15,Cash,2026-03-18,12:50:21,1292.0
5833,489,111,2,320,15,Card,2026-01-04,20:25:55,544.0
5834,435,121,2,350,0,Cash,2026-02-07,12:12:43,700.0
5835,307,116,4,120,0,Card,2026-05-10,13:17:36,480.0
5836,240,109,3,650,0,UPI,2026-04-08,21:11:31,1950.0
5837,139,128,1,150,0,UPI,2026-02-13,20:37:33,150.0
5838,105,105,1,420,15,UPI,2026-02-17,18:33:34,357.0
5839,461,125,1,120,0,UPI,2026-04-17,12:29:52,120.0
5840,68,123,1,420,10,UPI,2026-03-10,13:27:32,378.0
5841,362,109,1,650,0,UPI,2026-06-10,11:44:00,650.0
5842,353,111,5,320,15,UPI,2026-04-30,14:18:25,1360.0
5843,41,101,1,695,10,Card,2026-01-27,20:11:43,625.5
5844,375,101,1,695,0,UPI,2026-02-26,19:06:48,695.0
5845,13,102,1,380,0,UPI,2026-02-22,12:24:37,380.0
5846,366,101,1,695,0,UPI,2026-01-05,19:21:22,695.0
5847,185,112,2,240,0,UPI,2026-01-11,13:40:30,480.0
5848,492,108,1,695,0,Cash,2026-02-13,18:32:25,695.0
5849,152,101,1,695,15,UPI,2026-04-28,12:35:46,590.75
5850,267,101,2,695,5,UPI,2026-06-10,11:28:39,1320.5
5851,331,120,1,120,0,Cash,2026-02-19,20:40:01,120.0
5852,175,120,2,120,0,Card,2026-01-02,18:03:14,240.0
5853,272,125,2,120,0,UPI,2026-03-15,20:35:00,240.0
5854,474,102,2,380,0,Cash,2026-06-01,19:10:42,760.0
5855,441,103,2,320,0,UPI,2026-01-16,11:01:58,640.0
5856,427,109,1,650,0,UPI,2026-03-05,12:25:51,650.0
5857,403,109,2,650,0,Cash,2026-05-31,19:27:38,1300.0
5858,461,117,1,130,0,UPI,2026-01-23,20:20:56,130.0
5859,192,109,2,650,10,Card,2026-06-06,18:40:52,1170.0
5860,381,124,1,180,0,Cash,2026-01-24,12:36:42,180.0
5861,20,101,1,695,5,Card,2026-05-13,12:54:53,660.25
5862,362,120,2,120,0,UPI,2026-03-27,13:51:37,240.0
5863,430,128,1,150,0,UPI,2026-04-08,12:20:16,150.0
5864,75,106,1,300,0,UPI,2026-01-29,18:37:06,300.0
5865,347,102,1,380,10,Card,2026-06-07,12:18:27,342.0
5866,273,121,2,350,5,UPI,2026-02-09,13:29:46,665.0
5867,347,123,1,420,0,Card,2026-01-07,13:36:15,420.0
5868,250,119,2,220,0,Cash,2026-04-08,22:30:19,440.0
5869,84,115,2,150,0,UPI,2026-01-06,18:03:09,300.0
5870,447,130,3,220,5,UPI,2026-06-27,19:53:48,627.0
5871,205,102,1,380,5,UPI,2026-05-10,13:01:32,361.0
5872,270,104,1,390,0,UPI,2026-05-01,13:27:23,390.0
5873,489,114,1,180,0,Card,2026-03-29,20:02:25,180.0
5874,22,119,3,220,5,Cash,2026-03-21,12:50:01,627.0
5875,335,102,1,380,15,Card,2026-05-28,19:27:12,323.0
5876,331,102,1,380,0,Card,2026-02-24,19:01:31,380.0
5877,220,107,2,695,15,Card,2026-05-15,13:11:00,1181.5
5878,97,108,1,695,0,UPI,2026-03-08,11:22:54,695.0
5879,130,118,2,150,5,UPI,2026-01-12,18:09:44,285.0
5880,31,117,1,130,0,UPI,2026-01-26,21:20:10,130.0
5881,96,117,1,130,0,Cash,2026-01-05,13:19:54,130.0
5882,311,109,2,650,0,UPI,2026-02-16,19:26:54,1300.0
5883,475,125,4,120,5,UPI,2026-03-21,20:18:46,456.0
5884,469,120,3,120,0,UPI,2026-06-02,11:40:10,360.0
5885,164,116,2,120,0,UPI,2026-02-26,21:52:47,240.0
5886,85,102,2,380,0,UPI,2026-02-26,12:24:52,760.0
5887,167,107,1,695,0,Card,2026-02-20,13:56:56,695.0
5888,62,128,2,150,0,Cash,2026-03-15,13:44:31,300.0
5889,398,125,2,120,0,UPI,2026-04-18,13:07:12,240.0
5890,109,106,2,300,0,UPI,2026-02-21,20:42:00,600.0
5891,269,103,2,320,5,Card,2026-01-30,13:05:38,608.0
5892,133,104,4,390,0,UPI,2026-05-01,19:15:26,1560.0
5893,306,104,4,390,5,UPI,2026-06-16,14:37:48,1482.0
5894,423,123,2,420,0,Card,2026-06-15,20:01:54,840.0
5895,350,104,3,390,0,UPI,2026-05-07,12:17:52,1170.0
5896,393,105,1,420,0,UPI,2026-01-25,19:01:14,420.0
5897,292,111,1,320,0,UPI,2026-06-28,14:26:33,320.0
5898,295,127,1,90,0,UPI,2026-02-08,18:50:18,90.0
5899,373,126,2,60,0,UPI,2026-06-15,18:11:54,120.0
5900,205,114,1,180,0,UPI,2026-04-16,19:25:09,180.0
5901,88,112,1,240,15,Card,2026-06-02,19:06:37,204.0
5902,161,120,1,120,0,Card,2026-02-24,19:21:06,120.0
5903,382,123,3,420,0,UPI,2026-03-19,21:15:21,1260.0
5904,470,127,3,90,0,UPI,2026-04-22,21:42:42,270.0
5905,117,101,2,695,5,UPI,2026-03-15,13:48:14,1320.5
5906,445,101,3,695,0,Card,2026-03-26,11:49:25,2085.0
5907,343,108,4,695,0,UPI,2026-05-07,13:23:41,2780.0
5908,356,112,2,240,0,Cash,2026-03-13,13:56:25,480.0
5909,287,105,1,420,0,UPI,2026-03-08,12:47:11,420.0
5910,64,117,5,130,0,UPI,2026-06-28,20:44:30,650.0
5911,472,101,1,695,0,Card,2026-04-17,12:39:42,695.0
5912,443,103,1,320,5,UPI,2026-03-17,19:20:47,304.0
5913,48,101,1,695,0,UPI,2026-04-09,12:10:06,695.0
5914,315,118,2,150,0,UPI,2026-02-24,14:44:01,300.0
5915,374,102,1,380,0,UPI,2026-01-24,21:03:57,380.0
5916,455,121,2,350,15,Card,2026-05-29,19:05:12,595.0
5917,412,116,1,120,0,UPI,2026-01-23,19:19:50,120.0
5918,92,101,1,695,0,UPI,2026-05-21,19:01:25,695.0
5919,446,119,2,220,10,Card,2026-03-30,19:02:26,396.0
5920,52,105,2,420,5,UPI,2026-06-26,12:47:58,798.0
5921,422,103,3,320,0,Card,2026-04-23,22:31:54,960.0
5922,254,113,1,220,0,UPI,2026-05-02,13:20:12,220.0
5923,213,105,2,420,10,Card,2026-05-09,14:49:21,756.0
5924,271,116,1,120,0,UPI,2026-06-28,13:34:13,120.0
5925,215,119,1,220,10,UPI,2026-06-23,19:30:55,198.0
5926,478,126,1,60,5,UPI,2026-03-12,18:08:24,57.0
5927,215,105,3,420,0,UPI,2026-01-14,12:17:43,1260.0
5928,19,117,1,130,5,UPI,2026-01-25,19:10:22,123.5
5929,134,127,2,90,0,Card,2026-02-18,13:43:11,180.0
5930,149,103,4,320,5,UPI,2026-01-13,12:15:01,1216.0
5931,482,102,1,380,0,UPI,2026-02-19,19:28:20,380.0
5932,438,115,5,150,0,UPI,2026-06-27,19:53:41,750.0
5933,122,101,1,695,0,UPI,2026-04-02,19:39:43,695.0
5934,408,101,1,695,0,Card,2026-03-02,13:53:34,695.0
5935,494,109,3,650,0,UPI,2026-06-12,19:00:46,1950.0
5936,408,121,2,350,0,UPI,2026-05-28,21:14:50,700.0
5937,139,101,2,695,10,UPI,2026-03-16,19:21:47,1251.0
5938,85,104,1,390,0,Card,2026-06-05,18:03:02,390.0
5939,350,107,2,695,0,UPI,2026-02-09,13:55:23,1390.0
5940,295,118,1,150,0,Cash,2026-01-07,12:55:52,150.0
5941,173,121,1,350,0,Card,2026-05-16,14:49:50,350.0
5942,304,101,1,695,10,UPI,2026-03-24,19:55:10,625.5
5943,114,117,3,130,0,Card,2026-01-25,14:14:13,390.0
5944,42,108,1,695,0,UPI,2026-06-01,19:27:29,695.0
5945,383,102,1,380,0,UPI,2026-05-31,19:36:29,380.0
5946,84,105,1,420,0,Cash,2026-01-30,19:58:38,420.0
5947,373,129,1,180,0,UPI,2026-06-29,12:50:36,180.0
5948,406,123,2,420,0,Cash,2026-04-08,13:34:25,840.0
5949,242,114,2,180,0,UPI,2026-04-13,19:39:17,360.0
5950,116,118,1,150,0,Card,2026-04-12,13:35:59,150.0
5951,315,107,1,695,5,UPI,2026-03-01,19:39:19,660.25
5952,122,124,1,180,0,Card,2026-04-16,14:07:17,180.0
5953,2,102,2,380,0,Card,2026-01-11,14:24:41,760.0
5954,236,102,1,380,0,UPI,2026-03-14,19:37:33,380.0
5955,4,109,2,650,5,UPI,2026-01-15,19:47:44,1235.0
5956,66,120,1,120,0,UPI,2026-02-17,18:03:10,120.0
5957,96,108,2,695,15,UPI,2026-06-13,12:41:31,1181.5
5958,115,101,2,695,0,UPI,2026-05-17,12:49:07,1390.0
5959,35,119,3,220,0,Card,2026-04-02,19:10:29,660.0
5960,458,121,2,350,0,UPI,2026-03-31,19:29:38,700.0
5961,257,106,1,300,0,UPI,2026-06-29,21:02:07,300.0
5962,331,103,1,320,0,UPI,2026-01-25,14:38:32,320.0
5963,158,105,2,420,5,UPI,2026-01-22,13:25:26,798.0
5964,418,105,2,420,0,UPI,2026-04-22,13:23:46,840.0
5965,361,106,1,300,0,Cash,2026-05-24,12:50:28,300.0
5966,145,120,5,120,0,UPI,2026-05-25,12:47:09,600.0
5967,287,105,1,420,0,UPI,2026-01-14,14:37:52,420.0
5968,382,118,1,150,5,Card,2026-02-19,14:18:47,142.5
5969,483,120,2,120,0,UPI,2026-04-04,19:36:02,240.0
5970,358,107,2,695,0,Card,2026-04-20,19:59:46,1390.0
5971,176,117,2,130,0,UPI,2026-01-19,14:42:40,260.0
5972,491,102,1,380,0,Card,2026-04-09,12:30:19,380.0
5973,414,118,1,150,0,UPI,2026-02-22,19:46:23,150.0
5974,347,101,1,695,0,UPI,2026-05-03,13:58:41,695.0
5975,288,120,2,120,0,Card,2026-01-28,12:19:01,240.0
5976,447,129,1,180,5,UPI,2026-05-20,19:40:07,171.0
5977,408,103,2,320,0,UPI,2026-05-20,13:02:51,640.0
5978,470,123,3,420,0,UPI,2026-04-05,20:04:00,1260.0
5979,497,106,1,300,0,UPI,2026-01-21,20:54:18,300.0
5980,120,102,2,380,5,UPI,2026-01-14,20:28:17,722.0
5981,32,105,1,420,10,UPI,2026-01-27,19:13:37,378.0
5982,247,109,1,650,0,Card,2026-01-27,19:16:03,650.0
5983,185,123,1,420,0,UPI,2026-04-02,14:41:04,420.0
5984,140,102,1,380,0,UPI,2026-05-24,20:10:32,380.0
5985,390,103,3,320,0,UPI,2026-02-08,18:33:00,960.0
5986,500,114,1,180,0,Card,2026-03-30,19:40:56,180.0
5987,396,101,1,695,0,UPI,2026-03-06,12:16:23,695.0
5988,143,119,2,220,0,Card,2026-04-23,12:00:15,440.0
5989,119,109,1,650,0,Cash,2026-03-07,13:36:58,650.0
5990,117,120,1,120,0,Card,2026-06-24,13:33:06,120.0
5991,264,101,1,695,0,UPI,2026-05-03,13:00:18,695.0
5992,289,102,1,380,15,UPI,2026-02-08,20:35:09,323.0
5993,156,107,5,695,15,Cash,2026-05-30,20:38:37,2953.75
5994,206,123,1,420,0,UPI,2026-05-03,20:08:10,420.0
5995,476,116,5,120,0,Cash,2026-04-19,20:52:46,600.0
5996,295,113,1,220,0,Cash,2026-03-01,19:19:19,220.0
5997,468,108,5,695,5,UPI,2026-04-25,12:43:59,3301.25
5998,393,123,3,420,0,UPI,2026-05-15,18:12:48,1260.0
5999,79,117,3,130,10,Card,2026-02-27,19:59:24,351.0
6000,264,116,1,120,0,Card,2026-06-15,21:09:03,120.0
6001,427,105,2,420,0,UPI,2026-05-24,12:12:17,840.0
6002,113,121,1,350,0,Cash,2026-03-30,13:30:59,350.0
6003,300,102,2,380,0,UPI,2026-03-07,20:31:21,760.0
6004,22,116,2,120,0,Cash,2026-02-06,19:54:42,240.0
6005,492,103,2,320,0,UPI,2026-06-21,13:52:02,640.0
6006,166,117,1,130,0,Card,2026-01-30,18:56:24,130.0
6007,386,106,2,300,15,Card,2026-06-30,19:06:27,510.0
6008,361,123,1,420,15,UPI,2026-04-11,11:40:29,357.0
6009,210,123,2,420,5,Cash,2026-04-17,13:33:56,798.0
6010,230,102,1,380,0,Cash,2026-04-28,12:28:01,380.0
6011,273,101,3,695,0,UPI,2026-01-21,13:17:07,2085.0
6012,289,112,2,240,0,UPI,2026-05-29,18:10:40,480.0
6013,240,116,2,120,0,UPI,2026-03-28,12:00:00,240.0
6014,303,129,4,180,10,Card,2026-06-08,13:00:56,648.0
6015,23,115,4,150,0,UPI,2026-06-28,18:30:46,600.0
6016,132,105,3,420,10,UPI,2026-04-23,14:15:57,1134.0
6017,59,107,1,695,0,Card,2026-02-01,20:03:39,695.0
6018,315,110,1,280,0,Card,2026-01-21,14:20:35,280.0
6019,241,116,1,120,10,Cash,2026-05-30,11:35:24,108.0
6020,266,124,1,180,0,Card,2026-05-24,13:47:09,180.0
6021,290,101,2,695,0,Cash,2026-05-14,13:03:50,1390.0
6022,211,103,1,320,15,Card,2026-01-02,18:28:27,272.0
6023,154,106,1,300,0,UPI,2026-01-20,13:08:21,300.0
6024,56,104,1,390,0,UPI,2026-04-25,13:41:14,390.0
6025,459,119,3,220,5,UPI,2026-06-30,20:30:29,627.0
6026,364,125,2,120,0,UPI,2026-05-25,12:21:51,240.0
6027,433,123,1,420,0,UPI,2026-03-07,20:38:21,420.0
6028,99,120,1,120,0,Card,2026-01-14,19:30:38,120.0
6029,362,101,2,695,15,UPI,2026-06-13,20:50:31,1181.5
6030,288,106,1,300,10,Card,2026-04-05,12:00:22,270.0
6031,30,121,2,350,0,Cash,2026-04-26,18:54:10,700.0
6032,276,116,3,120,5,UPI,2026-05-14,19:14:12,342.0
6033,138,105,2,420,0,Cash,2026-06-03,12:00:31,840.0
6034,189,106,2,300,0,UPI,2026-06-29,19:16:18,600.0
6035,466,123,5,420,0,UPI,2026-04-18,21:31:56,2100.0
6036,168,123,3,420,0,UPI,2026-02-22,13:16:19,1260.0
6037,175,116,2,120,0,Card,2026-03-20,12:43:47,240.0
6038,278,120,1,120,0,UPI,2026-06-02,13:54:57,120.0
6039,337,111,1,320,0,UPI,2026-04-21,13:52:24,320.0
6040,341,128,2,150,15,Cash,2026-05-03,20:36:21,255.0
6041,95,102,1,380,0,Cash,2026-04-23,12:33:49,380.0
6042,152,123,1,420,10,UPI,2026-06-01,14:13:42,378.0
6043,186,104,2,390,5,UPI,2026-05-30,11:47:06,741.0
6044,32,104,1,390,0,Card,2026-03-05,18:22:23,390.0
6045,107,109,1,650,0,Card,2026-06-06,14:28:37,650.0
6046,487,125,4,120,0,Cash,2026-06-30,13:22:04,480.0
6047,143,114,1,180,0,UPI,2026-05-27,12:34:42,180.0
6048,229,128,2,150,5,UPI,2026-04-19,19:47:19,285.0
6049,172,116,3,120,10,UPI,2026-06-09,13:06:44,324.0
6050,490,126,1,60,0,UPI,2026-05-31,13:53:32,60.0
6051,93,105,2,420,0,Card,2026-06-02,18:59:04,840.0
6052,388,106,1,300,0,UPI,2026-02-14,13:12:53,300.0
6053,259,128,2,150,0,UPI,2026-01-31,20:20:09,300.0
6054,176,103,1,320,0,UPI,2026-02-11,13:47:23,320.0
6055,264,109,2,650,0,UPI,2026-03-13,18:33:04,1300.0
6056,36,123,1,420,0,Cash,2026-03-18,12:56:15,420.0
6057,272,123,1,420,0,Card,2026-02-06,13:54:24,420.0
6058,333,105,1,420,0,UPI,2026-06-17,18:52:25,420.0
6059,300,103,2,320,0,UPI,2026-01-02,21:39:44,640.0
6060,313,106,2,300,5,UPI,2026-06-28,20:13:29,570.0
6061,366,115,1,150,0,UPI,2026-04-07,14:21:18,150.0
6062,178,108,2,695,5,UPI,2026-05-03,13:42:48,1320.5
6063,120,105,2,420,5,UPI,2026-06-19,13:53:09,798.0
6064,122,108,3,695,15,UPI,2026-04-05,19:25:32,1772.25
6065,227,115,1,150,10,UPI,2026-06-05,18:06:01,135.0
6066,268,105,1,420,0,UPI,2026-06-02,13:36:53,420.0
6067,188,105,1,420,0,UPI,2026-04-16,20:14:19,420.0
6068,367,119,1,220,0,UPI,2026-03-14,11:33:48,220.0
6069,240,104,1,390,0,Card,2026-02-12,18:31:11,390.0
6070,152,119,1,220,0,Card,2026-06-03,20:19:55,220.0
6071,256,105,2,420,0,UPI,2026-06-20,21:24:34,840.0
6072,367,120,1,120,0,Cash,2026-05-19,14:35:46,120.0
6073,5,104,4,390,0,Card,2026-05-31,18:07:30,1560.0
6074,224,106,1,300,0,Card,2026-05-13,18:25:34,300.0
6075,116,117,2,130,0,UPI,2026-04-13,19:23:54,260.0
6076,245,126,3,60,0,Cash,2026-03-15,13:36:51,180.0
6077,302,123,1,420,0,UPI,2026-04-26,11:05:04,420.0
6078,350,102,3,380,0,Card,2026-06-17,18:03:47,1140.0
6079,464,117,1,130,10,Cash,2026-02-13,12:33:22,117.0
6080,28,123,2,420,0,UPI,2026-03-11,19:06:52,840.0
6081,77,125,2,120,0,UPI,2026-01-03,12:46:19,240.0
6082,486,104,1,390,0,UPI,2026-06-22,20:59:43,390.0
6083,481,110,3,280,0,UPI,2026-02-21,14:08:43,840.0
6084,123,120,1,120,5,UPI,2026-06-18,11:14:23,114.0
6085,434,103,1,320,0,Cash,2026-04-12,20:13:38,320.0
6086,488,108,1,695,0,UPI,2026-01-13,20:20:49,695.0
6087,33,101,1,695,0,Cash,2026-06-03,13:57:18,695.0
6088,129,129,3,180,15,UPI,2026-05-04,12:51:18,459.0
6089,316,122,1,320,10,UPI,2026-06-24,18:14:45,288.0
6090,378,108,2,695,0,UPI,2026-03-16,12:24:45,1390.0
6091,362,115,2,150,0,UPI,2026-03-21,12:31:07,300.0
6092,304,118,1,150,5,Cash,2026-06-22,20:38:49,142.5
6093,237,107,1,695,0,Card,2026-02-10,14:48:54,695.0
6094,471,105,1,420,0,UPI,2026-01-26,12:48:26,420.0
6095,376,103,1,320,0,Card,2026-06-25,11:40:41,320.0
6096,152,123,1,420,0,UPI,2026-03-18,12:44:25,420.0
6097,458,116,1,120,15,UPI,2026-02-08,20:16:36,102.0
6098,196,120,5,120,10,UPI,2026-04-18,20:11:27,540.0
6099,285,117,1,130,0,UPI,2026-04-05,11:27:21,130.0
6100,167,105,1,420,0,UPI,2026-06-07,13:57:54,420.0
6101,477,126,1,60,0,UPI,2026-06-07,19:26:57,60.0
6102,99,118,1,150,10,UPI,2026-01-21,18:39:17,135.0
6103,91,111,2,320,0,UPI,2026-02-16,19:09:20,640.0
6104,372,102,1,380,0,Card,2026-03-22,14:02:58,380.0
6105,218,128,1,150,0,Cash,2026-04-24,11:53:16,150.0
6106,93,129,3,180,0,UPI,2026-03-10,19:43:18,540.0
6107,323,107,1,695,5,UPI,2026-02-17,18:25:32,660.25
6108,225,107,1,695,0,UPI,2026-02-10,18:17:04,695.0
6109,477,126,1,60,15,UPI,2026-06-12,13:35:21,51.0
6110,335,121,4,350,0,UPI,2026-06-17,14:51:38,1400.0
6111,83,108,1,695,0,Card,2026-06-07,19:17:55,695.0
6112,390,116,1,120,5,UPI,2026-05-01,12:40:31,114.0
6113,283,128,1,150,0,UPI,2026-02-09,18:05:42,150.0
6114,260,126,2,60,0,UPI,2026-02-06,19:36:12,120.0
6115,398,113,3,220,0,Card,2026-04-28,12:54:14,660.0
6116,489,125,3,120,0,UPI,2026-04-18,13:54:24,360.0
6117,473,118,2,150,0,Cash,2026-02-19,13:18:25,300.0
6118,310,109,1,650,15,Card,2026-03-19,18:12:23,552.5
6119,312,105,4,420,0,Card,2026-01-25,19:42:26,1680.0
6120,315,123,3,420,0,Cash,2026-01-05,19:25:50,1260.0
6121,130,112,2,240,0,UPI,2026-03-03,19:00:50,480.0
6122,230,107,3,695,0,Cash,2026-04-03,13:18:41,2085.0
6123,467,101,1,695,0,UPI,2026-01-21,18:42:16,695.0
6124,1,119,1,220,5,Cash,2026-04-10,12:42:04,209.0
6125,216,103,1,320,0,Card,2026-01-01,19:00:03,320.0
6126,406,104,1,390,0,Card,2026-06-04,13:46:25,390.0
6127,469,111,2,320,0,UPI,2026-03-22,18:39:56,640.0
6128,426,122,3,320,5,UPI,2026-03-29,21:36:03,912.0
6129,174,108,2,695,5,Cash,2026-01-25,22:32:45,1320.5
6130,230,106,2,300,0,UPI,2026-06-22,14:43:49,600.0
6131,30,107,1,695,5,Card,2026-05-24,18:04:36,660.25
6132,391,121,1,350,0,UPI,2026-03-06,12:01:01,350.0
6133,372,114,2,180,0,Cash,2026-05-28,13:23:28,360.0
6134,318,105,1,420,15,UPI,2026-01-20,21:36:02,357.0
6135,427,105,2,420,0,Cash,2026-01-30,18:41:47,840.0
6136,82,110,3,280,10,UPI,2026-06-12,18:33:25,756.0
6137,243,102,4,380,5,UPI,2026-03-19,21:25:41,1444.0
6138,1,108,1,695,5,UPI,2026-05-07,19:52:05,660.25
6139,492,105,4,420,0,UPI,2026-04-26,18:17:28,1680.0
6140,295,122,1,320,15,UPI,2026-03-15,19:01:03,272.0
6141,158,118,1,150,0,Card,2026-01-17,20:05:51,150.0
6142,475,122,3,320,0,Card,2026-01-28,19:55:22,960.0
6143,420,106,1,300,0,Cash,2026-05-08,12:09:44,300.0
6144,144,129,3,180,0,Card,2026-03-29,19:43:56,540.0
6145,190,120,2,120,0,UPI,2026-04-19,20:18:32,240.0
6146,107,128,1,150,0,Cash,2026-01-17,14:25:52,150.0
6147,137,108,4,695,10,UPI,2026-04-29,11:52:34,2502.0
6148,275,102,2,380,0,Cash,2026-04-06,19:45:32,760.0
6149,46,124,1,180,15,Card,2026-01-05,20:17:54,153.0
6150,150,120,1,120,0,Card,2026-02-19,12:24:33,120.0
6151,63,125,1,120,0,Cash,2026-06-19,19:51:09,120.0
6152,200,104,2,390,10,UPI,2026-02-11,21:24:35,702.0
6153,346,101,1,695,0,UPI,2026-04-01,20:56:15,695.0
6154,199,122,1,320,0,Card,2026-05-02,19:45:17,320.0
6155,330,118,1,150,0,UPI,2026-01-18,19:55:01,150.0
6156,366,108,1,695,0,UPI,2026-01-29,21:47:01,695.0
6157,144,103,2,320,0,Card,2026-02-11,12:48:44,640.0
6158,486,104,1,390,0,UPI,2026-06-16,12:10:53,390.0
6159,479,110,2,280,0,Card,2026-02-15,19:19:30,560.0
6160,317,119,1,220,0,Card,2026-01-28,19:41:02,220.0
6161,288,128,2,150,10,UPI,2026-02-12,14:00:09,270.0
6162,449,123,2,420,0,UPI,2026-06-05,12:35:27,840.0
6163,103,108,1,695,0,UPI,2026-02-08,14:17:03,695.0
6164,486,111,1,320,0,Card,2026-05-05,11:23:31,320.0
6165,320,120,1,120,0,Cash,2026-06-28,19:38:49,120.0
6166,449,101,1,695,5,UPI,2026-01-21,13:40:01,660.25
6167,153,102,1,380,5,UPI,2026-03-18,13:54:26,361.0
6168,257,116,3,120,0,Card,2026-05-10,19:14:07,360.0
6169,74,115,3,150,15,UPI,2026-02-28,13:40:11,382.5
6170,411,103,2,320,0,UPI,2026-04-11,20:33:16,640.0
6171,323,120,2,120,5,Cash,2026-01-10,20:44:33,228.0
6172,205,104,2,390,0,Cash,2026-03-27,18:40:09,780.0
6173,11,115,1,150,5,UPI,2026-02-12,20:58:59,142.5
6174,47,105,2,420,0,UPI,2026-02-04,19:33:31,840.0
6175,491,120,2,120,0,Card,2026-06-21,19:30:52,240.0
6176,279,108,5,695,0,UPI,2026-04-18,19:40:25,3475.0
6177,174,111,1,320,0,UPI,2026-03-24,19:26:53,320.0
6178,370,105,2,420,0,Card,2026-04-18,11:23:32,840.0
6179,214,102,3,380,0,UPI,2026-02-23,12:26:42,1140.0
6180,482,103,1,320,0,UPI,2026-05-03,13:04:05,320.0
6181,168,118,1,150,0,Card,2026-03-28,11:01:22,150.0
6182,345,109,2,650,5,UPI,2026-04-12,18:36:56,1235.0
6183,263,107,1,695,0,Card,2026-06-05,19:10:57,695.0
6184,446,125,2,120,0,UPI,2026-04-13,13:07:58,240.0
6185,201,127,1,90,0,UPI,2026-03-15,21:55:21,90.0
6186,295,127,1,90,0,UPI,2026-01-29,11:38:59,90.0
6187,480,120,1,120,0,UPI,2026-03-30,19:12:12,120.0
6188,180,114,1,180,5,UPI,2026-03-01,19:24:26,171.0
6189,345,130,1,220,0,Cash,2026-02-18,13:35:46,220.0
6190,26,106,1,300,5,UPI,2026-05-09,20:38:27,285.0
6191,474,126,1,60,0,UPI,2026-03-20,14:01:02,60.0
6192,221,116,4,120,0,UPI,2026-04-11,18:23:21,480.0
6193,335,102,1,380,0,Cash,2026-03-05,21:45:44,380.0
6194,480,103,1,320,0,Card,2026-03-07,20:16:00,320.0
6195,486,109,3,650,5,UPI,2026-01-02,19:31:46,1852.5
6196,154,116,4,120,0,UPI,2026-01-01,18:39:50,480.0
6197,191,120,1,120,5,Card,2026-02-22,18:34:54,114.0
6198,402,105,2,420,0,UPI,2026-06-11,19:56:51,840.0
6199,375,129,1,180,0,UPI,2026-03-07,14:47:55,180.0
6200,70,102,5,380,5,Card,2026-03-31,19:58:02,1805.0
6201,30,120,1,120,0,UPI,2026-04-11,14:45:18,120.0
6202,197,105,2,420,0,Card,2026-03-08,20:17:33,840.0
6203,180,120,4,120,5,Card,2026-04-02,21:50:59,456.0
6204,400,101,1,695,0,Cash,2026-06-22,12:32:17,695.0
6205,75,126,1,60,0,Card,2026-04-06,21:15:10,60.0
6206,438,107,1,695,10,Cash,2026-03-11,13:14:49,625.5
6207,17,121,1,350,0,UPI,2026-05-07,19:15:57,350.0
6208,299,104,3,390,0,Cash,2026-05-23,19:48:54,1170.0
6209,412,115,1,150,5,Cash,2026-01-04,13:01:37,142.5
6210,61,113,2,220,0,UPI,2026-03-16,21:23:33,440.0
6211,16,104,1,390,0,UPI,2026-01-14,12:14:58,390.0
6212,65,127,2,90,0,UPI,2026-04-19,13:17:32,180.0
6213,235,106,1,300,0,UPI,2026-04-28,14:43:19,300.0
6214,400,104,2,390,0,UPI,2026-01-01,13:25:24,780.0
6215,121,124,1,180,10,UPI,2026-05-03,14:02:07,162.0
6216,39,125,1,120,0,UPI,2026-06-16,19:06:32,120.0
6217,403,103,2,320,0,UPI,2026-04-18,12:11:05,640.0
6218,362,108,1,695,0,UPI,2026-01-28,14:55:32,695.0
6219,175,101,1,695,0,UPI,2026-05-31,13:25:15,695.0
6220,283,123,1,420,10,Cash,2026-05-23,13:43:09,378.0
6221,153,123,2,420,0,UPI,2026-04-11,20:36:25,840.0
6222,84,105,1,420,0,Card,2026-06-21,12:31:06,420.0
6223,87,128,2,150,0,UPI,2026-03-16,20:15:58,300.0
6224,347,109,2,650,0,Card,2026-06-08,19:53:45,1300.0
6225,240,111,1,320,5,Card,2026-03-09,20:32:54,304.0
6226,42,129,1,180,0,UPI,2026-06-14,19:53:21,180.0
6227,48,102,2,380,10,Card,2026-05-18,19:08:01,684.0
6228,470,129,2,180,5,UPI,2026-02-08,13:24:40,342.0
6229,285,103,1,320,0,UPI,2026-04-25,19:20:06,320.0
6230,288,121,2,350,0,UPI,2026-04-27,18:41:13,700.0
6231,5,104,2,390,0,UPI,2026-01-17,18:26:55,780.0
6232,45,126,1,60,0,UPI,2026-01-07,11:18:37,60.0
6233,45,120,3,120,0,Card,2026-04-01,14:24:28,360.0
6234,153,120,1,120,5,Card,2026-02-07,13:37:41,114.0
6235,72,106,3,300,0,UPI,2026-01-02,22:18:15,900.0
6236,3,108,4,695,0,UPI,2026-01-23,13:16:48,2780.0
6237,356,110,2,280,0,Card,2026-03-20,20:30:26,560.0
6238,389,123,1,420,0,UPI,2026-04-03,21:14:34,420.0
6239,461,107,2,695,10,Cash,2026-05-13,11:01:48,1251.0
6240,458,110,5,280,10,UPI,2026-01-09,20:52:17,1260.0
6241,297,120,3,120,0,UPI,2026-06-13,13:11:04,360.0
6242,249,123,2,420,10,Cash,2026-05-14,19:30:19,756.0
6243,241,123,1,420,0,UPI,2026-02-18,13:06:58,420.0
6244,136,127,1,90,0,Card,2026-06-05,12:05:08,90.0
6245,258,101,1,695,10,UPI,2026-06-03,19:35:46,625.5
6246,397,115,2,150,5,UPI,2026-04-26,13:02:38,285.0
6247,420,103,2,320,0,UPI,2026-04-27,14:17:51,640.0
6248,34,126,1,60,0,Cash,2026-06-02,13:43:48,60.0
6249,85,104,1,390,0,Card,2026-02-15,19:02:06,390.0
6250,452,105,1,420,10,Card,2026-01-04,12:08:47,378.0
6251,284,110,1,280,0,UPI,2026-03-03,19:06:04,280.0
6252,377,123,2,420,15,UPI,2026-03-25,12:18:48,714.0
6253,361,114,5,180,0,UPI,2026-01-23,19:57:03,900.0
6254,486,107,3,695,10,Card,2026-02-12,18:28:14,1876.5
6255,6,101,2,695,0,Card,2026-01-12,14:08:47,1390.0
6256,54,102,2,380,0,Card,2026-02-08,18:25:41,760.0
6257,169,111,1,320,5,UPI,2026-05-31,12:11:55,304.0
6258,269,109,3,650,0,UPI,2026-01-28,13:50:43,1950.0
6259,456,120,2,120,0,Cash,2026-01-03,12:26:11,240.0
6260,411,103,1,320,5,UPI,2026-05-09,12:39:22,304.0
6261,481,123,2,420,5,UPI,2026-03-10,12:49:15,798.0
6262,53,101,5,695,10,UPI,2026-05-14,12:43:04,3127.5
6263,336,126,4,60,15,Card,2026-02-27,18:31:27,204.0
6264,178,101,1,695,0,UPI,2026-04-10,19:25:32,695.0
6265,157,107,3,695,0,UPI,2026-03-02,18:12:56,2085.0
6266,377,110,1,280,10,UPI,2026-01-21,11:42:00,252.0
6267,184,101,2,695,0,Cash,2026-04-13,21:18:53,1390.0
6268,139,122,1,320,0,Card,2026-01-11,19:24:11,320.0
6269,350,105,1,420,0,Card,2026-02-12,20:09:42,420.0
6270,113,119,1,220,0,UPI,2026-03-02,11:25:35,220.0
6271,50,120,2,120,0,UPI,2026-03-20,11:18:41,240.0
6272,338,104,1,390,0,UPI,2026-04-23,14:41:12,390.0
6273,307,118,1,150,0,Card,2026-01-30,19:48:11,150.0
6274,293,113,1,220,0,Card,2026-04-11,13:06:29,220.0
6275,281,105,1,420,0,UPI,2026-04-19,20:05:23,420.0
6276,184,103,3,320,5,UPI,2026-03-22,18:06:02,912.0
6277,326,107,1,695,0,Cash,2026-05-28,18:03:48,695.0
6278,192,111,4,320,15,UPI,2026-01-01,19:17:26,1088.0
6279,113,104,1,390,0,UPI,2026-02-12,19:24:53,390.0
6280,460,115,2,150,0,Card,2026-05-07,18:35:45,300.0
6281,216,120,1,120,15,UPI,2026-02-26,12:49:52,102.0
6282,303,103,4,320,0,UPI,2026-01-08,19:11:00,1280.0
6283,310,125,1,120,5,UPI,2026-05-16,19:32:05,114.0
6284,214,110,1,280,10,Cash,2026-03-29,12:08:03,252.0
6285,136,122,2,320,5,UPI,2026-05-05,18:51:24,608.0
6286,440,120,2,120,0,UPI,2026-05-17,13:00:35,240.0
6287,146,119,1,220,0,Card,2026-05-01,13:29:43,220.0
6288,86,113,1,220,0,Cash,2026-04-12,18:36:47,220.0
6289,270,119,1,220,0,UPI,2026-02-18,13:11:52,220.0
6290,101,106,1,300,10,UPI,2026-05-26,18:24:04,270.0
6291,206,126,2,60,0,UPI,2026-06-27,18:55:45,120.0
6292,410,115,2,150,0,UPI,2026-03-16,19:43:49,300.0
6293,499,106,1,300,5,Card,2026-04-29,21:12:34,285.0
6294,232,121,3,350,0,UPI,2026-03-24,21:01:19,1050.0
6295,239,118,2,150,0,UPI,2026-03-27,11:59:25,300.0
6296,232,119,1,220,0,Cash,2026-01-22,18:22:03,220.0
6297,361,108,1,695,0,UPI,2026-03-31,20:36:12,695.0
6298,311,123,1,420,5,Card,2026-02-22,19:20:05,399.0
6299,361,120,1,120,0,UPI,2026-01-03,13:16:33,120.0
6300,471,111,3,320,0,UPI,2026-06-08,18:31:31,960.0
6301,266,116,1,120,5,UPI,2026-04-26,19:37:03,114.0
6302,477,105,1,420,15,Card,2026-05-18,13:05:05,357.0
6303,487,126,1,60,5,Cash,2026-06-06,13:39:01,57.0
6304,114,105,2,420,15,Card,2026-02-05,14:51:54,714.0
6305,391,120,1,120,0,UPI,2026-06-23,22:57:48,120.0
6306,58,107,1,695,5,UPI,2026-06-08,18:41:38,660.25
6307,219,106,4,300,5,UPI,2026-05-29,20:00:11,1140.0
6308,243,103,2,320,10,Card,2026-02-03,13:30:53,576.0
6309,480,103,2,320,0,Card,2026-01-01,20:00:31,640.0
6310,172,105,1,420,0,UPI,2026-04-21,21:13:05,420.0
6311,275,105,1,420,10,UPI,2026-01-23,18:31:32,378.0
6312,300,102,2,380,0,UPI,2026-03-21,12:33:48,760.0
6313,360,126,2,60,0,Cash,2026-01-17,20:36:13,120.0
6314,493,104,2,390,0,Card,2026-05-07,14:26:43,780.0
6315,215,102,2,380,0,Cash,2026-04-04,19:29:08,760.0
6316,450,116,1,120,0,Card,2026-01-30,19:44:10,120.0
6317,360,104,1,390,0,UPI,2026-04-07,14:44:32,390.0
6318,260,116,1,120,0,UPI,2026-04-28,13:38:53,120.0
6319,123,107,3,695,0,UPI,2026-05-28,19:17:08,2085.0
6320,253,102,2,380,0,UPI,2026-06-17,19:44:08,760.0
6321,65,102,1,380,0,UPI,2026-01-29,18:04:47,380.0
6322,78,102,2,380,0,UPI,2026-01-30,22:34:13,760.0
6323,206,123,3,420,0,UPI,2026-02-20,12:39:51,1260.0
6324,19,116,1,120,0,Card,2026-02-09,21:05:42,120.0
6325,105,107,1,695,5,UPI,2026-02-02,14:59:26,660.25
6326,179,128,2,150,15,UPI,2026-06-25,13:58:48,255.0
6327,105,117,1,130,5,UPI,2026-01-28,19:06:12,123.5
6328,73,118,4,150,0,UPI,2026-05-20,19:36:31,600.0
6329,276,108,1,695,0,UPI,2026-03-28,18:36:58,695.0
6330,451,110,3,280,0,UPI,2026-03-22,14:56:24,840.0
6331,165,101,2,695,0,Card,2026-01-05,14:27:40,1390.0
6332,26,114,5,180,5,UPI,2026-03-20,13:18:55,855.0
6333,160,116,1,120,0,UPI,2026-02-11,20:24:46,120.0
6334,316,119,2,220,5,UPI,2026-02-19,18:10:17,418.0
6335,244,101,2,695,0,UPI,2026-04-17,14:33:59,1390.0
6336,154,115,1,150,10,UPI,2026-01-17,13:57:13,135.0
6337,51,115,1,150,0,Cash,2026-01-08,14:26:22,150.0
6338,343,105,1,420,0,UPI,2026-02-06,19:03:26,420.0
6339,169,111,3,320,0,Cash,2026-03-06,13:50:05,960.0
6340,466,121,3,350,0,UPI,2026-05-09,18:30:04,1050.0
6341,143,107,2,695,0,UPI,2026-03-14,12:17:57,1390.0
6342,102,108,3,695,0,UPI,2026-05-07,12:54:53,2085.0
6343,477,121,4,350,5,UPI,2026-02-23,11:54:36,1330.0
6344,335,111,2,320,0,UPI,2026-03-23,19:19:34,640.0
6345,386,101,1,695,0,Card,2026-01-21,13:31:59,695.0
6346,289,109,3,650,0,Cash,2026-01-09,18:32:06,1950.0
6347,288,101,2,695,0,Card,2026-04-03,20:55:39,1390.0
6348,95,121,1,350,0,UPI,2026-03-02,12:22:40,350.0
6349,397,101,2,695,0,Card,2026-05-09,13:24:29,1390.0
6350,108,111,2,320,15,UPI,2026-05-18,13:10:41,544.0
6351,212,119,2,220,0,UPI,2026-02-14,18:09:14,440.0
6352,165,102,3,380,0,UPI,2026-04-22,13:44:35,1140.0
6353,156,119,1,220,0,UPI,2026-04-15,11:49:10,220.0
6354,43,122,3,320,0,UPI,2026-05-08,18:53:09,960.0
6355,343,105,1,420,0,UPI,2026-04-04,12:22:49,420.0
6356,187,101,1,695,5,Cash,2026-04-11,19:22:28,660.25
6357,106,101,2,695,5,Card,2026-03-11,19:25:47,1320.5
6358,318,121,1,350,5,Card,2026-05-25,18:40:05,332.5
6359,279,104,1,390,0,UPI,2026-03-17,12:19:04,390.0
6360,455,130,1,220,0,Card,2026-03-22,19:34:54,220.0
6361,331,111,2,320,0,UPI,2026-01-25,19:18:51,640.0
6362,314,128,1,150,0,UPI,2026-06-27,18:14:18,150.0
6363,170,112,1,240,5,UPI,2026-03-19,22:44:06,228.0
6364,213,102,1,380,0,Cash,2026-04-16,19:27:11,380.0
6365,456,103,4,320,0,UPI,2026-06-29,13:03:35,1280.0
6366,222,130,2,220,0,UPI,2026-04-29,19:03:48,440.0
6367,24,102,3,380,0,UPI,2026-04-14,13:54:17,1140.0
6368,28,124,3,180,15,UPI,2026-02-11,11:39:35,459.0
6369,21,119,1,220,10,Card,2026-03-30,13:02:01,198.0
6370,98,119,1,220,5,UPI,2026-05-01,14:24:20,209.0
6371,174,107,1,695,5,Card,2026-03-09,18:29:58,660.25
6372,178,117,3,130,0,UPI,2026-02-28,20:24:34,390.0
6373,112,102,1,380,5,Cash,2026-02-10,19:57:34,361.0
6374,290,119,1,220,0,Card,2026-05-12,12:44:18,220.0
6375,182,129,3,180,0,UPI,2026-06-16,13:29:25,540.0
6376,250,105,4,420,0,Card,2026-04-13,19:38:44,1680.0
6377,472,115,1,150,0,UPI,2026-03-26,13:06:04,150.0
6378,347,129,1,180,0,UPI,2026-01-29,13:00:38,180.0
6379,450,121,1,350,5,UPI,2026-03-31,13:29:47,332.5
6380,354,108,1,695,15,UPI,2026-05-17,13:27:15,590.75
6381,376,118,1,150,0,UPI,2026-06-27,13:53:10,150.0
6382,224,103,1,320,0,Card,2026-04-12,19:27:00,320.0
6383,341,126,1,60,0,Card,2026-05-20,13:15:03,60.0
6384,13,123,1,420,0,UPI,2026-06-29,20:15:14,420.0
6385,14,125,2,120,10,Card,2026-05-29,20:22:11,216.0
6386,232,127,1,90,0,Cash,2026-02-06,21:06:39,90.0
6387,180,105,3,420,10,UPI,2026-01-19,20:06:55,1134.0
6388,229,106,1,300,0,Cash,2026-02-08,19:20:13,300.0
6389,335,123,1,420,0,UPI,2026-05-24,13:58:16,420.0
6390,179,105,1,420,0,UPI,2026-02-08,12:27:11,420.0
6391,301,104,1,390,0,UPI,2026-06-23,18:32:26,390.0
6392,393,101,2,695,15,UPI,2026-04-06,18:26:41,1181.5
6393,208,120,2,120,10,UPI,2026-05-16,20:35:46,216.0
6394,408,107,1,695,5,UPI,2026-05-08,20:04:24,660.25
6395,66,120,1,120,0,Cash,2026-04-11,19:31:25,120.0
6396,349,129,3,180,5,Cash,2026-02-14,20:30:00,513.0
6397,265,125,1,120,0,UPI,2026-02-04,19:31:38,120.0
6398,179,105,1,420,10,UPI,2026-05-08,13:22:02,378.0
6399,331,109,3,650,0,Card,2026-04-26,21:42:01,1950.0
6400,293,123,1,420,0,Cash,2026-05-24,19:03:28,420.0
6401,394,109,1,650,10,Card,2026-04-11,20:19:09,585.0
6402,129,110,1,280,5,UPI,2026-06-10,14:07:13,266.0
6403,182,101,1,695,0,UPI,2026-06-15,19:18:47,695.0
6404,16,105,1,420,10,UPI,2026-01-11,20:29:26,378.0
6405,372,102,1,380,0,UPI,2026-05-14,21:37:38,380.0
6406,398,120,2,120,0,UPI,2026-04-05,11:41:28,240.0
6407,175,119,1,220,0,UPI,2026-03-07,20:48:42,220.0
6408,128,113,2,220,5,Cash,2026-02-20,20:39:42,418.0
6409,241,121,1,350,0,UPI,2026-02-28,19:19:42,350.0
6410,63,130,2,220,0,UPI,2026-05-21,20:48:22,440.0
6411,8,129,1,180,0,UPI,2026-02-01,13:24:14,180.0
6412,416,109,1,650,0,UPI,2026-04-16,21:07:16,650.0
6413,134,115,2,150,0,UPI,2026-04-15,19:39:15,300.0
6414,460,120,3,120,10,Cash,2026-04-13,22:53:32,324.0
6415,168,102,1,380,10,Card,2026-04-07,21:57:49,342.0
6416,480,119,2,220,10,UPI,2026-05-21,20:18:33,396.0
6417,265,104,3,390,0,UPI,2026-03-25,22:09:01,1170.0
6418,273,106,1,300,0,UPI,2026-01-13,14:01:52,300.0
6419,84,119,2,220,0,UPI,2026-03-23,11:29:06,440.0
6420,112,126,1,60,0,UPI,2026-02-28,19:16:52,60.0
6421,418,120,2,120,0,Card,2026-03-09,21:02:28,240.0
6422,347,126,3,60,0,Card,2026-03-27,18:51:27,180.0
6423,219,118,1,150,10,UPI,2026-02-28,19:50:53,135.0
6424,155,101,1,695,0,UPI,2026-01-29,13:22:03,695.0
6425,165,123,3,420,0,UPI,2026-01-31,12:26:42,1260.0
6426,1,123,1,420,0,Card,2026-03-11,11:36:34,420.0
6427,471,101,2,695,5,UPI,2026-06-29,21:23:38,1320.5
6428,440,107,1,695,0,UPI,2026-04-24,20:49:02,695.0
6429,152,108,1,695,0,Card,2026-02-27,13:08:46,695.0
6430,27,102,2,380,0,Cash,2026-05-02,20:11:35,760.0
6431,53,103,3,320,0,UPI,2026-02-02,20:06:00,960.0
6432,304,110,1,280,0,UPI,2026-02-23,20:07:29,280.0
6433,129,101,1,695,0,UPI,2026-06-21,13:00:34,695.0
6434,376,123,1,420,0,UPI,2026-03-17,19:55:08,420.0
6435,25,113,1,220,0,Card,2026-06-07,14:04:39,220.0
6436,5,102,1,380,0,Card,2026-03-16,13:08:05,380.0
6437,444,103,3,320,0,UPI,2026-02-23,20:37:45,960.0
6438,73,108,2,695,0,Card,2026-06-27,19:20:48,1390.0
6439,453,129,1,180,10,Card,2026-05-14,19:20:35,162.0
6440,279,101,1,695,0,UPI,2026-02-14,18:34:45,695.0
6441,493,101,1,695,5,Card,2026-06-22,13:23:50,660.25
6442,172,108,2,695,0,Card,2026-05-02,18:45:48,1390.0
6443,417,114,2,180,0,UPI,2026-06-07,13:07:03,360.0
6444,384,116,4,120,0,Card,2026-01-11,12:49:35,480.0
6445,101,103,2,320,5,Card,2026-02-15,20:11:07,608.0
6446,402,105,1,420,5,UPI,2026-01-28,18:38:03,399.0
6447,47,125,2,120,0,Cash,2026-04-30,18:09:28,240.0
6448,489,106,1,300,0,Card,2026-01-21,12:59:41,300.0
6449,477,115,1,150,0,UPI,2026-06-13,12:20:44,150.0
6450,408,101,2,695,0,Card,2026-02-09,18:00:35,1390.0
6451,500,118,2,150,0,UPI,2026-05-29,13:15:58,300.0
6452,355,102,1,380,0,UPI,2026-06-18,20:15:52,380.0
6453,61,122,4,320,15,Card,2026-04-17,12:30:39,1088.0
6454,337,116,1,120,15,Card,2026-04-23,20:48:26,102.0
6455,75,120,1,120,0,Card,2026-02-13,20:21:19,120.0
6456,216,128,1,150,15,UPI,2026-06-26,13:56:32,127.5
6457,273,111,1,320,5,Card,2026-05-31,14:21:50,304.0
6458,342,126,1,60,15,Card,2026-01-21,19:39:58,51.0
6459,159,116,3,120,0,Cash,2026-03-20,19:57:00,360.0
6460,204,121,2,350,0,Card,2026-01-12,18:22:27,700.0
6461,180,110,1,280,0,UPI,2026-02-14,12:20:56,280.0
6462,159,118,1,150,0,Cash,2026-01-28,19:54:07,150.0
6463,334,106,3,300,15,Card,2026-04-08,19:18:42,765.0
6464,388,103,1,320,15,Card,2026-04-28,20:46:00,272.0
6465,366,114,2,180,0,UPI,2026-04-28,18:12:23,360.0
6466,388,119,2,220,0,Card,2026-06-12,11:06:43,440.0
6467,339,118,2,150,0,Card,2026-04-23,13:04:17,300.0
6468,471,103,1,320,0,Card,2026-02-25,13:13:05,320.0
6469,428,125,1,120,0,UPI,2026-02-16,19:56:17,120.0
6470,121,111,1,320,0,UPI,2026-04-14,18:18:01,320.0
6471,174,118,2,150,0,UPI,2026-01-22,18:12:12,300.0
6472,344,120,1,120,0,UPI,2026-01-10,12:23:20,120.0
6473,366,106,1,300,5,UPI,2026-04-05,20:17:01,285.0
6474,437,105,3,420,0,UPI,2026-02-04,13:03:22,1260.0
6475,175,126,1,60,0,UPI,2026-01-23,20:51:48,60.0
6476,448,115,2,150,0,Card,2026-03-26,19:01:16,300.0
6477,91,101,2,695,5,UPI,2026-01-04,12:34:40,1320.5
6478,31,102,1,380,10,Card,2026-05-27,13:05:38,342.0
6479,228,123,1,420,0,Card,2026-05-02,20:46:38,420.0
6480,367,107,2,695,0,Card,2026-05-31,21:33:32,1390.0
6481,341,102,3,380,0,UPI,2026-02-24,13:44:32,1140.0
6482,131,121,3,350,0,UPI,2026-03-12,13:06:34,1050.0
6483,295,126,2,60,5,UPI,2026-01-13,18:09:17,114.0
6484,243,108,1,695,0,Card,2026-06-19,13:01:30,695.0
6485,10,105,1,420,0,UPI,2026-03-01,14:03:33,420.0
6486,471,111,1,320,0,UPI,2026-05-16,13:03:45,320.0
6487,356,103,1,320,5,Cash,2026-01-23,14:17:42,304.0
6488,131,124,1,180,0,UPI,2026-04-06,11:20:41,180.0
6489,322,117,1,130,0,UPI,2026-06-03,18:33:21,130.0
6490,97,104,3,390,0,UPI,2026-04-19,19:20:05,1170.0
6491,226,124,1,180,5,UPI,2026-06-26,19:51:42,171.0
6492,483,127,1,90,0,UPI,2026-02-08,18:01:13,90.0
6493,66,110,2,280,5,UPI,2026-05-21,13:21:27,532.0
6494,65,105,2,420,10,UPI,2026-04-17,19:27:43,756.0
6495,370,127,1,90,5,UPI,2026-02-14,13:58:35,85.5
6496,176,127,4,90,0,UPI,2026-05-19,12:06:14,360.0
6497,58,107,2,695,0,UPI,2026-01-01,21:38:48,1390.0
6498,397,127,2,90,0,UPI,2026-03-19,21:53:43,180.0
6499,321,115,2,150,5,UPI,2026-03-31,12:22:43,285.0
6500,69,121,3,350,0,UPI,2026-01-30,13:58:13,1050.0
6501,202,108,2,695,0,UPI,2026-05-10,12:29:10,1390.0
6502,476,105,1,420,0,UPI,2026-06-08,19:41:33,420.0
6503,284,119,2,220,0,UPI,2026-05-09,11:09:28,440.0
6504,458,102,2,380,15,UPI,2026-04-09,14:00:42,646.0
6505,9,117,3,130,0,UPI,2026-01-28,14:25:16,390.0
6506,14,124,4,180,0,UPI,2026-05-09,12:20:42,720.0
6507,227,101,3,695,0,UPI,2026-05-16,19:47:11,2085.0
6508,102,110,5,280,15,UPI,2026-06-26,18:28:59,1190.0
6509,8,109,1,650,0,Card,2026-03-04,20:39:52,650.0
6510,262,109,1,650,0,Cash,2026-06-06,14:12:58,650.0
6511,53,105,4,420,0,Card,2026-03-17,13:34:27,1680.0
6512,235,108,2,695,15,UPI,2026-04-20,12:39:15,1181.5
6513,112,116,2,120,0,Cash,2026-01-26,18:55:16,240.0
6514,406,124,2,180,0,UPI,2026-04-14,12:03:38,360.0
6515,339,123,1,420,0,Card,2026-06-09,12:11:29,420.0
6516,252,103,1,320,5,UPI,2026-01-29,12:10:24,304.0
6517,45,123,2,420,15,UPI,2026-05-22,13:38:35,714.0
6518,405,118,1,150,0,UPI,2026-01-03,14:19:57,150.0
6519,434,117,1,130,0,Card,2026-03-08,20:34:46,130.0
6520,49,114,3,180,0,UPI,2026-03-13,18:44:19,540.0
6521,128,112,1,240,10,UPI,2026-05-15,12:53:57,216.0
6522,254,120,1,120,0,UPI,2026-01-25,19:31:17,120.0
6523,179,130,1,220,5,UPI,2026-01-18,12:33:40,209.0
6524,59,118,1,150,5,UPI,2026-04-25,11:30:57,142.5
6525,343,125,1,120,0,UPI,2026-06-20,19:24:08,120.0
6526,126,119,1,220,10,Card,2026-02-11,14:27:59,198.0
6527,227,103,2,320,0,Cash,2026-05-19,19:34:17,640.0
6528,437,121,2,350,10,Card,2026-04-30,19:10:49,630.0
6529,439,101,1,695,0,UPI,2026-01-27,12:06:18,695.0
6530,32,116,1,120,15,UPI,2026-03-16,22:13:12,102.0
6531,176,125,1,120,5,UPI,2026-03-04,20:08:48,114.0
6532,219,121,3,350,0,Cash,2026-01-20,20:39:59,1050.0
6533,99,104,4,390,5,UPI,2026-03-17,12:19:08,1482.0
6534,48,115,3,150,0,UPI,2026-03-17,21:39:51,450.0
6535,183,117,1,130,0,Cash,2026-02-09,13:44:15,130.0
6536,165,101,2,695,0,UPI,2026-03-13,14:22:15,1390.0
6537,487,105,2,420,0,UPI,2026-04-22,13:03:59,840.0
6538,470,109,2,650,0,UPI,2026-03-17,18:58:58,1300.0
6539,65,108,3,695,0,UPI,2026-01-20,12:42:44,2085.0
6540,212,115,1,150,0,UPI,2026-06-17,13:21:03,150.0
6541,144,109,1,650,10,Cash,2026-01-21,11:59:50,585.0
6542,338,116,1,120,5,Card,2026-04-30,12:28:08,114.0
6543,234,122,1,320,5,Card,2026-01-07,12:33:16,304.0
6544,455,106,2,300,10,UPI,2026-05-19,19:54:04,540.0
6545,307,103,1,320,0,Card,2026-04-27,19:59:48,320.0
6546,419,110,1,280,0,UPI,2026-06-17,19:21:06,280.0
6547,248,105,1,420,0,UPI,2026-01-18,13:16:49,420.0
6548,296,121,1,350,0,Card,2026-06-21,18:06:42,350.0
6549,166,116,1,120,0,UPI,2026-01-23,11:47:28,120.0
6550,259,113,2,220,0,UPI,2026-02-01,11:11:07,440.0
6551,333,107,1,695,15,UPI,2026-03-21,18:56:46,590.75
6552,230,111,1,320,0,UPI,2026-06-29,14:43:10,320.0
6553,26,101,3,695,0,UPI,2026-01-19,13:54:07,2085.0
6554,456,107,2,695,0,Card,2026-03-28,14:17:11,1390.0
6555,254,123,2,420,0,UPI,2026-03-12,12:09:13,840.0
6556,23,117,1,130,0,Card,2026-06-11,20:20:08,130.0
6557,128,121,2,350,0,UPI,2026-05-27,20:59:28,700.0
6558,7,129,1,180,0,Cash,2026-06-22,14:51:12,180.0
6559,290,110,1,280,5,UPI,2026-03-14,21:01:59,266.0
6560,281,118,1,150,10,Cash,2026-01-29,11:02:16,135.0
6561,215,117,1,130,15,UPI,2026-04-14,14:33:54,110.5
6562,324,111,1,320,10,UPI,2026-06-21,20:52:05,288.0
6563,123,106,1,300,5,UPI,2026-04-20,20:31:36,285.0
6564,364,127,3,90,0,UPI,2026-06-22,13:06:09,270.0
6565,3,123,3,420,5,UPI,2026-04-28,14:13:46,1197.0
6566,382,122,1,320,0,Card,2026-03-01,12:54:49,320.0
6567,482,102,2,380,0,Cash,2026-01-19,18:13:52,760.0
6568,458,121,1,350,0,UPI,2026-06-29,18:27:37,350.0
6569,286,123,1,420,0,UPI,2026-01-27,11:53:48,420.0
6570,56,123,1,420,10,UPI,2026-01-21,18:28:00,378.0
6571,18,104,1,390,0,UPI,2026-05-20,13:44:54,390.0
6572,407,101,1,695,0,UPI,2026-02-08,13:01:22,695.0
6573,138,106,2,300,0,UPI,2026-03-26,13:33:08,600.0
6574,173,101,1,695,5,UPI,2026-01-25,19:31:11,660.25
6575,283,118,4,150,0,UPI,2026-01-14,11:49:59,600.0
6576,452,115,5,150,10,UPI,2026-01-31,14:24:50,675.0
6577,105,130,1,220,10,Cash,2026-02-01,13:56:34,198.0
6578,71,119,2,220,0,UPI,2026-04-11,13:09:08,440.0
6579,84,122,3,320,0,UPI,2026-05-10,18:56:12,960.0
6580,53,103,1,320,10,UPI,2026-01-12,14:33:50,288.0
6581,114,121,1,350,0,UPI,2026-04-22,13:06:08,350.0
6582,10,123,3,420,0,Card,2026-02-05,14:21:44,1260.0
6583,120,116,1,120,5,UPI,2026-06-28,12:11:22,114.0
6584,351,118,1,150,0,UPI,2026-02-02,13:57:37,150.0
6585,345,119,1,220,0,Card,2026-03-10,13:49:06,220.0
6586,25,102,1,380,0,Card,2026-01-18,12:09:31,380.0
6587,165,120,5,120,0,UPI,2026-02-22,19:19:10,600.0
6588,248,118,3,150,10,UPI,2026-02-27,19:43:59,405.0
6589,488,119,1,220,0,Card,2026-04-13,20:39:51,220.0
6590,407,127,3,90,5,UPI,2026-05-09,20:21:46,256.5
6591,360,118,3,150,0,Cash,2026-06-03,13:23:10,450.0
6592,446,105,3,420,0,UPI,2026-06-05,13:29:32,1260.0
6593,79,120,1,120,0,UPI,2026-05-30,22:28:54,120.0
6594,72,123,1,420,0,Card,2026-04-14,19:03:15,420.0
6595,470,128,1,150,0,UPI,2026-04-19,20:36:45,150.0
6596,443,105,2,420,0,Card,2026-01-05,22:52:13,840.0
6597,332,101,1,695,0,Cash,2026-06-10,18:35:12,695.0
6598,90,102,4,380,0,Card,2026-03-02,19:19:22,1520.0
6599,452,107,3,695,0,UPI,2026-01-03,14:25:17,2085.0
6600,151,113,1,220,5,Card,2026-01-17,20:55:02,209.0
6601,211,105,1,420,0,UPI,2026-03-02,19:12:46,420.0
6602,397,130,3,220,0,Card,2026-04-05,11:42:28,660.0
6603,184,103,4,320,0,Card,2026-04-20,13:05:37,1280.0
6604,302,118,1,150,0,UPI,2026-03-30,11:43:55,150.0
6605,181,123,1,420,10,Card,2026-05-26,13:30:40,378.0
6606,468,115,3,150,5,UPI,2026-01-20,14:29:09,427.5
6607,158,103,1,320,0,UPI,2026-01-28,14:11:48,320.0
6608,343,123,1,420,0,UPI,2026-05-22,19:44:48,420.0
6609,390,117,3,130,0,Cash,2026-01-10,18:49:30,390.0
6610,300,118,2,150,5,UPI,2026-06-13,19:33:32,285.0
6611,54,120,2,120,0,Card,2026-06-28,13:07:46,240.0
6612,160,118,1,150,0,UPI,2026-06-19,12:15:00,150.0
6613,214,111,1,320,5,UPI,2026-04-21,12:05:00,304.0
6614,181,130,1,220,0,Card,2026-01-10,19:12:06,220.0
6615,8,123,3,420,0,Card,2026-03-26,19:50:09,1260.0
6616,21,107,1,695,5,Card,2026-06-21,12:34:25,660.25
6617,235,128,2,150,0,Cash,2026-04-11,13:26:15,300.0
6618,412,126,1,60,15,UPI,2026-05-22,20:48:10,51.0
6619,74,110,2,280,0,UPI,2026-06-16,18:50:18,560.0
6620,21,117,1,130,0,UPI,2026-01-10,12:42:48,130.0
6621,161,130,2,220,0,UPI,2026-04-17,20:24:50,440.0
6622,195,114,1,180,15,Card,2026-01-24,12:47:57,153.0
6623,204,128,1,150,0,UPI,2026-06-19,13:20:03,150.0
6624,261,101,2,695,0,Card,2026-01-27,18:16:08,1390.0
6625,246,117,2,130,0,UPI,2026-06-15,19:29:39,260.0
6626,244,102,1,380,0,Cash,2026-01-03,22:00:36,380.0
6627,380,101,4,695,0,UPI,2026-05-13,12:55:26,2780.0
6628,267,112,1,240,0,UPI,2026-03-09,13:03:51,240.0
6629,482,115,1,150,10,Card,2026-05-04,20:59:38,135.0
6630,149,127,1,90,0,UPI,2026-02-15,19:27:28,90.0
6631,462,102,1,380,0,Cash,2026-03-15,19:46:15,380.0
6632,238,119,1,220,0,UPI,2026-03-03,14:08:13,220.0
6633,387,126,2,60,0,Cash,2026-05-28,13:07:16,120.0
6634,478,130,2,220,0,UPI,2026-04-18,20:50:36,440.0
6635,7,107,4,695,5,UPI,2026-02-15,20:28:09,2641.0
6636,206,103,2,320,0,UPI,2026-01-16,12:24:58,640.0
6637,209,129,1,180,0,UPI,2026-03-13,14:19:47,180.0
6638,461,103,5,320,5,Card,2026-03-01,19:03:40,1520.0
6639,231,118,3,150,0,UPI,2026-03-28,13:48:26,450.0
6640,206,105,1,420,0,UPI,2026-06-14,12:35:00,420.0
6641,412,128,1,150,5,Card,2026-06-09,21:48:36,142.5
6642,138,111,2,320,0,Card,2026-02-19,19:12:35,640.0
6643,313,105,3,420,0,Card,2026-02-02,13:51:14,1260.0
6644,397,122,1,320,10,UPI,2026-06-22,18:50:22,288.0
6645,192,101,3,695,0,UPI,2026-03-09,14:04:07,2085.0
6646,194,118,1,150,5,Card,2026-03-05,19:39:46,142.5
6647,273,102,1,380,0,UPI,2026-04-10,19:13:45,380.0
6648,123,118,3,150,0,Card,2026-03-19,18:38:42,450.0
6649,372,101,3,695,10,UPI,2026-05-11,13:59:06,1876.5
6650,438,105,3,420,0,UPI,2026-02-22,20:50:52,1260.0
6651,458,111,1,320,0,UPI,2026-05-20,12:04:41,320.0
6652,481,122,1,320,0,Card,2026-01-29,12:17:03,320.0
6653,386,129,1,180,0,UPI,2026-01-07,13:23:31,180.0
6654,224,107,1,695,0,UPI,2026-02-26,20:34:42,695.0
6655,434,120,1,120,0,UPI,2026-02-12,13:30:32,120.0
6656,218,118,1,150,10,UPI,2026-03-14,19:19:41,135.0
6657,216,119,2,220,0,UPI,2026-03-30,19:49:42,440.0
6658,37,127,4,90,15,Card,2026-01-22,19:03:57,306.0
6659,340,128,1,150,0,Card,2026-01-07,12:40:52,150.0
6660,375,113,1,220,0,UPI,2026-04-14,13:50:55,220.0
6661,46,102,3,380,0,UPI,2026-05-18,12:28:06,1140.0
6662,206,129,1,180,5,Card,2026-05-05,12:30:32,171.0
6663,454,109,1,650,10,Card,2026-02-17,13:04:58,585.0
6664,286,118,1,150,0,Card,2026-01-18,12:46:58,150.0
6665,353,110,1,280,0,Card,2026-03-19,20:47:48,280.0
6666,137,111,2,320,0,UPI,2026-06-04,18:19:48,640.0
6667,449,103,1,320,0,UPI,2026-05-31,14:57:14,320.0
6668,28,111,2,320,10,Cash,2026-06-14,21:55:15,576.0
6669,371,112,1,240,5,UPI,2026-04-03,19:39:22,228.0
6670,174,111,2,320,0,Card,2026-04-11,14:08:11,640.0
6671,428,103,2,320,0,Cash,2026-05-07,13:32:10,640.0
6672,340,116,1,120,10,UPI,2026-06-02,19:42:11,108.0
6673,24,127,1,90,0,UPI,2026-02-20,12:07:03,90.0
6674,269,108,1,695,0,Cash,2026-03-24,18:45:51,695.0
6675,243,119,2,220,10,UPI,2026-03-22,13:43:39,396.0
6676,500,127,1,90,0,Card,2026-02-19,12:09:35,90.0
6677,86,118,1,150,5,UPI,2026-06-08,12:23:09,142.5
6678,385,129,1,180,10,Card,2026-02-14,19:55:05,162.0
6679,117,124,1,180,0,UPI,2026-04-05,14:03:28,180.0
6680,485,101,1,695,0,Cash,2026-05-25,19:04:24,695.0
6681,132,108,2,695,0,UPI,2026-05-27,19:21:29,1390.0
6682,366,118,2,150,0,UPI,2026-03-27,19:34:48,300.0
6683,441,105,2,420,0,UPI,2026-03-19,12:28:13,840.0
6684,307,111,2,320,10,UPI,2026-05-28,11:09:26,576.0
6685,124,105,5,420,0,Card,2026-06-27,18:21:34,2100.0
6686,116,129,1,180,0,UPI,2026-04-01,14:05:31,180.0
6687,378,102,1,380,0,Card,2026-04-09,14:25:43,380.0
6688,416,111,1,320,0,UPI,2026-03-27,14:13:28,320.0
6689,290,120,2,120,10,Card,2026-05-13,12:27:52,216.0
6690,196,103,1,320,5,UPI,2026-02-20,20:57:18,304.0
6691,434,116,5,120,0,UPI,2026-04-29,14:39:56,600.0
6692,179,123,2,420,10,Card,2026-03-27,13:47:52,756.0
6693,259,121,5,350,0,Card,2026-04-12,12:40:54,1750.0
6694,455,121,3,350,0,Card,2026-06-18,13:58:17,1050.0
6695,74,101,3,695,5,Cash,2026-02-07,11:00:19,1980.75
6696,397,121,1,350,0,Cash,2026-05-26,12:28:05,350.0
6697,134,102,2,380,0,UPI,2026-01-28,19:57:37,760.0
6698,431,105,2,420,0,Card,2026-03-11,19:36:42,840.0
6699,265,121,1,350,5,Card,2026-02-14,18:10:49,332.5
6700,404,102,1,380,0,UPI,2026-02-20,13:13:38,380.0
6701,280,102,3,380,0,Card,2026-03-24,19:49:50,1140.0
6702,102,103,2,320,10,UPI,2026-05-07,20:10:02,576.0
6703,124,115,1,150,0,Cash,2026-01-12,11:15:52,150.0
6704,333,123,5,420,0,Card,2026-04-29,13:17:13,2100.0
6705,46,103,2,320,0,Cash,2026-02-13,19:37:28,640.0
6706,312,106,1,300,0,Card,2026-06-01,12:08:24,300.0
6707,413,113,2,220,0,UPI,2026-05-31,20:30:02,440.0
6708,43,116,1,120,10,UPI,2026-03-08,21:34:32,108.0
6709,75,106,1,300,5,UPI,2026-04-16,21:58:28,285.0
6710,143,119,1,220,0,Cash,2026-03-30,18:56:42,220.0
6711,112,112,1,240,0,UPI,2026-06-20,14:36:16,240.0
6712,444,105,1,420,0,Cash,2026-05-24,18:39:31,420.0
6713,25,129,4,180,0,UPI,2026-02-04,12:06:46,720.0
6714,39,107,3,695,0,Card,2026-01-23,20:26:16,2085.0
6715,423,109,2,650,5,Card,2026-04-24,21:49:48,1235.0
6716,350,121,2,350,5,Cash,2026-03-03,13:55:34,665.0
6717,279,101,1,695,0,UPI,2026-06-22,18:11:39,695.0
6718,428,103,1,320,0,Cash,2026-03-26,19:46:34,320.0
6719,26,102,1,380,0,Cash,2026-01-21,13:53:57,380.0
6720,499,102,1,380,0,UPI,2026-01-01,19:00:14,380.0
6721,311,109,1,650,0,UPI,2026-05-09,13:30:08,650.0
6722,491,130,3,220,0,UPI,2026-02-13,18:43:26,660.0
6723,481,125,1,120,0,Card,2026-01-28,19:32:06,120.0
6724,369,108,1,695,0,Cash,2026-06-11,21:35:45,695.0
6725,279,126,2,60,0,UPI,2026-02-09,12:08:43,120.0
6726,88,106,1,300,0,UPI,2026-02-04,12:12:09,300.0
6727,51,101,2,695,5,UPI,2026-03-20,18:52:18,1320.5
6728,114,111,5,320,0,Card,2026-02-04,13:45:17,1600.0
6729,240,114,5,180,0,UPI,2026-03-26,13:02:24,900.0
6730,317,109,2,650,0,Card,2026-06-23,18:55:12,1300.0
6731,415,116,2,120,0,Card,2026-06-15,20:01:39,240.0
6732,497,101,1,695,0,Card,2026-05-27,22:03:14,695.0
6733,97,105,5,420,15,UPI,2026-03-10,19:45:15,1785.0
6734,478,116,1,120,10,UPI,2026-04-16,13:31:51,108.0
6735,458,102,1,380,0,UPI,2026-05-26,14:15:06,380.0
6736,19,105,2,420,0,UPI,2026-01-26,19:35:05,840.0
6737,190,121,1,350,0,UPI,2026-02-28,21:14:02,350.0
6738,243,110,3,280,5,UPI,2026-02-26,13:33:17,798.0
6739,161,110,2,280,0,UPI,2026-04-29,21:02:07,560.0
6740,406,102,3,380,0,Card,2026-06-05,19:06:53,1140.0
6741,180,101,1,695,0,Card,2026-06-25,13:59:09,695.0
6742,248,105,1,420,0,Card,2026-01-09,13:32:40,420.0
6743,241,122,1,320,0,UPI,2026-05-17,13:07:18,320.0
6744,107,101,1,695,0,UPI,2026-06-25,13:07:40,695.0
6745,78,126,1,60,5,Card,2026-03-30,19:26:21,57.0
6746,377,115,3,150,0,Card,2026-02-28,22:14:52,450.0
6747,179,112,1,240,0,Card,2026-05-13,20:57:15,240.0
6748,93,124,1,180,0,Cash,2026-05-12,13:41:57,180.0
6749,373,123,2,420,0,UPI,2026-01-08,20:02:27,840.0
6750,404,126,2,60,0,Card,2026-05-30,18:41:15,120.0
6751,390,124,1,180,0,Card,2026-06-22,13:48:05,180.0
6752,30,128,2,150,0,UPI,2026-02-11,21:24:38,300.0
6753,356,101,1,695,5,Card,2026-05-04,18:42:21,660.25
6754,123,126,1,60,10,UPI,2026-01-27,18:10:24,54.0
6755,360,105,1,420,0,UPI,2026-04-20,11:53:36,420.0
6756,162,108,2,695,0,UPI,2026-02-06,19:11:33,1390.0
6757,137,113,3,220,0,UPI,2026-01-04,19:25:43,660.0
6758,375,115,2,150,10,Card,2026-06-18,13:46:53,270.0
6759,43,118,2,150,0,Cash,2026-05-04,12:43:41,300.0
6760,261,117,1,130,5,Card,2026-02-20,14:34:12,123.5
6761,399,108,4,695,5,UPI,2026-02-11,13:59:05,2641.0
6762,119,106,1,300,5,UPI,2026-06-21,18:19:50,285.0
6763,430,109,3,650,0,UPI,2026-06-27,13:30:42,1950.0
6764,232,105,3,420,10,UPI,2026-03-06,12:33:14,1134.0
6765,92,127,1,90,10,Card,2026-04-18,19:13:56,81.0
6766,18,122,1,320,0,UPI,2026-06-15,21:15:31,320.0
6767,378,124,1,180,0,UPI,2026-02-26,13:00:40,180.0
6768,169,121,1,350,15,Cash,2026-01-05,13:49:03,297.5
6769,194,105,3,420,15,UPI,2026-06-16,20:31:28,1071.0
6770,492,111,1,320,0,Card,2026-03-12,12:19:19,320.0
6771,239,105,2,420,0,Card,2026-01-25,13:19:06,840.0
6772,170,110,2,280,0,UPI,2026-06-11,20:07:49,560.0
6773,438,120,1,120,15,UPI,2026-01-02,11:40:06,102.0
6774,159,126,1,60,10,UPI,2026-02-08,13:07:38,54.0
6775,453,102,1,380,5,Cash,2026-05-26,14:39:54,361.0
6776,128,105,1,420,0,UPI,2026-06-22,14:27:52,420.0
6777,40,121,4,350,0,UPI,2026-01-14,12:37:39,1400.0
6778,108,123,1,420,5,Card,2026-02-08,12:18:48,399.0
6779,241,111,5,320,0,Cash,2026-03-29,13:51:05,1600.0
6780,227,123,1,420,0,Cash,2026-06-26,13:18:38,420.0
6781,401,107,1,695,0,Cash,2026-06-06,20:09:06,695.0
6782,405,125,2,120,5,UPI,2026-04-18,14:05:35,228.0
6783,167,105,1,420,0,Cash,2026-05-06,13:07:05,420.0
6784,68,102,2,380,5,UPI,2026-04-23,18:38:32,722.0
6785,376,102,2,380,0,UPI,2026-02-25,12:41:50,760.0
6786,72,125,1,120,0,UPI,2026-06-05,20:57:01,120.0
6787,252,130,1,220,0,UPI,2026-01-05,12:56:04,220.0
6788,338,102,1,380,0,Card,2026-01-11,20:58:58,380.0
6789,237,102,1,380,0,UPI,2026-02-27,20:01:53,380.0
6790,107,118,4,150,0,UPI,2026-01-31,20:17:39,600.0
6791,136,121,1,350,5,UPI,2026-03-21,13:11:17,332.5
6792,407,108,3,695,0,UPI,2026-03-27,13:01:44,2085.0
6793,264,101,2,695,0,UPI,2026-01-04,12:52:38,1390.0
6794,5,118,2,150,0,UPI,2026-04-27,12:49:07,300.0
6795,281,130,1,220,0,UPI,2026-05-30,20:36:46,220.0
6796,61,113,1,220,5,UPI,2026-02-27,19:52:23,209.0
6797,265,101,4,695,0,Card,2026-01-27,21:29:02,2780.0
6798,426,115,2,150,0,Cash,2026-03-31,18:27:06,300.0
6799,374,128,2,150,0,UPI,2026-04-06,12:42:24,300.0
6800,399,114,1,180,0,Cash,2026-05-21,12:40:34,180.0
6801,370,105,2,420,0,UPI,2026-06-12,13:20:19,840.0
6802,99,103,1,320,0,Cash,2026-03-22,19:12:43,320.0
6803,50,119,1,220,0,UPI,2026-02-01,21:28:33,220.0
6804,93,103,1,320,0,UPI,2026-01-22,13:35:24,320.0
6805,71,113,1,220,0,UPI,2026-06-16,19:52:11,220.0
6806,25,110,3,280,0,Card,2026-06-23,19:53:11,840.0
6807,263,128,1,150,10,Card,2026-01-17,12:03:21,135.0
6808,48,117,2,130,0,Card,2026-04-05,13:36:34,260.0
6809,318,108,1,695,15,UPI,2026-04-02,20:22:17,590.75
6810,211,113,5,220,5,UPI,2026-06-16,19:53:41,1045.0
6811,329,121,1,350,0,UPI,2026-06-30,13:04:45,350.0
6812,279,120,1,120,0,Cash,2026-01-16,12:25:25,120.0
6813,165,101,3,695,0,UPI,2026-03-19,20:52:48,2085.0
6814,482,101,1,695,0,Cash,2026-05-14,12:39:01,695.0
6815,106,123,3,420,0,UPI,2026-01-12,12:32:54,1260.0
6816,481,120,3,120,15,UPI,2026-06-10,14:42:34,306.0
6817,416,122,1,320,5,Card,2026-01-30,19:47:51,304.0
6818,75,128,2,150,0,UPI,2026-06-12,18:58:38,300.0
6819,344,117,1,130,0,UPI,2026-04-01,18:10:21,130.0
6820,264,104,2,390,0,Card,2026-01-01,13:19:06,780.0
6821,136,126,1,60,10,UPI,2026-01-03,18:01:47,54.0
6822,172,109,1,650,0,Card,2026-05-31,12:55:12,650.0
6823,346,107,3,695,0,UPI,2026-06-26,19:25:58,2085.0
6824,413,101,2,695,0,Cash,2026-04-30,12:03:05,1390.0
6825,44,106,2,300,0,Cash,2026-04-19,13:38:12,600.0
6826,492,117,3,130,0,UPI,2026-05-31,13:02:05,390.0
6827,359,121,5,350,0,UPI,2026-04-06,12:47:43,1750.0
6828,482,120,1,120,15,UPI,2026-05-12,20:10:26,102.0
6829,496,120,5,120,10,Cash,2026-01-06,19:37:29,540.0
6830,464,107,4,695,0,Cash,2026-06-01,19:30:58,2780.0
6831,44,102,2,380,0,UPI,2026-02-03,11:02:15,760.0
6832,251,122,1,320,15,UPI,2026-04-15,20:40:41,272.0
6833,77,122,1,320,0,Cash,2026-03-12,13:29:37,320.0
6834,20,106,2,300,0,UPI,2026-02-05,20:06:08,600.0
6835,344,118,2,150,0,Cash,2026-01-27,21:29:36,300.0
6836,500,129,2,180,0,UPI,2026-01-13,18:42:24,360.0
6837,426,107,1,695,5,Card,2026-06-04,12:50:49,660.25
6838,409,117,2,130,0,Card,2026-01-06,19:54:19,260.0
6839,1,127,1,90,0,UPI,2026-03-23,19:19:27,90.0
6840,251,118,1,150,5,UPI,2026-06-29,13:34:20,142.5
6841,356,108,1,695,0,UPI,2026-06-18,19:06:40,695.0
6842,96,121,1,350,0,UPI,2026-06-07,14:09:54,350.0
6843,14,128,3,150,5,UPI,2026-03-03,19:23:02,427.5
6844,356,123,1,420,10,Cash,2026-06-04,21:38:51,378.0
6845,172,104,3,390,10,UPI,2026-03-18,19:21:42,1053.0
6846,150,117,2,130,0,UPI,2026-03-03,13:26:47,260.0
6847,48,124,1,180,0,Card,2026-01-26,12:58:26,180.0
6848,272,101,5,695,5,UPI,2026-03-30,19:22:20,3301.25
6849,460,118,4,150,5,UPI,2026-04-02,18:59:04,570.0
6850,68,118,1,150,10,Cash,2026-02-16,18:42:47,135.0
6851,240,101,3,695,0,UPI,2026-06-18,13:54:10,2085.0
6852,286,108,4,695,0,Card,2026-03-04,13:52:34,2780.0
6853,206,107,2,695,10,UPI,2026-02-07,12:07:23,1251.0
6854,3,120,2,120,0,UPI,2026-01-11,12:38:30,240.0
6855,171,112,1,240,5,Card,2026-01-02,18:08:06,228.0
6856,158,103,1,320,0,UPI,2026-04-11,18:32:31,320.0
6857,18,124,3,180,0,UPI,2026-02-07,13:58:57,540.0
6858,416,104,2,390,0,UPI,2026-05-18,12:40:50,780.0
6859,113,113,3,220,0,Card,2026-05-26,20:21:25,660.0
6860,53,103,2,320,0,UPI,2026-05-04,20:46:52,640.0
6861,453,111,3,320,0,UPI,2026-03-26,18:35:13,960.0
6862,477,130,2,220,0,UPI,2026-05-16,13:38:50,440.0
6863,399,120,2,120,5,UPI,2026-04-30,14:57:13,228.0
6864,95,112,1,240,10,Card,2026-05-14,19:11:58,216.0
6865,8,123,1,420,15,UPI,2026-02-15,12:58:20,357.0
6866,122,104,2,390,0,UPI,2026-03-04,21:21:23,780.0
6867,75,102,2,380,0,UPI,2026-03-15,12:09:04,760.0
6868,144,106,1,300,0,UPI,2026-03-07,13:12:40,300.0
6869,473,109,1,650,0,UPI,2026-06-20,12:46:30,650.0
6870,59,106,2,300,0,Card,2026-03-10,19:41:52,600.0
6871,56,106,1,300,5,UPI,2026-06-19,19:43:09,285.0
6872,466,113,2,220,0,UPI,2026-06-22,11:45:07,440.0
6873,289,104,5,390,10,Card,2026-06-13,13:05:47,1755.0
6874,20,120,2,120,0,UPI,2026-05-26,12:45:34,240.0
6875,121,108,1,695,0,Card,2026-04-12,18:07:12,695.0
6876,30,129,1,180,0,UPI,2026-05-10,12:02:42,180.0
6877,51,121,1,350,0,UPI,2026-05-18,11:56:10,350.0
6878,107,116,1,120,0,Card,2026-04-08,12:11:08,120.0
6879,153,110,4,280,0,UPI,2026-02-13,20:03:16,1120.0
6880,194,129,1,180,10,Card,2026-05-21,11:11:35,162.0
6881,263,102,2,380,0,UPI,2026-01-12,20:04:32,760.0
6882,84,120,2,120,0,Cash,2026-01-29,13:05:31,240.0
6883,223,102,2,380,0,Cash,2026-02-25,12:23:39,760.0
6884,226,120,1,120,0,UPI,2026-04-09,12:20:34,120.0
6885,337,101,3,695,0,UPI,2026-06-09,18:14:30,2085.0
6886,7,120,1,120,10,UPI,2026-06-30,19:21:12,108.0
6887,464,101,1,695,0,Card,2026-01-20,12:12:15,695.0
6888,216,113,2,220,0,Card,2026-01-12,18:18:15,440.0
6889,190,101,2,695,5,UPI,2026-05-22,14:43:12,1320.5
6890,208,107,1,695,5,UPI,2026-01-06,14:15:47,660.25
6891,371,103,2,320,0,UPI,2026-01-23,13:29:24,640.0
6892,415,119,1,220,0,UPI,2026-02-19,19:39:28,220.0
6893,101,111,2,320,0,Card,2026-03-27,12:13:00,640.0
6894,308,102,2,380,5,UPI,2026-03-30,13:15:39,722.0
6895,133,126,1,60,0,UPI,2026-06-28,20:03:19,60.0
6896,277,108,1,695,5,UPI,2026-04-13,20:33:52,660.25
6897,244,119,3,220,5,Cash,2026-03-22,12:56:34,627.0
6898,8,129,4,180,5,Card,2026-03-10,11:25:24,684.0
6899,1,105,1,420,10,Card,2026-06-10,14:39:17,378.0
6900,130,104,1,390,0,Cash,2026-05-29,12:49:27,390.0
6901,201,118,4,150,0,UPI,2026-05-27,13:39:39,600.0
6902,251,130,2,220,0,UPI,2026-03-21,20:24:57,440.0
6903,402,112,1,240,0,UPI,2026-05-21,20:09:22,240.0
6904,155,106,3,300,0,Card,2026-05-08,20:41:54,900.0
6905,145,124,5,180,5,UPI,2026-06-06,13:20:23,855.0
6906,319,101,1,695,0,Card,2026-01-30,20:35:39,695.0
6907,315,123,2,420,0,Cash,2026-05-02,18:20:01,840.0
6908,227,113,2,220,0,UPI,2026-04-17,19:32:10,440.0
6909,13,118,3,150,5,Cash,2026-04-29,12:19:06,427.5
6910,216,125,2,120,15,UPI,2026-05-30,13:24:08,204.0
6911,450,119,1,220,0,UPI,2026-04-27,14:56:18,220.0
6912,354,119,4,220,0,UPI,2026-01-11,20:21:16,880.0
6913,332,120,1,120,0,UPI,2026-01-02,13:00:20,120.0
6914,185,122,2,320,0,Cash,2026-01-25,13:53:10,640.0
6915,28,110,1,280,5,UPI,2026-01-06,18:05:47,266.0
6916,261,129,2,180,0,UPI,2026-02-20,19:32:29,360.0
6917,219,104,2,390,10,Card,2026-02-01,13:13:47,702.0
6918,128,117,1,130,0,UPI,2026-01-22,12:51:14,130.0
6919,380,124,1,180,0,UPI,2026-03-14,19:58:56,180.0
6920,14,116,3,120,0,Cash,2026-03-30,21:04:46,360.0
6921,155,123,3,420,10,UPI,2026-02-28,13:13:49,1134.0
6922,185,122,1,320,0,UPI,2026-06-18,19:55:06,320.0
6923,359,115,1,150,0,UPI,2026-01-25,12:17:05,150.0
6924,237,105,3,420,0,UPI,2026-06-20,11:53:56,1260.0
6925,390,117,2,130,15,Cash,2026-02-11,13:32:05,221.0
6926,23,111,2,320,0,Card,2026-02-07,12:06:07,640.0
6927,194,109,1,650,0,UPI,2026-03-26,11:31:45,650.0
6928,453,106,5,300,0,UPI,2026-05-26,13:33:44,1500.0
6929,22,104,3,390,0,UPI,2026-02-11,20:15:43,1170.0
6930,291,105,2,420,0,Card,2026-01-13,21:11:54,840.0
6931,338,102,1,380,0,Card,2026-02-13,20:05:14,380.0
6932,273,121,1,350,0,UPI,2026-01-03,19:45:33,350.0
6933,116,107,1,695,0,UPI,2026-02-18,14:14:18,695.0
6934,288,124,2,180,0,UPI,2026-03-23,21:26:30,360.0
6935,94,118,2,150,5,UPI,2026-01-31,12:54:44,285.0
6936,383,119,1,220,0,UPI,2026-01-07,12:58:55,220.0
6937,277,107,2,695,15,UPI,2026-03-31,13:49:06,1181.5
6938,383,130,2,220,0,Card,2026-04-06,14:41:04,440.0
6939,447,105,1,420,0,UPI,2026-01-21,22:47:43,420.0
6940,492,105,1,420,0,UPI,2026-06-01,14:05:24,420.0
6941,87,126,1,60,0,UPI,2026-01-29,13:49:09,60.0
6942,493,123,2,420,0,UPI,2026-02-01,20:15:52,840.0
6943,320,113,1,220,0,Card,2026-06-02,19:37:08,220.0
6944,470,103,1,320,5,UPI,2026-03-20,21:49:18,304.0
6945,438,102,1,380,0,Card,2026-04-26,19:57:21,380.0
6946,251,110,1,280,0,UPI,2026-06-07,13:16:04,280.0
6947,268,105,1,420,5,UPI,2026-01-31,12:07:18,399.0
6948,41,114,2,180,5,Card,2026-04-04,21:09:11,342.0
6949,166,120,2,120,5,UPI,2026-02-23,19:34:24,228.0
6950,295,115,4,150,15,UPI,2026-03-02,14:03:00,510.0
6951,186,125,5,120,0,UPI,2026-02-14,20:09:02,600.0
6952,121,114,1,180,5,UPI,2026-06-26,12:16:23,171.0
6953,146,129,4,180,0,UPI,2026-05-13,19:02:22,720.0
6954,462,124,3,180,0,Card,2026-05-03,12:40:41,540.0
6955,216,129,2,180,0,UPI,2026-01-01,19:03:31,360.0
6956,500,102,1,380,5,Card,2026-02-05,14:56:48,361.0
6957,12,107,1,695,0,UPI,2026-01-25,13:32:28,695.0
6958,405,110,4,280,5,Card,2026-06-18,19:14:55,1064.0
6959,161,101,1,695,0,UPI,2026-01-10,13:08:42,695.0
6960,444,106,1,300,0,UPI,2026-01-09,20:43:10,300.0
6961,286,117,2,130,0,Card,2026-05-16,13:20:18,260.0
6962,449,116,3,120,0,UPI,2026-04-09,13:41:36,360.0
6963,195,102,3,380,0,Card,2026-06-10,22:17:43,1140.0
6964,253,115,1,150,10,Card,2026-05-14,21:35:59,135.0
6965,447,104,2,390,0,UPI,2026-01-19,14:07:41,780.0
6966,181,103,1,320,5,Card,2026-02-21,21:19:55,304.0
6967,230,123,4,420,0,Cash,2026-05-24,13:21:59,1680.0
6968,353,121,3,350,0,UPI,2026-04-09,13:55:47,1050.0
6969,415,107,3,695,0,UPI,2026-04-30,19:47:26,2085.0
6970,404,117,1,130,10,UPI,2026-06-14,12:30:56,117.0
6971,190,120,2,120,0,Card,2026-03-01,13:11:52,240.0
6972,278,123,1,420,10,Card,2026-01-17,14:16:17,378.0
6973,492,102,2,380,0,UPI,2026-03-11,19:26:48,760.0
6974,237,103,3,320,0,UPI,2026-03-27,20:19:30,960.0
6975,43,105,1,420,0,Card,2026-06-03,13:57:40,420.0
6976,46,120,1,120,0,Card,2026-02-04,14:43:47,120.0
6977,13,102,1,380,0,UPI,2026-01-03,18:37:12,380.0
6978,217,111,1,320,0,UPI,2026-02-22,18:15:13,320.0
6979,406,128,1,150,0,UPI,2026-03-05,12:09:12,150.0
6980,440,104,4,390,5,UPI,2026-01-26,19:13:29,1482.0
6981,293,105,1,420,0,Card,2026-05-08,14:26:51,420.0
6982,468,121,3,350,0,Cash,2026-01-07,13:42:17,1050.0
6983,472,116,2,120,5,Card,2026-03-25,20:00:13,228.0
6984,276,112,2,240,0,Cash,2026-03-25,12:46:34,480.0
6985,374,123,5,420,10,Card,2026-04-10,19:23:18,1890.0
6986,418,101,2,695,0,Cash,2026-03-03,12:04:53,1390.0
6987,428,128,1,150,0,UPI,2026-06-21,19:37:07,150.0
6988,490,108,1,695,15,UPI,2026-04-07,14:12:26,590.75
6989,192,123,3,420,0,Card,2026-02-05,13:57:50,1260.0
6990,261,124,2,180,10,UPI,2026-04-28,20:17:43,324.0
6991,73,105,2,420,5,UPI,2026-05-01,12:32:40,798.0
6992,181,104,2,390,5,Card,2026-06-01,11:41:23,741.0
6993,462,113,1,220,0,UPI,2026-01-26,13:32:21,220.0
6994,301,125,2,120,0,UPI,2026-02-28,19:27:56,240.0
6995,342,106,1,300,0,UPI,2026-03-19,12:50:31,300.0
6996,13,108,1,695,10,UPI,2026-04-12,11:52:32,625.5
6997,15,115,1,150,0,UPI,2026-01-07,13:24:57,150.0
6998,378,129,3,180,10,Card,2026-01-12,12:12:02,486.0
6999,176,102,2,380,10,UPI,2026-02-06,13:29:00,684.0
7000,254,113,1,220,0,UPI,2026-03-17,11:45:34,220.0
7001,219,120,4,120,5,Cash,2026-06-18,14:51:29,456.0
7002,296,125,3,120,5,UPI,2026-03-17,13:17:16,342.0
7003,362,122,1,320,10,UPI,2026-04-28,13:17:52,288.0
7004,43,117,2,130,0,Card,2026-03-13,12:49:11,260.0
7005,236,110,1,280,5,Cash,2026-01-19,14:51:56,266.0
7006,269,105,4,420,0,UPI,2026-03-21,19:48:55,1680.0
7007,283,102,1,380,15,Card,2026-05-02,13:58:02,323.0
7008,49,123,1,420,0,UPI,2026-06-05,19:11:18,420.0
7009,259,105,1,420,5,Cash,2026-04-24,22:44:04,399.0
7010,401,102,1,380,0,UPI,2026-02-06,19:44:33,380.0
7011,4,120,1,120,0,Card,2026-05-07,18:59:34,120.0
7012,378,118,3,150,0,UPI,2026-03-07,12:23:25,450.0
7013,390,101,4,695,10,Card,2026-03-24,19:44:23,2502.0
7014,219,105,1,420,0,UPI,2026-01-01,21:11:22,420.0
7015,145,123,2,420,0,Card,2026-04-07,21:24:15,840.0
7016,270,126,1,60,5,Cash,2026-03-27,19:57:51,57.0
7017,180,114,5,180,0,UPI,2026-04-08,14:54:11,900.0
7018,21,117,1,130,0,UPI,2026-06-25,18:40:15,130.0
7019,90,110,1,280,0,UPI,2026-03-30,13:16:25,280.0
7020,327,108,1,695,5,Card,2026-02-23,13:12:41,660.25
7021,22,102,2,380,10,UPI,2026-06-24,11:00:45,684.0
7022,499,130,1,220,0,Cash,2026-03-19,19:37:57,220.0
7023,130,126,2,60,0,UPI,2026-03-08,18:05:27,120.0
7024,491,101,1,695,0,UPI,2026-05-06,21:12:13,695.0
7025,337,115,1,150,0,UPI,2026-06-18,20:36:47,150.0
7026,251,102,1,380,0,Cash,2026-05-01,13:59:41,380.0
7027,360,107,1,695,0,Card,2026-04-12,12:12:36,695.0
7028,310,103,1,320,0,UPI,2026-05-31,14:46:08,320.0
7029,497,118,1,150,10,UPI,2026-06-21,20:40:07,135.0
7030,304,105,3,420,0,Card,2026-05-22,21:17:37,1260.0
7031,264,118,2,150,0,Card,2026-03-08,18:21:50,300.0
7032,120,119,2,220,0,UPI,2026-02-26,12:59:14,440.0
7033,223,121,2,350,5,UPI,2026-01-21,19:40:53,665.0
7034,86,108,1,695,5,Card,2026-03-12,13:07:31,660.25
7035,366,113,2,220,5,UPI,2026-06-28,20:28:09,418.0
7036,483,116,2,120,0,UPI,2026-02-10,12:52:25,240.0
7037,16,108,1,695,0,Cash,2026-01-26,13:38:51,695.0
7038,431,129,2,180,0,UPI,2026-03-11,22:39:14,360.0
7039,429,112,2,240,0,UPI,2026-06-21,20:38:00,480.0
7040,466,112,2,240,0,UPI,2026-03-16,18:14:28,480.0
7041,250,106,1,300,15,UPI,2026-01-03,18:09:34,255.0
7042,346,118,1,150,0,UPI,2026-05-30,19:23:27,150.0
7043,396,105,1,420,0,UPI,2026-01-07,19:31:15,420.0
7044,250,105,1,420,10,UPI,2026-02-17,13:36:47,378.0
7045,213,109,3,650,0,UPI,2026-03-04,14:27:25,1950.0
7046,335,104,1,390,0,Cash,2026-02-16,22:57:11,390.0
7047,350,127,3,90,0,UPI,2026-03-07,19:22:33,270.0
7048,76,119,3,220,0,Card,2026-04-03,20:25:26,660.0
7049,333,116,1,120,5,UPI,2026-05-23,21:23:22,114.0
7050,386,107,2,695,0,UPI,2026-05-06,20:31:31,1390.0
7051,209,104,4,390,5,Card,2026-01-22,21:12:44,1482.0
7052,126,118,1,150,5,Card,2026-05-14,13:30:28,142.5
7053,320,104,2,390,0,UPI,2026-02-01,19:18:40,780.0
7054,444,108,1,695,0,Card,2026-02-14,11:01:58,695.0
7055,270,105,1,420,0,UPI,2026-01-14,14:02:01,420.0
7056,358,101,5,695,0,UPI,2026-01-22,19:13:16,3475.0
7057,316,101,2,695,0,Cash,2026-02-22,21:01:31,1390.0
7058,351,105,3,420,5,Card,2026-01-30,14:50:35,1197.0
7059,332,117,1,130,0,Card,2026-05-07,18:36:01,130.0
7060,247,106,2,300,0,Cash,2026-04-02,12:44:42,600.0
7061,310,125,1,120,10,Cash,2026-06-29,14:48:29,108.0
7062,232,117,4,130,0,Card,2026-05-03,13:39:36,520.0
7063,397,127,2,90,0,Card,2026-06-06,11:40:11,180.0
7064,209,123,1,420,0,UPI,2026-04-30,19:39:04,420.0
7065,257,118,2,150,0,Card,2026-05-11,12:10:44,300.0
7066,483,103,4,320,0,UPI,2026-04-25,13:56:42,1280.0
7067,496,102,1,380,0,UPI,2026-04-21,19:30:36,380.0
7068,165,121,1,350,5,UPI,2026-03-29,19:00:04,332.5
7069,214,116,2,120,10,UPI,2026-04-06,13:36:15,216.0
7070,325,128,5,150,0,Card,2026-03-29,13:11:40,750.0
7071,411,129,1,180,0,UPI,2026-03-29,18:44:52,180.0
7072,354,104,1,390,0,UPI,2026-01-23,20:44:23,390.0
7073,491,120,2,120,0,UPI,2026-05-20,12:01:09,240.0
7074,117,103,1,320,0,UPI,2026-05-03,19:06:13,320.0
7075,328,129,3,180,0,Card,2026-03-26,19:02:14,540.0
7076,67,123,1,420,10,Card,2026-06-03,19:01:44,378.0
7077,24,116,1,120,0,UPI,2026-06-22,20:41:06,120.0
7078,195,119,1,220,10,UPI,2026-03-18,18:16:55,198.0
7079,40,101,3,695,0,UPI,2026-04-13,18:21:39,2085.0
7080,36,111,3,320,5,Card,2026-05-02,19:29:18,912.0
7081,222,121,4,350,15,UPI,2026-06-29,13:53:09,1190.0
7082,146,118,4,150,0,UPI,2026-04-09,12:07:23,600.0
7083,296,103,2,320,10,Cash,2026-05-17,21:06:06,576.0
7084,377,105,4,420,0,Card,2026-04-15,12:04:22,1680.0
7085,196,110,1,280,0,Card,2026-05-10,12:28:57,280.0
7086,117,120,1,120,0,UPI,2026-01-24,21:45:20,120.0
7087,485,103,3,320,5,Cash,2026-03-02,12:57:33,912.0
7088,471,105,2,420,10,UPI,2026-03-03,21:40:52,756.0
7089,87,120,2,120,0,UPI,2026-05-05,12:55:11,240.0
7090,458,114,2,180,15,UPI,2026-04-29,13:07:32,306.0
7091,90,106,1,300,15,Cash,2026-06-10,19:32:07,255.0
7092,292,116,1,120,0,UPI,2026-04-19,21:55:23,120.0
7093,490,115,1,150,0,UPI,2026-01-26,19:53:31,150.0
7094,446,122,5,320,0,UPI,2026-01-13,12:42:00,1600.0
7095,473,101,1,695,0,Cash,2026-06-20,19:47:13,695.0
7096,206,107,4,695,0,Card,2026-05-10,19:51:51,2780.0
7097,398,108,5,695,0,UPI,2026-03-20,13:30:25,3475.0
7098,317,114,2,180,0,Card,2026-01-08,13:13:45,360.0
7099,258,116,1,120,0,UPI,2026-02-21,12:11:23,120.0
7100,298,104,2,390,0,UPI,2026-03-20,18:48:59,780.0
7101,201,112,2,240,10,UPI,2026-01-30,13:24:46,432.0
7102,131,120,2,120,5,Card,2026-01-13,21:39:18,228.0
7103,172,103,1,320,0,Cash,2026-03-18,13:19:36,320.0
7104,241,104,2,390,10,UPI,2026-03-18,19:02:08,702.0
7105,182,106,1,300,0,UPI,2026-01-10,13:45:22,300.0
7106,262,105,4,420,0,Card,2026-04-27,12:03:39,1680.0
7107,127,101,1,695,0,UPI,2026-05-11,13:00:53,695.0
7108,338,115,2,150,5,UPI,2026-06-14,12:54:41,285.0
7109,242,105,3,420,0,UPI,2026-06-09,12:39:01,1260.0
7110,177,105,5,420,0,UPI,2026-02-15,13:11:09,2100.0
7111,83,106,3,300,0,UPI,2026-06-12,13:43:38,900.0
7112,225,104,3,390,0,UPI,2026-04-08,19:46:35,1170.0
7113,466,130,1,220,0,UPI,2026-01-11,11:16:25,220.0
7114,453,117,1,130,15,Cash,2026-03-22,20:25:42,110.5
7115,351,114,2,180,10,Card,2026-03-22,13:38:15,324.0
7116,376,102,2,380,0,UPI,2026-03-18,19:41:14,760.0
7117,80,122,2,320,0,Cash,2026-02-11,19:49:38,640.0
7118,10,108,2,695,0,Card,2026-01-02,20:57:50,1390.0
7119,130,101,3,695,0,UPI,2026-05-26,14:48:14,2085.0
7120,109,119,1,220,0,UPI,2026-01-29,14:53:35,220.0
7121,151,112,2,240,0,UPI,2026-03-29,20:08:21,480.0
7122,300,105,1,420,0,UPI,2026-02-18,18:53:04,420.0
7123,192,115,3,150,0,UPI,2026-06-20,18:59:05,450.0
7124,67,105,1,420,0,Card,2026-06-24,18:15:20,420.0
7125,106,108,2,695,5,Card,2026-02-23,19:38:14,1320.5
7126,233,125,5,120,0,Card,2026-03-14,12:11:22,600.0
7127,378,102,1,380,0,Cash,2026-04-12,18:42:47,380.0
7128,311,130,2,220,0,UPI,2026-04-13,14:19:27,440.0
7129,182,121,1,350,10,Card,2026-04-15,14:22:04,315.0
7130,400,105,1,420,0,Cash,2026-05-19,20:57:22,420.0
7131,79,111,2,320,5,UPI,2026-04-20,11:27:06,608.0
7132,410,124,2,180,10,UPI,2026-03-26,21:48:55,324.0
7133,336,111,1,320,0,UPI,2026-01-19,19:40:55,320.0
7134,120,107,1,695,10,Card,2026-04-24,14:43:58,625.5
7135,10,120,1,120,0,Cash,2026-03-18,20:56:31,120.0
7136,218,101,1,695,0,UPI,2026-01-13,13:38:07,695.0
7137,103,125,2,120,0,UPI,2026-04-21,18:43:23,240.0
7138,425,126,2,60,0,Cash,2026-01-18,13:37:39,120.0
7139,214,118,1,150,0,UPI,2026-03-09,13:54:40,150.0
7140,263,106,1,300,10,UPI,2026-05-04,11:11:04,270.0
7141,363,103,1,320,10,UPI,2026-03-18,19:49:18,288.0
7142,146,103,1,320,10,UPI,2026-02-20,14:33:42,288.0
7143,109,116,2,120,0,UPI,2026-03-12,20:04:46,240.0
7144,322,113,1,220,0,UPI,2026-01-08,12:40:04,220.0
7145,495,127,1,90,0,Card,2026-01-09,12:27:58,90.0
7146,127,120,4,120,10,Cash,2026-03-02,19:15:26,432.0
7147,51,114,3,180,0,Card,2026-04-07,19:28:56,540.0
7148,196,106,2,300,0,Card,2026-01-17,19:42:18,600.0
7149,59,101,3,695,0,UPI,2026-03-07,20:00:18,2085.0
7150,468,129,2,180,0,Card,2026-04-17,13:30:54,360.0
7151,152,117,2,130,15,UPI,2026-06-17,19:41:29,221.0
7152,208,124,1,180,5,Card,2026-04-08,19:58:09,171.0
7153,427,101,4,695,0,Cash,2026-05-31,11:57:56,2780.0
7154,306,130,1,220,0,Cash,2026-05-03,18:46:15,220.0
7155,60,107,1,695,0,Card,2026-01-02,19:18:59,695.0
7156,287,105,1,420,0,UPI,2026-04-27,19:50:03,420.0
7157,271,123,2,420,0,UPI,2026-01-09,19:52:58,840.0
7158,298,103,1,320,0,UPI,2026-04-11,20:23:42,320.0
7159,83,116,1,120,0,UPI,2026-03-26,19:15:24,120.0
7160,78,112,2,240,10,UPI,2026-04-14,14:53:56,432.0
7161,186,121,1,350,0,UPI,2026-06-09,14:34:54,350.0
7162,60,117,1,130,0,UPI,2026-03-14,13:39:15,130.0
7163,203,102,1,380,0,UPI,2026-02-07,18:14:32,380.0
7164,230,119,3,220,10,UPI,2026-01-09,19:23:30,594.0
7165,296,120,4,120,0,UPI,2026-05-21,11:44:53,480.0
7166,172,111,1,320,0,Card,2026-05-03,19:19:40,320.0
7167,323,105,2,420,0,UPI,2026-02-09,13:06:59,840.0
7168,242,128,2,150,0,UPI,2026-03-07,13:09:32,300.0
7169,282,101,1,695,10,Card,2026-05-04,13:50:04,625.5
7170,147,130,1,220,5,Card,2026-04-09,12:56:35,209.0
7171,500,108,3,695,0,Card,2026-02-28,12:12:24,2085.0
7172,320,115,3,150,0,UPI,2026-05-05,21:59:03,450.0
7173,180,102,1,380,5,UPI,2026-02-14,13:57:51,361.0
7174,95,107,1,695,0,Card,2026-02-26,13:56:51,695.0
7175,263,105,1,420,15,UPI,2026-04-05,12:55:30,357.0
7176,156,123,2,420,10,Cash,2026-06-17,20:52:13,756.0
7177,491,105,4,420,0,UPI,2026-01-02,18:28:11,1680.0
7178,22,121,1,350,0,UPI,2026-06-16,19:26:29,350.0
7179,455,121,1,350,0,Card,2026-04-12,19:32:59,350.0
7180,187,103,1,320,0,Card,2026-05-12,20:55:04,320.0
7181,138,106,2,300,10,UPI,2026-01-11,18:30:53,540.0
7182,398,123,4,420,10,UPI,2026-02-01,13:18:20,1512.0
7183,343,115,4,150,0,UPI,2026-01-30,19:58:40,600.0
7184,281,113,1,220,0,UPI,2026-03-15,19:43:13,220.0
7185,246,118,1,150,0,Card,2026-03-07,21:16:39,150.0
7186,252,101,1,695,5,Card,2026-05-22,12:07:51,660.25
7187,393,101,1,695,0,UPI,2026-02-28,20:45:20,695.0
7188,369,125,4,120,0,Cash,2026-05-28,13:56:20,480.0
7189,248,121,1,350,5,Cash,2026-02-17,14:01:43,332.5
7190,117,107,2,695,0,UPI,2026-02-05,18:10:10,1390.0
7191,216,106,4,300,10,UPI,2026-02-20,18:38:14,1080.0
7192,176,114,4,180,0,Card,2026-05-06,19:32:32,720.0
7193,89,103,2,320,0,UPI,2026-02-20,19:53:06,640.0
7194,195,101,2,695,0,UPI,2026-03-24,21:08:49,1390.0
7195,191,106,2,300,0,Cash,2026-03-11,18:02:53,600.0
7196,4,127,2,90,0,UPI,2026-02-08,19:53:36,180.0
7197,327,117,1,130,0,Cash,2026-03-21,11:11:35,130.0
7198,206,103,2,320,0,Card,2026-01-10,20:05:23,640.0
7199,186,113,2,220,5,UPI,2026-04-30,12:17:04,418.0
7200,53,118,1,150,5,UPI,2026-02-01,13:26:11,142.5
7201,77,125,1,120,0,UPI,2026-05-10,14:39:26,120.0
7202,335,101,2,695,0,UPI,2026-04-13,20:57:48,1390.0
7203,184,102,3,380,10,UPI,2026-01-05,21:33:48,1026.0
7204,288,120,1,120,10,UPI,2026-05-28,19:19:17,108.0
7205,209,105,1,420,0,UPI,2026-01-01,13:07:50,420.0
7206,499,101,1,695,5,UPI,2026-02-12,18:01:27,660.25
7207,77,101,1,695,0,UPI,2026-06-03,20:00:34,695.0
7208,29,104,5,390,0,UPI,2026-06-25,20:45:38,1950.0
7209,212,103,1,320,15,UPI,2026-01-07,13:45:01,272.0
7210,294,110,1,280,5,UPI,2026-01-28,13:50:36,266.0
7211,66,105,1,420,0,UPI,2026-01-06,19:11:44,420.0
7212,13,103,1,320,0,Card,2026-02-27,14:58:30,320.0
7213,42,115,1,150,0,UPI,2026-06-28,13:51:06,150.0
7214,480,117,2,130,0,UPI,2026-02-08,13:27:11,260.0
7215,70,108,1,695,0,UPI,2026-01-21,21:58:03,695.0
7216,209,103,5,320,0,UPI,2026-02-13,18:44:30,1600.0
7217,365,102,4,380,0,UPI,2026-06-04,18:58:09,1520.0
7218,160,125,1,120,0,UPI,2026-05-02,18:09:12,120.0
7219,352,103,1,320,0,UPI,2026-04-15,14:01:40,320.0
7220,347,123,1,420,0,Card,2026-04-02,11:04:52,420.0
7221,499,102,1,380,0,UPI,2026-03-07,18:56:22,380.0
7222,478,104,5,390,0,UPI,2026-03-09,19:33:22,1950.0
7223,253,107,1,695,0,Cash,2026-05-17,19:05:44,695.0
7224,117,104,1,390,15,Card,2026-04-14,11:45:37,331.5
7225,497,126,3,60,10,UPI,2026-05-29,12:01:17,162.0
7226,320,119,3,220,5,UPI,2026-04-26,13:29:40,627.0
7227,487,102,2,380,5,UPI,2026-06-07,13:51:44,722.0
7228,143,122,2,320,5,UPI,2026-01-20,21:32:49,608.0
7229,301,126,1,60,0,UPI,2026-02-08,13:28:13,60.0
7230,479,106,4,300,0,UPI,2026-05-20,12:21:15,1200.0
7231,41,106,4,300,0,UPI,2026-04-06,18:16:21,1200.0
7232,247,101,2,695,0,Card,2026-04-28,20:50:27,1390.0
7233,394,106,3,300,10,Cash,2026-05-11,20:57:18,810.0
7234,221,114,2,180,0,UPI,2026-04-01,12:24:03,360.0
7235,297,127,2,90,0,Card,2026-06-27,19:12:42,180.0
7236,110,124,2,180,0,Card,2026-01-13,22:26:11,360.0
7237,259,128,2,150,0,Card,2026-05-21,22:12:51,300.0
7238,186,104,2,390,5,UPI,2026-06-30,13:11:03,741.0
7239,444,101,3,695,5,UPI,2026-02-10,14:17:30,1980.75
7240,420,122,3,320,5,Card,2026-03-04,11:54:28,912.0
7241,72,102,1,380,5,Card,2026-03-24,12:16:05,361.0
7242,64,112,3,240,0,Card,2026-05-06,20:41:44,720.0
7243,166,125,1,120,0,UPI,2026-02-08,14:15:38,120.0
7244,391,118,3,150,0,Card,2026-02-11,13:54:11,450.0
7245,159,104,1,390,10,UPI,2026-05-03,18:32:37,351.0
7246,253,102,3,380,0,Cash,2026-05-17,19:36:13,1140.0
7247,324,102,2,380,0,UPI,2026-06-16,20:29:15,760.0
7248,182,105,3,420,0,Card,2026-06-29,20:41:47,1260.0
7249,468,114,1,180,10,UPI,2026-04-20,13:35:38,162.0
7250,412,120,1,120,0,Cash,2026-05-06,19:42:05,120.0
7251,203,111,3,320,0,UPI,2026-02-22,18:16:54,960.0
7252,8,123,2,420,5,Cash,2026-02-17,13:27:07,798.0
7253,53,119,1,220,0,Card,2026-02-22,14:49:38,220.0
7254,312,121,2,350,0,Card,2026-02-15,18:16:00,700.0
7255,460,102,3,380,0,UPI,2026-06-07,11:34:20,1140.0
7256,228,121,1,350,0,UPI,2026-05-20,18:33:21,350.0
7257,323,116,1,120,0,UPI,2026-04-16,14:35:56,120.0
7258,221,119,1,220,0,UPI,2026-04-03,18:43:02,220.0
7259,27,104,1,390,0,UPI,2026-03-10,14:48:13,390.0
7260,15,119,1,220,0,Cash,2026-06-07,13:14:15,220.0
7261,499,115,1,150,0,Cash,2026-01-29,21:54:15,150.0
7262,82,110,3,280,5,UPI,2026-06-03,13:48:08,798.0
7263,398,121,1,350,5,UPI,2026-02-14,12:34:20,332.5
7264,329,113,2,220,5,UPI,2026-03-25,18:27:04,418.0
7265,369,115,1,150,0,UPI,2026-04-21,20:51:53,150.0
7266,344,115,1,150,0,UPI,2026-03-19,19:01:57,150.0
7267,440,101,1,695,0,UPI,2026-04-03,20:21:15,695.0
7268,254,101,1,695,0,UPI,2026-05-08,13:36:18,695.0
7269,315,105,1,420,0,Card,2026-06-22,13:45:50,420.0
7270,21,105,1,420,5,UPI,2026-06-21,14:37:44,399.0
7271,72,103,1,320,0,UPI,2026-05-17,12:55:48,320.0
7272,167,110,2,280,0,UPI,2026-02-09,20:14:07,560.0
7273,40,108,1,695,15,Card,2026-02-06,11:33:30,590.75
7274,407,121,1,350,0,UPI,2026-01-14,18:08:58,350.0
7275,442,101,4,695,0,UPI,2026-06-19,20:24:08,2780.0
7276,351,113,1,220,15,UPI,2026-04-01,19:49:24,187.0
7277,30,103,3,320,5,UPI,2026-01-11,19:52:46,912.0
7278,239,102,2,380,15,UPI,2026-04-05,19:04:26,646.0
7279,310,127,2,90,10,Card,2026-01-20,18:40:02,162.0
7280,239,111,1,320,5,UPI,2026-04-04,12:15:01,304.0
7281,217,123,1,420,15,Card,2026-06-23,19:40:47,357.0
7282,57,116,2,120,0,Card,2026-01-22,19:10:45,240.0
7283,457,117,2,130,5,UPI,2026-05-27,18:52:51,247.0
7284,96,121,1,350,0,Card,2026-04-18,14:11:40,350.0
7285,60,125,2,120,0,UPI,2026-01-10,20:20:01,240.0
7286,197,118,3,150,10,Card,2026-05-01,18:01:30,405.0
7287,498,103,4,320,0,Cash,2026-05-15,14:18:02,1280.0
7288,356,102,3,380,0,UPI,2026-03-28,11:58:53,1140.0
7289,301,118,2,150,10,UPI,2026-06-29,19:45:11,270.0
7290,212,126,1,60,10,UPI,2026-03-16,12:01:10,54.0
7291,267,130,1,220,5,UPI,2026-03-07,13:04:18,209.0
7292,67,120,2,120,0,Card,2026-05-30,19:13:40,240.0
7293,121,118,3,150,0,Card,2026-02-05,19:53:22,450.0
7294,363,111,2,320,0,UPI,2026-01-01,11:06:23,640.0
7295,265,107,2,695,10,UPI,2026-04-18,19:18:38,1251.0
7296,26,116,1,120,0,Cash,2026-06-17,13:10:26,120.0
7297,216,106,2,300,0,Cash,2026-06-20,14:36:11,600.0
7298,366,124,3,180,0,UPI,2026-04-28,20:26:23,540.0
7299,440,106,1,300,15,UPI,2026-05-07,21:45:42,255.0
7300,423,129,1,180,5,Card,2026-06-21,22:29:49,171.0
7301,309,108,2,695,0,UPI,2026-06-26,19:29:50,1390.0
7302,109,121,1,350,0,UPI,2026-04-06,13:38:46,350.0
7303,151,110,1,280,0,UPI,2026-03-19,14:56:07,280.0
7304,237,119,1,220,5,UPI,2026-06-10,18:14:17,209.0
7305,363,115,2,150,0,UPI,2026-04-07,11:51:22,300.0
7306,16,128,1,150,0,Cash,2026-02-08,11:23:11,150.0
7307,402,118,1,150,0,UPI,2026-06-08,18:34:24,150.0
7308,422,111,1,320,0,UPI,2026-03-18,13:03:34,320.0
7309,78,108,2,695,0,UPI,2026-06-28,19:08:25,1390.0
7310,341,124,1,180,0,UPI,2026-05-09,14:55:07,180.0
7311,207,107,5,695,0,Card,2026-01-09,18:04:17,3475.0
7312,472,107,2,695,5,UPI,2026-05-19,21:40:33,1320.5
7313,273,101,2,695,0,Card,2026-01-10,13:59:18,1390.0
7314,365,122,3,320,0,UPI,2026-03-03,14:16:02,960.0
7315,462,102,1,380,0,UPI,2026-02-27,21:06:14,380.0
7316,373,111,3,320,0,Cash,2026-01-06,21:12:37,960.0
7317,324,129,4,180,0,UPI,2026-01-23,20:38:34,720.0
7318,45,127,3,90,0,UPI,2026-02-23,13:41:18,270.0
7319,497,102,3,380,0,Card,2026-02-05,21:37:25,1140.0
7320,251,115,1,150,5,Card,2026-05-17,20:37:47,142.5
7321,162,123,1,420,5,Card,2026-05-06,13:02:39,399.0
7322,110,103,5,320,10,UPI,2026-01-15,21:26:54,1440.0
7323,59,101,1,695,0,UPI,2026-06-15,20:41:14,695.0
7324,46,108,2,695,0,UPI,2026-03-18,11:04:16,1390.0
7325,384,116,1,120,5,UPI,2026-03-21,18:58:52,114.0
7326,20,118,2,150,0,UPI,2026-01-03,12:26:00,300.0
7327,100,119,1,220,0,UPI,2026-04-24,19:05:31,220.0
7328,166,120,1,120,0,Cash,2026-06-16,21:21:40,120.0
7329,425,110,2,280,0,UPI,2026-02-03,12:29:36,560.0
7330,442,125,2,120,10,UPI,2026-04-30,19:36:00,216.0
7331,228,101,1,695,0,UPI,2026-06-27,13:50:45,695.0
7332,295,129,2,180,0,UPI,2026-06-17,13:41:24,360.0
7333,150,122,1,320,0,UPI,2026-01-20,21:34:06,320.0
7334,234,103,1,320,0,UPI,2026-01-16,12:39:01,320.0
7335,349,130,1,220,0,UPI,2026-06-13,18:04:19,220.0
7336,473,101,1,695,0,UPI,2026-05-15,12:39:28,695.0
7337,32,120,2,120,5,UPI,2026-06-03,22:38:35,228.0
7338,424,124,2,180,0,UPI,2026-02-28,20:40:34,360.0
7339,274,104,1,390,10,UPI,2026-04-04,21:51:27,351.0
7340,353,105,1,420,0,Card,2026-03-08,13:47:14,420.0
7341,86,125,2,120,10,Card,2026-03-29,19:01:00,216.0
7342,381,114,1,180,0,UPI,2026-06-24,13:40:37,180.0
7343,16,122,3,320,10,UPI,2026-02-06,13:54:34,864.0
7344,385,126,2,60,0,Card,2026-04-11,13:18:59,120.0
7345,329,121,4,350,10,Card,2026-04-10,14:58:46,1260.0
7346,96,108,1,695,0,Card,2026-02-02,19:33:47,695.0
7347,403,119,2,220,0,Card,2026-05-21,13:23:38,440.0
7348,187,101,1,695,5,UPI,2026-06-13,12:01:32,660.25
7349,218,125,2,120,0,UPI,2026-06-05,12:02:04,240.0
7350,370,119,1,220,0,UPI,2026-01-24,11:05:29,220.0
7351,147,123,1,420,0,UPI,2026-03-30,18:01:08,420.0
7352,419,108,1,695,0,Card,2026-03-27,22:00:30,695.0
7353,116,121,1,350,5,Cash,2026-04-28,13:49:59,332.5
7354,43,114,2,180,0,UPI,2026-03-08,20:19:47,360.0
7355,219,107,2,695,0,UPI,2026-01-17,13:52:17,1390.0
7356,15,105,2,420,5,Cash,2026-01-11,19:58:07,798.0
7357,436,105,3,420,10,UPI,2026-03-11,13:53:55,1134.0
7358,457,106,2,300,0,Card,2026-03-19,14:48:32,600.0
7359,362,107,2,695,10,UPI,2026-02-26,12:09:07,1251.0
7360,175,116,1,120,0,UPI,2026-01-31,12:37:26,120.0
7361,23,118,1,150,0,UPI,2026-01-06,18:24:21,150.0
7362,321,103,2,320,0,Card,2026-06-16,13:27:18,640.0
7363,475,101,2,695,5,UPI,2026-06-29,12:23:13,1320.5
7364,491,111,1,320,0,UPI,2026-05-13,19:16:24,320.0
7365,411,123,2,420,5,UPI,2026-06-20,19:09:51,798.0
7366,438,120,2,120,0,Cash,2026-04-06,13:19:00,240.0
7367,154,109,1,650,10,UPI,2026-04-12,19:48:28,585.0
7368,382,103,2,320,0,UPI,2026-01-06,14:49:38,640.0
7369,133,101,2,695,0,UPI,2026-01-16,13:08:25,1390.0
7370,383,126,2,60,10,UPI,2026-03-09,20:02:08,108.0
7371,485,114,2,180,0,UPI,2026-03-14,13:33:03,360.0
7372,75,105,1,420,0,Card,2026-05-24,14:48:07,420.0
7373,266,102,2,380,0,Card,2026-04-13,12:49:22,760.0
7374,201,120,1,120,0,Cash,2026-03-18,18:54:19,120.0
7375,33,118,3,150,5,UPI,2026-03-24,14:59:17,427.5
7376,287,109,2,650,5,Cash,2026-03-14,21:06:25,1235.0
7377,474,112,1,240,0,UPI,2026-04-11,18:16:10,240.0
7378,397,109,2,650,5,Card,2026-01-22,18:08:50,1235.0
7379,458,103,2,320,0,UPI,2026-02-03,13:02:30,640.0
7380,489,106,1,300,0,UPI,2026-05-05,14:29:26,300.0
7381,134,121,5,350,5,UPI,2026-04-14,14:24:34,1662.5
7382,88,122,1,320,0,UPI,2026-01-22,21:22:20,320.0
7383,40,123,2,420,0,UPI,2026-03-31,19:56:13,840.0
7384,331,122,5,320,0,Cash,2026-06-09,12:36:24,1600.0
7385,417,121,2,350,0,UPI,2026-01-17,13:34:33,700.0
7386,418,105,1,420,0,Card,2026-03-20,12:58:00,420.0
7387,188,110,2,280,0,UPI,2026-05-16,18:25:59,560.0
7388,41,102,1,380,0,Card,2026-04-18,18:04:01,380.0
7389,470,113,1,220,0,UPI,2026-01-15,12:24:08,220.0
7390,206,108,2,695,0,UPI,2026-02-27,11:07:45,1390.0
7391,61,102,2,380,0,Cash,2026-05-14,21:11:27,760.0
7392,410,106,2,300,0,Card,2026-01-29,21:27:10,600.0
7393,156,118,1,150,0,Card,2026-06-24,13:14:28,150.0
7394,319,106,1,300,0,UPI,2026-03-30,13:51:24,300.0
7395,490,118,1,150,5,Card,2026-05-22,20:12:29,142.5
7396,309,120,2,120,0,Card,2026-06-06,19:48:29,240.0
7397,32,105,2,420,0,UPI,2026-03-20,19:24:46,840.0
7398,81,127,1,90,0,Cash,2026-03-22,14:28:09,90.0
7399,50,129,2,180,0,UPI,2026-06-17,11:05:42,360.0
7400,337,118,1,150,0,UPI,2026-04-02,18:16:57,150.0
7401,326,105,1,420,5,Cash,2026-01-05,13:47:14,399.0
7402,112,120,1,120,5,UPI,2026-02-06,21:37:18,114.0
7403,497,104,5,390,5,Cash,2026-06-27,13:20:30,1852.5
7404,8,124,2,180,5,UPI,2026-02-09,12:18:45,342.0
7405,290,107,1,695,0,Card,2026-06-09,18:15:50,695.0
7406,196,110,3,280,0,Card,2026-05-05,21:25:29,840.0
7407,198,115,2,150,0,Cash,2026-05-08,18:46:53,300.0
7408,194,117,3,130,0,Card,2026-04-17,12:43:58,390.0
7409,89,118,1,150,10,UPI,2026-06-14,19:34:10,135.0
7410,328,117,2,130,5,UPI,2026-01-07,20:54:08,247.0
7411,390,123,2,420,5,UPI,2026-04-12,13:54:50,798.0
7412,419,108,2,695,10,Card,2026-03-31,19:49:13,1251.0
7413,354,123,2,420,0,Card,2026-01-24,14:11:40,840.0
7414,387,104,1,390,0,Card,2026-04-21,20:56:21,390.0
7415,443,106,1,300,0,Card,2026-06-24,21:53:55,300.0
7416,53,106,1,300,0,Cash,2026-06-02,13:51:43,300.0
7417,214,124,1,180,0,UPI,2026-06-12,12:38:44,180.0
7418,106,116,1,120,0,UPI,2026-05-30,19:21:49,120.0
7419,360,124,1,180,0,UPI,2026-05-01,20:46:19,180.0
7420,392,105,2,420,0,Cash,2026-01-10,13:29:02,840.0
7421,54,108,4,695,0,UPI,2026-01-27,19:04:27,2780.0
7422,128,105,4,420,0,UPI,2026-05-19,13:05:00,1680.0
7423,14,113,1,220,10,Cash,2026-03-02,13:52:03,198.0
7424,437,102,1,380,5,Card,2026-06-23,12:25:26,361.0
7425,123,102,1,380,10,UPI,2026-05-18,14:50:35,342.0
7426,53,103,2,320,0,Cash,2026-06-14,20:05:26,640.0
7427,381,102,5,380,5,UPI,2026-01-15,13:40:36,1805.0
7428,77,116,2,120,0,UPI,2026-04-18,20:11:18,240.0
7429,214,123,1,420,0,UPI,2026-01-23,20:05:01,420.0
7430,325,108,2,695,0,Cash,2026-03-17,19:07:14,1390.0
7431,136,110,2,280,0,UPI,2026-01-27,19:13:08,560.0
7432,26,118,2,150,5,UPI,2026-03-08,19:01:08,285.0
7433,205,119,3,220,0,Cash,2026-02-01,14:07:51,660.0
7434,138,119,1,220,0,Card,2026-04-21,13:22:40,220.0
7435,204,126,1,60,0,UPI,2026-02-07,20:27:34,60.0
7436,63,114,2,180,0,UPI,2026-02-28,18:48:22,360.0
7437,33,127,1,90,5,UPI,2026-01-19,13:19:30,85.5
7438,21,103,2,320,0,Card,2026-06-17,12:48:44,640.0
7439,225,124,1,180,5,UPI,2026-01-05,14:20:15,171.0
7440,129,105,1,420,0,UPI,2026-03-21,20:20:19,420.0
7441,48,107,1,695,5,UPI,2026-06-23,12:04:50,660.25
7442,110,113,2,220,15,Card,2026-06-07,19:42:44,374.0
7443,239,127,2,90,0,Cash,2026-04-22,13:52:23,180.0
7444,19,125,2,120,0,Card,2026-01-25,13:25:37,240.0
7445,170,120,2,120,10,UPI,2026-06-20,20:21:12,216.0
7446,154,116,4,120,0,UPI,2026-02-22,18:56:09,480.0
7447,66,102,1,380,5,UPI,2026-05-16,14:42:07,361.0
7448,303,119,3,220,0,Cash,2026-01-25,19:27:00,660.0
7449,342,118,1,150,0,UPI,2026-03-14,21:39:29,150.0
7450,143,103,1,320,10,UPI,2026-04-10,12:44:09,288.0
7451,236,110,1,280,15,Cash,2026-04-17,13:26:41,238.0
7452,257,106,1,300,0,UPI,2026-05-22,19:37:50,300.0
7453,351,130,1,220,0,UPI,2026-05-06,20:01:38,220.0
7454,232,103,4,320,0,Card,2026-03-27,14:06:22,1280.0
7455,220,107,1,695,15,UPI,2026-01-11,20:21:13,590.75
7456,348,116,1,120,0,UPI,2026-05-28,13:03:47,120.0
7457,112,107,2,695,10,Card,2026-04-10,12:45:14,1251.0
7458,330,101,2,695,5,UPI,2026-05-04,19:05:15,1320.5
7459,396,105,2,420,10,Card,2026-05-28,19:38:54,756.0
7460,33,105,5,420,0,Card,2026-05-27,14:23:36,2100.0
7461,392,102,1,380,0,UPI,2026-01-28,12:20:34,380.0
7462,173,130,1,220,5,Card,2026-03-15,14:28:36,209.0
7463,110,107,1,695,0,UPI,2026-06-28,11:19:01,695.0
7464,192,104,4,390,0,UPI,2026-03-09,19:18:59,1560.0
7465,194,122,3,320,5,UPI,2026-02-06,22:56:28,912.0
7466,231,124,1,180,5,UPI,2026-04-14,21:29:21,171.0
7467,457,101,1,695,0,Card,2026-03-25,20:44:39,695.0
7468,296,114,1,180,0,UPI,2026-05-20,18:44:47,180.0
7469,193,108,1,695,0,UPI,2026-03-31,13:20:15,695.0
7470,230,109,3,650,0,UPI,2026-02-02,19:00:25,1950.0
7471,192,116,1,120,10,Card,2026-04-20,22:21:32,108.0
7472,212,114,2,180,0,Card,2026-02-11,18:46:41,360.0
7473,234,105,4,420,0,UPI,2026-06-24,11:00:58,1680.0
7474,353,119,1,220,0,Card,2026-03-27,20:37:14,220.0
7475,383,123,1,420,5,Cash,2026-05-06,19:49:15,399.0
7476,438,101,2,695,0,UPI,2026-01-18,20:24:34,1390.0
7477,412,107,1,695,0,UPI,2026-02-22,12:38:38,695.0
7478,442,101,1,695,0,Card,2026-03-16,11:27:45,695.0
7479,420,102,2,380,0,UPI,2026-03-01,18:50:34,760.0
7480,471,130,2,220,5,UPI,2026-02-25,18:11:50,418.0
7481,300,121,1,350,10,Card,2026-04-25,18:13:57,315.0
7482,242,105,1,420,5,Cash,2026-02-28,21:36:01,399.0
7483,98,125,1,120,15,Card,2026-06-07,13:25:01,102.0
7484,381,104,1,390,0,Card,2026-06-24,19:22:08,390.0
7485,16,113,2,220,0,UPI,2026-05-30,13:49:37,440.0
7486,132,102,1,380,0,UPI,2026-06-18,20:06:27,380.0
7487,124,120,1,120,0,Cash,2026-02-09,21:10:29,120.0
7488,357,105,2,420,0,UPI,2026-06-07,19:41:53,840.0
7489,340,102,3,380,0,Card,2026-01-08,22:20:10,1140.0
7490,196,108,2,695,0,UPI,2026-01-22,14:43:03,1390.0
7491,122,103,1,320,5,Cash,2026-01-27,14:05:56,304.0
7492,337,102,4,380,0,Card,2026-06-07,18:18:09,1520.0
7493,485,128,1,150,10,Cash,2026-01-13,12:40:16,135.0
7494,380,120,1,120,0,Card,2026-03-11,13:33:43,120.0
7495,397,104,4,390,0,Card,2026-01-22,18:16:33,1560.0
7496,419,102,5,380,0,UPI,2026-06-16,19:22:11,1900.0
7497,181,119,1,220,0,Cash,2026-04-16,19:14:12,220.0
7498,309,110,1,280,0,UPI,2026-01-15,14:03:35,280.0
7499,57,105,1,420,0,UPI,2026-03-05,13:37:56,420.0
7500,26,103,1,320,0,UPI,2026-05-19,12:57:23,320.0
7501,249,125,4,120,0,UPI,2026-05-24,20:43:19,480.0
7502,94,120,2,120,0,Cash,2026-05-24,19:32:27,240.0
7503,167,111,1,320,0,UPI,2026-06-07,12:42:30,320.0
7504,364,115,1,150,0,UPI,2026-02-25,11:08:49,150.0
7505,346,129,1,180,10,UPI,2026-05-02,14:51:29,162.0
7506,367,123,3,420,0,UPI,2026-02-13,14:17:48,1260.0
7507,302,116,3,120,10,UPI,2026-05-23,19:30:04,324.0
7508,488,101,3,695,0,UPI,2026-05-20,13:48:04,2085.0
7509,1,126,3,60,0,Card,2026-05-19,18:11:35,180.0
7510,13,117,2,130,0,UPI,2026-04-07,19:55:14,260.0
7511,175,110,2,280,0,Cash,2026-04-08,21:11:54,560.0
7512,434,120,3,120,5,UPI,2026-03-25,19:37:12,342.0
7513,361,123,3,420,5,UPI,2026-04-11,18:24:50,1197.0
7514,116,104,2,390,0,UPI,2026-05-25,21:36:11,780.0
7515,439,118,1,150,0,Card,2026-05-01,14:40:25,150.0
7516,270,101,1,695,0,UPI,2026-04-15,18:16:52,695.0
7517,106,108,1,695,5,UPI,2026-05-04,18:48:28,660.25
7518,151,123,1,420,5,Card,2026-04-09,14:59:39,399.0
7519,399,119,5,220,0,Card,2026-05-05,20:21:46,1100.0
7520,21,126,1,60,0,UPI,2026-02-27,13:29:21,60.0
7521,180,122,1,320,0,UPI,2026-01-24,19:55:50,320.0
7522,298,119,3,220,0,Cash,2026-06-24,13:41:34,660.0
7523,313,108,2,695,0,UPI,2026-01-05,19:23:26,1390.0
7524,438,105,2,420,5,Card,2026-06-26,12:42:12,798.0
7525,312,109,2,650,0,UPI,2026-01-01,13:34:16,1300.0
7526,6,107,1,695,0,UPI,2026-03-14,12:28:11,695.0
7527,492,111,1,320,0,UPI,2026-06-18,19:57:58,320.0
7528,388,103,1,320,0,Card,2026-02-19,20:30:12,320.0
7529,474,122,1,320,15,UPI,2026-02-14,11:39:36,272.0
7530,220,104,1,390,15,UPI,2026-03-21,18:53:40,331.5
7531,280,130,1,220,15,UPI,2026-04-20,12:59:14,187.0
7532,405,106,3,300,0,Card,2026-01-17,13:48:27,900.0
7533,151,122,1,320,0,Cash,2026-05-01,14:21:45,320.0
7534,155,126,2,60,0,Cash,2026-05-26,12:43:08,120.0
7535,401,101,3,695,0,UPI,2026-05-23,18:03:19,2085.0
7536,66,121,1,350,0,Cash,2026-05-25,19:44:11,350.0
7537,300,121,1,350,0,UPI,2026-05-28,14:36:18,350.0
7538,164,101,1,695,0,UPI,2026-02-16,18:32:49,695.0
7539,9,123,1,420,5,Card,2026-03-24,19:18:57,399.0
7540,318,118,3,150,5,Cash,2026-01-17,13:21:28,427.5
7541,316,122,2,320,5,UPI,2026-04-19,21:49:08,608.0
7542,406,112,1,240,0,Card,2026-06-19,20:24:50,240.0
7543,412,117,1,130,0,UPI,2026-04-03,13:38:45,130.0
7544,332,108,2,695,0,UPI,2026-06-06,19:08:31,1390.0
7545,138,119,2,220,5,UPI,2026-03-16,13:53:11,418.0
7546,175,123,1,420,0,Cash,2026-03-02,14:27:27,420.0
7547,244,128,2,150,10,Card,2026-03-02,14:42:40,270.0
7548,453,101,1,695,0,Card,2026-02-19,14:39:26,695.0
7549,177,109,2,650,0,Cash,2026-02-17,21:22:09,1300.0
7550,29,104,1,390,5,UPI,2026-02-19,13:39:39,370.5
7551,302,104,4,390,15,UPI,2026-04-22,12:46:05,1326.0
7552,79,117,3,130,0,UPI,2026-01-31,20:30:40,390.0
7553,106,126,2,60,0,UPI,2026-01-06,12:37:14,120.0
7554,267,118,2,150,0,UPI,2026-01-22,19:28:20,300.0
7555,68,101,1,695,0,UPI,2026-05-27,13:02:33,695.0
7556,282,105,2,420,0,Card,2026-04-11,19:45:34,840.0
7557,395,125,1,120,5,UPI,2026-03-11,13:23:07,114.0
7558,49,118,1,150,10,UPI,2026-05-04,14:46:34,135.0
7559,327,104,1,390,0,Card,2026-01-13,19:13:27,390.0
7560,457,101,3,695,0,Card,2026-04-04,20:05:47,2085.0
7561,398,115,1,150,5,UPI,2026-03-15,14:10:43,142.5
7562,190,104,1,390,0,Cash,2026-04-25,12:49:21,390.0
7563,280,127,1,90,0,Card,2026-02-14,13:29:44,90.0
7564,335,106,2,300,15,UPI,2026-05-11,19:55:58,510.0
7565,336,114,3,180,5,UPI,2026-01-03,20:06:43,513.0
7566,359,101,1,695,10,Card,2026-06-26,18:09:57,625.5
7567,393,116,1,120,0,Cash,2026-01-10,21:59:16,120.0
7568,384,115,2,150,5,UPI,2026-06-07,19:08:48,285.0
7569,59,102,2,380,10,UPI,2026-04-05,13:58:14,684.0
7570,174,104,1,390,0,UPI,2026-02-24,18:00:11,390.0
7571,44,103,1,320,0,Cash,2026-01-09,18:18:35,320.0
7572,76,111,1,320,5,UPI,2026-06-28,21:16:45,304.0
7573,329,127,1,90,0,Cash,2026-03-02,19:10:35,90.0
7574,157,119,1,220,0,UPI,2026-01-09,19:17:13,220.0
7575,204,111,2,320,0,Cash,2026-04-21,13:03:53,640.0
7576,426,102,2,380,10,UPI,2026-02-03,19:50:07,684.0
7577,248,108,2,695,5,UPI,2026-03-25,18:29:53,1320.5
7578,111,118,1,150,5,UPI,2026-06-15,20:28:05,142.5
7579,214,115,1,150,0,UPI,2026-01-18,19:19:26,150.0
7580,394,107,1,695,10,Cash,2026-01-31,19:45:00,625.5
7581,349,103,1,320,5,UPI,2026-02-15,21:58:29,304.0
7582,174,104,1,390,0,UPI,2026-06-25,19:41:43,390.0
7583,73,118,2,150,5,UPI,2026-05-09,12:41:55,285.0
7584,127,101,2,695,15,UPI,2026-02-23,13:28:01,1181.5
7585,245,130,2,220,0,Card,2026-01-09,20:00:48,440.0
7586,299,113,3,220,0,UPI,2026-06-07,19:18:33,660.0
7587,148,104,1,390,5,UPI,2026-01-10,19:01:43,370.5
7588,297,125,1,120,0,UPI,2026-05-17,12:19:45,120.0
7589,431,101,1,695,0,Card,2026-03-11,13:37:44,695.0
7590,199,119,2,220,0,UPI,2026-01-11,13:54:51,440.0
7591,186,107,1,695,10,Card,2026-04-10,13:40:46,625.5
7592,174,119,2,220,0,Card,2026-05-14,19:30:51,440.0
7593,295,125,1,120,0,Cash,2026-05-28,12:05:52,120.0
7594,131,119,2,220,0,UPI,2026-03-07,12:17:23,440.0
7595,47,121,3,350,0,Card,2026-03-07,19:06:54,1050.0
7596,446,123,1,420,0,UPI,2026-06-03,19:22:29,420.0
7597,35,117,1,130,5,UPI,2026-03-09,18:44:44,123.5
7598,400,120,1,120,0,UPI,2026-01-28,20:25:49,120.0
7599,59,122,1,320,0,UPI,2026-04-30,21:19:16,320.0
7600,340,115,1,150,10,UPI,2026-02-26,13:39:04,135.0
7601,218,101,1,695,0,UPI,2026-02-23,14:31:22,695.0
7602,339,107,1,695,0,UPI,2026-01-17,19:03:19,695.0
7603,267,124,3,180,0,UPI,2026-01-20,11:21:49,540.0
7604,61,107,1,695,0,Card,2026-05-25,12:36:13,695.0
7605,199,112,1,240,0,UPI,2026-06-13,11:49:18,240.0
7606,275,101,1,695,15,Card,2026-01-21,18:09:52,590.75
7607,53,102,1,380,10,UPI,2026-02-12,13:36:07,342.0
7608,156,108,2,695,5,UPI,2026-01-12,14:30:30,1320.5
7609,134,113,1,220,0,Cash,2026-01-09,19:30:26,220.0
7610,493,120,1,120,0,Card,2026-01-20,13:02:05,120.0
7611,74,105,1,420,0,UPI,2026-06-06,20:56:20,420.0
7612,413,108,4,695,0,UPI,2026-04-14,19:13:44,2780.0
7613,368,119,1,220,0,Card,2026-06-27,13:44:50,220.0
7614,141,115,1,150,0,UPI,2026-04-09,12:55:22,150.0
7615,136,105,3,420,5,Cash,2026-04-14,19:29:20,1197.0
7616,247,118,2,150,10,Card,2026-01-27,21:13:39,270.0
7617,68,101,1,695,0,Card,2026-05-27,13:48:58,695.0
7618,334,101,3,695,5,UPI,2026-05-23,18:58:57,1980.75
7619,60,125,2,120,0,Cash,2026-03-20,12:42:51,240.0
7620,331,115,1,150,0,Card,2026-05-16,20:25:48,150.0
7621,225,111,2,320,0,UPI,2026-01-25,14:35:29,640.0
7622,17,108,1,695,0,Cash,2026-03-01,18:12:56,695.0
7623,246,126,5,60,0,Card,2026-06-03,12:37:12,300.0
7624,259,101,1,695,0,UPI,2026-05-25,19:31:43,695.0
7625,174,124,2,180,5,UPI,2026-05-22,20:50:57,342.0
7626,155,104,1,390,0,UPI,2026-03-09,18:30:12,390.0
7627,18,123,5,420,0,UPI,2026-02-22,11:07:20,2100.0
7628,154,122,3,320,10,Card,2026-06-24,21:20:32,864.0
7629,313,121,2,350,10,UPI,2026-05-07,21:16:54,630.0
7630,21,117,2,130,5,UPI,2026-06-26,14:06:23,247.0
7631,95,114,2,180,0,Card,2026-05-12,20:23:46,360.0
7632,115,108,1,695,5,UPI,2026-03-24,12:56:47,660.25
7633,10,121,1,350,0,Card,2026-01-25,14:17:45,350.0
7634,463,107,2,695,5,Card,2026-01-05,18:02:36,1320.5
7635,483,102,1,380,0,UPI,2026-02-11,13:43:55,380.0
7636,102,107,1,695,0,UPI,2026-04-17,19:48:49,695.0
7637,207,118,1,150,0,UPI,2026-05-13,14:10:23,150.0
7638,215,126,1,60,0,Card,2026-02-25,20:54:17,60.0
7639,333,102,1,380,0,UPI,2026-04-23,20:25:28,380.0
7640,367,106,1,300,0,UPI,2026-03-14,11:14:03,300.0
7641,382,101,2,695,5,Cash,2026-06-12,19:41:01,1320.5
7642,491,119,1,220,0,Card,2026-06-07,19:28:11,220.0
7643,94,105,2,420,5,UPI,2026-05-29,12:14:09,798.0
7644,162,112,2,240,5,UPI,2026-04-15,11:15:53,456.0
7645,77,123,5,420,10,UPI,2026-05-16,13:39:56,1890.0
7646,268,114,1,180,0,Card,2026-03-14,12:28:38,180.0
7647,217,106,1,300,10,UPI,2026-05-29,19:13:51,270.0
7648,332,102,1,380,0,Card,2026-05-30,13:45:14,380.0
7649,446,107,1,695,0,UPI,2026-06-10,13:37:30,695.0
7650,221,129,3,180,0,UPI,2026-03-04,20:38:52,540.0
7651,355,121,2,350,0,UPI,2026-02-06,20:03:15,700.0
7652,315,126,1,60,0,UPI,2026-03-05,13:25:17,60.0
7653,363,114,1,180,10,Cash,2026-01-10,21:11:25,162.0
7654,453,105,2,420,0,UPI,2026-06-03,20:50:08,840.0
7655,473,102,1,380,5,UPI,2026-05-26,12:31:48,361.0
7656,162,101,4,695,0,UPI,2026-06-17,19:39:50,2780.0
7657,305,105,2,420,0,UPI,2026-01-25,14:34:50,840.0
7658,50,122,1,320,5,Cash,2026-04-03,20:23:38,304.0
7659,257,101,1,695,0,Card,2026-02-04,12:59:53,695.0
7660,171,113,1,220,15,Card,2026-05-19,13:48:18,187.0
7661,184,101,1,695,0,UPI,2026-02-13,19:45:39,695.0
7662,257,126,1,60,0,UPI,2026-06-08,13:20:43,60.0
7663,235,107,2,695,0,UPI,2026-02-06,12:28:03,1390.0
7664,255,105,2,420,10,Cash,2026-06-14,21:56:16,756.0
7665,268,105,1,420,5,UPI,2026-05-15,20:50:04,399.0
7666,326,122,1,320,15,UPI,2026-04-11,13:18:34,272.0
7667,237,107,1,695,15,UPI,2026-01-29,20:01:25,590.75
7668,132,104,1,390,0,UPI,2026-04-16,19:26:45,390.0
7669,113,125,1,120,0,UPI,2026-03-19,20:53:07,120.0
7670,173,120,3,120,5,UPI,2026-02-07,13:21:23,342.0
7671,63,111,1,320,0,Card,2026-04-26,18:20:25,320.0
7672,106,111,3,320,0,Card,2026-03-02,20:18:35,960.0
7673,367,106,3,300,10,Card,2026-04-14,14:07:45,810.0
7674,185,104,1,390,0,Cash,2026-03-20,21:41:21,390.0
7675,19,109,1,650,0,Card,2026-03-07,12:14:33,650.0
7676,171,111,1,320,0,Card,2026-01-17,19:24:53,320.0
7677,276,129,2,180,10,UPI,2026-05-10,14:06:32,324.0
7678,359,125,4,120,0,UPI,2026-06-06,13:38:10,480.0
7679,383,110,2,280,10,UPI,2026-02-10,13:51:42,504.0
7680,54,118,1,150,0,UPI,2026-01-10,13:56:53,150.0
7681,275,115,2,150,0,UPI,2026-04-09,19:57:48,300.0
7682,69,120,2,120,0,Card,2026-05-22,19:32:42,240.0
7683,179,121,1,350,0,UPI,2026-02-08,21:48:17,350.0
7684,202,123,1,420,0,Cash,2026-01-04,13:45:21,420.0
7685,310,118,5,150,0,UPI,2026-03-29,21:05:07,750.0
7686,175,108,1,695,5,Card,2026-06-21,13:08:29,660.25
7687,432,114,4,180,0,Card,2026-03-14,19:01:22,720.0
7688,349,128,1,150,0,UPI,2026-03-05,14:15:03,150.0
7689,118,115,2,150,0,UPI,2026-02-28,19:51:23,300.0
7690,351,107,3,695,5,Card,2026-03-24,19:48:12,1980.75
7691,95,103,5,320,5,UPI,2026-04-29,12:39:41,1520.0
7692,68,122,2,320,0,UPI,2026-06-28,20:41:44,640.0
7693,364,124,2,180,0,UPI,2026-05-02,13:13:17,360.0
7694,55,102,2,380,10,UPI,2026-02-09,22:20:11,684.0
7695,228,125,2,120,5,UPI,2026-01-17,12:15:17,228.0
7696,96,125,1,120,5,UPI,2026-05-10,12:11:16,114.0
7697,494,105,1,420,5,Cash,2026-05-27,12:15:55,399.0
7698,162,120,3,120,0,UPI,2026-02-26,20:16:46,360.0
7699,33,127,1,90,0,Card,2026-04-04,11:14:48,90.0
7700,128,103,2,320,10,Card,2026-02-02,19:04:57,576.0
7701,184,110,1,280,0,Cash,2026-02-28,20:25:57,280.0
7702,406,120,1,120,15,Card,2026-01-30,14:44:49,102.0
7703,358,113,1,220,5,Card,2026-03-27,21:16:47,209.0
7704,4,101,2,695,0,UPI,2026-01-28,20:16:17,1390.0
7705,453,110,2,280,0,UPI,2026-05-17,21:25:12,560.0
7706,436,119,2,220,0,UPI,2026-01-19,13:38:29,440.0
7707,132,117,1,130,5,UPI,2026-04-09,20:59:09,123.5
7708,380,101,1,695,0,UPI,2026-02-12,12:58:45,695.0
7709,225,101,1,695,0,Card,2026-05-17,12:32:59,695.0
7710,272,106,2,300,0,UPI,2026-03-22,13:23:10,600.0
7711,182,127,3,90,0,Cash,2026-05-16,20:30:43,270.0
7712,133,115,2,150,5,UPI,2026-03-13,20:43:34,285.0
7713,310,129,1,180,0,Card,2026-06-01,14:41:50,180.0
7714,389,116,3,120,0,Card,2026-04-01,19:55:27,360.0
7715,266,102,2,380,5,Card,2026-04-13,18:47:51,722.0
7716,421,105,2,420,15,Cash,2026-04-26,19:17:12,714.0
7717,418,113,1,220,0,UPI,2026-04-25,13:44:09,220.0
7718,486,115,2,150,0,UPI,2026-01-06,18:46:40,300.0
7719,315,106,1,300,0,Card,2026-05-16,20:22:10,300.0
7720,106,103,2,320,0,UPI,2026-03-29,14:15:16,640.0
7721,90,126,1,60,10,Card,2026-04-24,13:29:59,54.0
7722,401,117,1,130,0,Card,2026-02-27,13:49:20,130.0
7723,171,108,1,695,0,UPI,2026-03-13,13:55:06,695.0
7724,312,102,2,380,0,UPI,2026-06-25,13:59:59,760.0
7725,499,119,2,220,10,UPI,2026-01-13,19:21:47,396.0
7726,77,129,1,180,0,UPI,2026-06-08,13:55:32,180.0
7727,166,108,2,695,0,Card,2026-03-30,19:59:36,1390.0
7728,332,123,1,420,5,Card,2026-05-14,20:59:52,399.0
7729,317,128,2,150,15,Cash,2026-03-15,20:42:15,255.0
7730,191,113,2,220,0,Cash,2026-03-01,14:36:19,440.0
7731,485,115,3,150,5,Card,2026-02-19,20:33:41,427.5
7732,44,115,1,150,0,UPI,2026-05-26,12:53:04,150.0
7733,499,129,1,180,0,Card,2026-03-26,12:20:12,180.0
7734,332,110,2,280,0,UPI,2026-06-02,13:44:59,560.0
7735,63,110,1,280,0,UPI,2026-03-26,12:04:33,280.0
7736,207,101,1,695,0,UPI,2026-01-25,13:27:21,695.0
7737,107,107,1,695,0,Card,2026-01-04,21:37:09,695.0
7738,395,102,2,380,10,Card,2026-02-02,12:16:44,684.0
7739,351,108,2,695,0,UPI,2026-04-26,14:26:08,1390.0
7740,435,126,2,60,0,UPI,2026-04-01,12:03:57,120.0
7741,279,128,3,150,5,UPI,2026-03-17,19:09:35,427.5
7742,328,112,1,240,10,Cash,2026-02-08,12:04:10,216.0
7743,233,101,3,695,10,UPI,2026-03-21,19:20:31,1876.5
7744,457,103,3,320,10,UPI,2026-05-09,12:20:00,864.0
7745,484,130,1,220,5,UPI,2026-01-29,12:43:42,209.0
7746,178,107,1,695,0,UPI,2026-02-21,13:30:59,695.0
7747,271,111,3,320,10,Card,2026-04-08,12:43:47,864.0
7748,148,101,2,695,0,UPI,2026-02-18,20:05:11,1390.0
7749,149,123,5,420,0,Cash,2026-05-28,13:47:10,2100.0
7750,61,118,1,150,0,Card,2026-01-26,13:50:40,150.0
7751,417,105,3,420,0,UPI,2026-06-08,13:19:45,1260.0
7752,180,102,2,380,0,UPI,2026-04-08,13:13:34,760.0
7753,404,129,1,180,0,UPI,2026-03-27,12:49:13,180.0
7754,267,125,2,120,0,UPI,2026-06-07,12:49:46,240.0
7755,197,128,1,150,0,UPI,2026-03-06,19:11:04,150.0
7756,407,105,2,420,5,UPI,2026-03-06,13:13:38,798.0
7757,37,128,1,150,0,Card,2026-04-23,13:29:01,150.0
7758,265,102,1,380,0,Card,2026-06-04,13:31:57,380.0
7759,349,103,5,320,0,UPI,2026-03-30,12:27:48,1600.0
7760,191,107,1,695,0,UPI,2026-04-30,22:44:47,695.0
7761,148,119,1,220,15,UPI,2026-04-14,19:57:25,187.0
7762,97,117,1,130,10,Card,2026-02-19,13:23:41,117.0
7763,177,116,3,120,0,UPI,2026-02-24,13:49:25,360.0
7764,428,108,1,695,10,UPI,2026-06-07,13:39:10,625.5
7765,251,104,2,390,0,Card,2026-04-17,19:15:48,780.0
7766,486,128,1,150,0,UPI,2026-02-15,14:51:31,150.0
7767,238,102,1,380,5,UPI,2026-05-24,13:42:27,361.0
7768,94,102,3,380,0,UPI,2026-03-20,12:01:42,1140.0
7769,273,102,1,380,0,UPI,2026-01-29,18:50:12,380.0
7770,159,107,2,695,0,UPI,2026-04-30,14:46:42,1390.0
7771,66,107,1,695,0,Card,2026-05-05,20:50:17,695.0
7772,17,104,1,390,15,UPI,2026-01-10,19:49:06,331.5
7773,204,105,1,420,10,Cash,2026-04-17,13:52:55,378.0
7774,345,104,2,390,10,Card,2026-02-21,20:22:54,702.0
7775,4,120,1,120,0,Card,2026-03-23,12:26:09,120.0
7776,374,103,2,320,0,UPI,2026-01-30,13:32:19,640.0
7777,57,121,1,350,5,UPI,2026-02-06,14:29:39,332.5
7778,367,101,3,695,0,UPI,2026-04-19,12:18:13,2085.0
7779,12,111,2,320,0,Card,2026-01-27,20:48:07,640.0
7780,401,123,3,420,10,Card,2026-03-16,19:17:51,1134.0
7781,452,110,1,280,0,Cash,2026-05-03,22:02:45,280.0
7782,283,105,3,420,5,UPI,2026-06-06,12:39:31,1197.0
7783,443,101,2,695,0,Cash,2026-04-27,13:35:31,1390.0
7784,331,103,2,320,10,UPI,2026-06-23,13:24:06,576.0
7785,135,129,5,180,0,UPI,2026-06-02,20:26:20,900.0
7786,369,111,3,320,10,Card,2026-05-14,13:45:03,864.0
7787,460,110,1,280,5,UPI,2026-06-09,12:09:58,266.0
7788,324,106,1,300,0,UPI,2026-04-20,20:07:22,300.0
7789,199,129,1,180,0,Card,2026-05-21,21:21:43,180.0
7790,364,123,3,420,0,Cash,2026-06-16,21:18:35,1260.0
7791,298,117,2,130,0,UPI,2026-04-19,13:03:23,260.0
7792,447,117,4,130,0,UPI,2026-04-17,14:51:35,520.0
7793,492,122,1,320,10,UPI,2026-04-15,20:18:13,288.0
7794,314,128,1,150,0,UPI,2026-04-26,18:00:10,150.0
7795,477,120,3,120,0,Cash,2026-01-02,18:24:43,360.0
7796,217,119,1,220,0,UPI,2026-05-23,19:37:51,220.0
7797,183,106,1,300,15,Card,2026-05-17,14:46:07,255.0
7798,273,129,4,180,10,Cash,2026-05-13,18:04:04,648.0
7799,131,102,3,380,0,UPI,2026-03-03,14:50:40,1140.0
7800,370,120,1,120,5,Cash,2026-05-25,12:10:47,114.0
7801,232,108,1,695,0,UPI,2026-04-18,13:29:06,695.0
7802,341,104,1,390,0,Card,2026-05-29,14:41:02,390.0
7803,224,105,2,420,0,UPI,2026-05-07,18:30:34,840.0
7804,412,115,1,150,0,Card,2026-06-17,13:43:19,150.0
7805,271,122,5,320,0,UPI,2026-03-16,20:05:22,1600.0
7806,229,108,3,695,0,UPI,2026-02-11,13:03:18,2085.0
7807,412,102,2,380,0,Card,2026-03-22,13:50:36,760.0
7808,86,110,3,280,0,Cash,2026-04-07,11:20:22,840.0
7809,415,121,2,350,15,UPI,2026-05-31,18:34:34,595.0
7810,436,102,1,380,5,UPI,2026-04-06,13:07:52,361.0
7811,96,112,1,240,0,UPI,2026-02-22,12:40:44,240.0
7812,248,125,1,120,15,UPI,2026-02-07,19:16:36,102.0
7813,36,123,2,420,5,UPI,2026-03-14,19:39:27,798.0
7814,490,103,2,320,0,UPI,2026-06-05,19:56:36,640.0
7815,390,110,1,280,0,UPI,2026-04-04,13:55:02,280.0
7816,286,102,1,380,0,Cash,2026-03-02,20:27:18,380.0
7817,156,102,1,380,0,UPI,2026-02-01,12:25:01,380.0
7818,234,105,2,420,0,UPI,2026-06-21,19:28:08,840.0
7819,147,111,2,320,0,UPI,2026-02-11,20:27:28,640.0
7820,493,105,1,420,0,UPI,2026-05-24,12:01:42,420.0
7821,321,117,2,130,0,UPI,2026-05-17,20:08:00,260.0
7822,224,105,1,420,0,Card,2026-05-12,12:04:20,420.0
7823,212,120,1,120,0,UPI,2026-05-16,14:50:42,120.0
7824,135,102,1,380,0,Cash,2026-06-09,11:46:14,380.0
7825,474,115,1,150,15,Cash,2026-03-06,12:59:03,127.5
7826,209,106,1,300,10,UPI,2026-03-07,20:49:56,270.0
7827,328,129,1,180,0,UPI,2026-03-23,19:05:35,180.0
7828,114,108,1,695,10,Card,2026-03-21,20:06:34,625.5
7829,433,120,3,120,0,UPI,2026-01-10,21:00:20,360.0
7830,50,120,1,120,0,UPI,2026-02-04,13:15:20,120.0
7831,88,113,2,220,0,Cash,2026-06-27,13:52:41,440.0
7832,186,116,2,120,0,Card,2026-06-09,14:56:58,240.0
7833,41,118,1,150,0,Cash,2026-04-03,12:30:46,150.0
7834,214,105,1,420,0,UPI,2026-05-15,19:42:39,420.0
7835,256,105,3,420,0,Cash,2026-03-18,14:51:32,1260.0
7836,111,103,1,320,0,Card,2026-06-04,21:33:54,320.0
7837,91,120,2,120,15,Card,2026-01-13,20:58:43,204.0
7838,170,118,2,150,0,UPI,2026-02-09,14:35:01,300.0
7839,187,110,5,280,0,Cash,2026-06-23,13:34:05,1400.0
7840,168,126,2,60,0,Card,2026-03-17,13:32:14,120.0
7841,263,101,2,695,0,UPI,2026-01-03,13:04:08,1390.0
7842,103,116,3,120,0,UPI,2026-01-22,18:48:17,360.0
7843,81,118,1,150,0,UPI,2026-06-29,18:40:45,150.0
7844,448,128,1,150,0,Cash,2026-01-05,20:00:20,150.0
7845,62,102,1,380,0,UPI,2026-03-18,12:37:52,380.0
7846,172,102,5,380,0,UPI,2026-06-06,13:41:52,1900.0
7847,125,123,2,420,0,UPI,2026-03-17,13:35:41,840.0
7848,144,126,2,60,10,Card,2026-04-16,22:14:36,108.0
7849,344,126,2,60,0,UPI,2026-04-09,12:29:31,120.0
7850,354,111,4,320,0,UPI,2026-02-07,12:41:48,1280.0
7851,382,106,2,300,5,UPI,2026-02-09,19:34:20,570.0
7852,399,127,1,90,0,Cash,2026-04-20,19:20:14,90.0
7853,329,107,3,695,5,Cash,2026-06-21,14:58:38,1980.75
7854,81,109,1,650,0,UPI,2026-02-04,18:11:13,650.0
7855,53,105,2,420,0,Card,2026-02-23,12:03:30,840.0
7856,265,122,1,320,0,UPI,2026-05-14,20:05:55,320.0
7857,270,120,2,120,0,UPI,2026-01-12,11:48:37,240.0
7858,286,105,2,420,5,UPI,2026-05-10,20:41:40,798.0
7859,169,126,2,60,0,UPI,2026-05-07,21:09:20,120.0
7860,207,119,1,220,0,UPI,2026-02-16,18:05:07,220.0
7861,81,124,2,180,0,Card,2026-04-15,14:41:03,360.0
7862,29,105,3,420,0,Cash,2026-05-13,19:15:26,1260.0
7863,372,108,2,695,5,UPI,2026-03-15,11:05:35,1320.5
7864,453,101,2,695,10,UPI,2026-03-24,19:44:36,1251.0
7865,24,102,1,380,0,UPI,2026-05-16,12:51:54,380.0
7866,175,128,1,150,0,UPI,2026-02-11,11:01:06,150.0
7867,476,105,4,420,0,Cash,2026-01-11,14:13:29,1680.0
7868,392,101,1,695,0,UPI,2026-04-10,12:46:12,695.0
7869,143,101,2,695,10,Cash,2026-01-16,13:53:15,1251.0
7870,487,116,1,120,10,UPI,2026-02-11,22:10:07,108.0
7871,362,103,1,320,5,UPI,2026-04-24,19:44:32,304.0
7872,364,105,4,420,0,Card,2026-05-31,19:03:25,1680.0
7873,242,118,1,150,0,UPI,2026-06-02,20:37:23,150.0
7874,41,110,1,280,0,UPI,2026-05-02,13:47:43,280.0
7875,225,102,1,380,0,UPI,2026-01-22,19:32:27,380.0
7876,452,115,1,150,5,UPI,2026-03-13,13:53:50,142.5
7877,481,103,2,320,0,UPI,2026-06-06,12:07:50,640.0
7878,282,129,1,180,0,UPI,2026-01-30,20:24:56,180.0
7879,453,123,3,420,0,UPI,2026-01-24,12:08:42,1260.0
7880,401,103,3,320,0,Card,2026-06-04,19:35:14,960.0
7881,179,124,4,180,0,Card,2026-03-05,13:44:42,720.0
7882,419,105,2,420,5,Card,2026-01-23,13:39:31,798.0
7883,110,116,2,120,0,UPI,2026-06-27,13:16:20,240.0
7884,324,105,1,420,5,UPI,2026-01-22,18:08:38,399.0
7885,151,102,2,380,0,UPI,2026-05-12,19:07:44,760.0
7886,240,121,2,350,5,UPI,2026-02-10,12:58:49,665.0
7887,12,106,1,300,0,UPI,2026-06-29,18:20:09,300.0
7888,7,106,1,300,15,UPI,2026-02-17,13:05:03,255.0
7889,425,126,3,60,10,UPI,2026-05-28,13:10:35,162.0
7890,307,118,1,150,0,Card,2026-02-04,14:12:51,150.0
7891,230,105,3,420,5,UPI,2026-04-23,12:16:39,1197.0
7892,8,128,2,150,0,UPI,2026-01-09,12:49:27,300.0
7893,210,118,1,150,0,UPI,2026-05-13,12:28:23,150.0
7894,438,109,2,650,0,UPI,2026-01-27,19:18:46,1300.0
7895,133,124,1,180,0,UPI,2026-03-26,12:04:20,180.0
7896,154,105,4,420,0,UPI,2026-06-27,19:54:20,1680.0
7897,242,120,1,120,5,Card,2026-02-20,20:01:09,114.0
7898,204,119,3,220,0,UPI,2026-05-12,13:25:15,660.0
7899,431,117,1,130,0,UPI,2026-04-07,19:37:34,130.0
7900,288,121,5,350,0,Card,2026-05-10,19:51:33,1750.0
7901,249,117,1,130,10,UPI,2026-05-30,12:33:42,117.0
7902,359,101,1,695,5,Cash,2026-04-17,20:46:43,660.25
7903,415,118,1,150,10,UPI,2026-05-04,12:36:24,135.0
7904,419,109,1,650,0,UPI,2026-02-14,19:04:52,650.0
7905,432,120,1,120,5,Cash,2026-04-12,13:36:36,114.0
7906,23,108,1,695,10,UPI,2026-04-07,13:33:27,625.5
7907,263,119,1,220,0,UPI,2026-04-21,19:53:15,220.0
7908,234,115,1,150,0,UPI,2026-06-06,19:10:36,150.0
7909,434,114,1,180,0,UPI,2026-06-29,20:58:39,180.0
7910,319,110,2,280,0,Cash,2026-06-25,19:04:21,560.0
7911,319,125,5,120,5,UPI,2026-02-16,19:55:05,570.0
7912,273,109,1,650,0,UPI,2026-04-03,20:36:32,650.0
7913,178,101,3,695,5,UPI,2026-01-16,13:00:56,1980.75
7914,110,112,1,240,0,UPI,2026-05-16,13:07:04,240.0
7915,22,123,1,420,0,UPI,2026-03-29,13:32:54,420.0
7916,69,111,3,320,0,Card,2026-05-26,12:21:48,960.0
7917,245,122,1,320,0,UPI,2026-03-10,12:29:32,320.0
7918,494,113,3,220,0,UPI,2026-04-25,20:19:20,660.0
7919,118,120,1,120,0,Card,2026-05-22,18:41:35,120.0
7920,210,124,1,180,0,UPI,2026-04-30,13:14:11,180.0
7921,135,105,2,420,0,UPI,2026-04-24,20:14:54,840.0
7922,220,113,1,220,0,UPI,2026-05-04,12:48:48,220.0
7923,254,124,1,180,5,UPI,2026-05-03,19:41:32,171.0
7924,86,113,2,220,5,UPI,2026-01-17,11:54:21,418.0
7925,406,102,1,380,5,UPI,2026-06-12,18:27:01,361.0
7926,90,107,2,695,10,UPI,2026-06-03,18:00:00,1251.0
7927,4,119,3,220,0,UPI,2026-02-22,12:25:17,660.0
7928,207,111,2,320,0,UPI,2026-05-09,18:49:42,640.0
7929,401,103,1,320,15,UPI,2026-06-15,19:12:45,272.0
7930,76,120,3,120,0,Cash,2026-01-08,12:53:57,360.0
7931,162,102,2,380,0,UPI,2026-04-16,13:51:02,760.0
7932,420,117,1,130,0,Card,2026-06-23,14:29:04,130.0
7933,133,103,1,320,0,UPI,2026-06-22,14:56:52,320.0
7934,67,107,2,695,0,Card,2026-06-04,12:11:47,1390.0
7935,280,101,4,695,0,UPI,2026-04-23,19:46:17,2780.0
7936,344,117,4,130,0,UPI,2026-05-07,13:22:04,520.0
7937,426,119,2,220,0,UPI,2026-06-29,21:22:04,440.0
7938,354,116,4,120,0,UPI,2026-03-22,18:15:55,480.0
7939,319,102,1,380,0,Card,2026-03-29,11:30:30,380.0
7940,147,102,2,380,0,UPI,2026-05-16,21:53:33,760.0
7941,282,111,1,320,0,Cash,2026-05-20,12:32:05,320.0
7942,204,102,1,380,0,UPI,2026-03-05,13:37:15,380.0
7943,165,123,5,420,0,UPI,2026-06-18,13:40:05,2100.0
7944,144,126,1,60,0,Cash,2026-06-08,22:37:58,60.0
7945,144,126,4,60,15,UPI,2026-03-30,20:57:41,204.0
7946,306,130,2,220,0,Card,2026-05-08,12:29:08,440.0
7947,8,105,2,420,10,UPI,2026-02-18,19:04:55,756.0
7948,44,115,2,150,0,UPI,2026-01-23,13:02:44,300.0
7949,76,107,1,695,0,Card,2026-05-17,19:31:47,695.0
7950,310,119,3,220,0,UPI,2026-02-10,19:34:02,660.0
7951,428,117,2,130,0,UPI,2026-04-07,20:28:57,260.0
7952,346,106,1,300,10,UPI,2026-05-05,11:20:24,270.0
7953,65,125,1,120,0,UPI,2026-04-01,18:18:03,120.0
7954,437,122,4,320,0,Card,2026-02-18,13:41:10,1280.0
7955,176,120,3,120,0,UPI,2026-05-14,12:16:26,360.0
7956,167,116,2,120,0,UPI,2026-03-09,11:59:46,240.0
7957,188,101,1,695,0,UPI,2026-06-04,12:59:33,695.0
7958,116,102,2,380,0,UPI,2026-03-23,18:36:32,760.0
7959,51,118,3,150,0,UPI,2026-02-07,22:02:34,450.0
7960,452,125,1,120,0,UPI,2026-01-01,11:24:48,120.0
7961,1,105,2,420,5,Card,2026-03-23,14:11:08,798.0
7962,43,128,1,150,0,UPI,2026-04-28,12:15:06,150.0
7963,88,103,1,320,0,UPI,2026-04-13,21:24:59,320.0
7964,1,129,2,180,15,UPI,2026-04-29,12:03:13,306.0
7965,76,105,2,420,0,UPI,2026-05-26,18:28:48,840.0
7966,84,102,1,380,0,UPI,2026-03-26,20:32:00,380.0
7967,449,101,1,695,0,UPI,2026-03-18,13:49:21,695.0
7968,310,110,5,280,10,UPI,2026-04-07,13:02:35,1260.0
7969,355,121,2,350,0,UPI,2026-03-27,13:10:46,700.0
7970,207,102,1,380,0,Card,2026-01-06,12:55:56,380.0
7971,395,119,1,220,0,Cash,2026-01-07,14:47:37,220.0
7972,278,105,1,420,5,UPI,2026-03-05,13:04:29,399.0
7973,449,101,4,695,10,Cash,2026-04-12,19:55:39,2502.0
7974,388,105,2,420,10,UPI,2026-02-18,13:55:10,756.0
7975,320,103,1,320,10,Card,2026-02-02,19:00:48,288.0
7976,386,105,2,420,0,UPI,2026-06-06,21:28:13,840.0
7977,289,102,2,380,0,UPI,2026-06-17,11:55:39,760.0
7978,412,118,2,150,15,UPI,2026-01-04,11:05:05,255.0
7979,28,121,1,350,10,UPI,2026-02-28,18:55:52,315.0
7980,406,105,1,420,10,Cash,2026-05-26,21:26:44,378.0
7981,72,102,3,380,5,UPI,2026-06-24,13:44:32,1083.0
7982,386,101,3,695,0,UPI,2026-06-08,19:51:08,2085.0
7983,6,117,1,130,5,Card,2026-01-31,19:26:51,123.5
7984,490,102,3,380,0,Cash,2026-06-13,12:04:28,1140.0
7985,406,101,2,695,0,UPI,2026-03-09,20:24:29,1390.0
7986,173,105,1,420,15,Cash,2026-01-14,18:48:32,357.0
7987,72,108,1,695,0,UPI,2026-06-20,13:44:06,695.0
7988,335,108,2,695,0,Cash,2026-03-10,18:43:40,1390.0
7989,250,114,1,180,0,Card,2026-01-15,14:31:38,180.0
7990,225,122,1,320,10,Card,2026-06-16,13:22:39,288.0
7991,390,119,2,220,0,UPI,2026-01-01,18:20:38,440.0
7992,490,117,2,130,0,UPI,2026-06-12,11:38:45,260.0
7993,436,129,2,180,0,Card,2026-06-17,11:09:08,360.0
7994,270,103,2,320,15,Cash,2026-03-27,13:36:02,544.0
7995,184,118,2,150,0,Cash,2026-01-09,19:10:31,300.0
7996,341,128,1,150,5,Cash,2026-06-21,13:41:18,142.5
7997,477,113,3,220,0,Card,2026-04-17,19:00:23,660.0
7998,130,105,3,420,0,Cash,2026-05-10,19:22:54,1260.0
7999,465,103,1,320,0,UPI,2026-06-18,18:20:19,320.0
8000,96,105,1,420,5,UPI,2026-02-09,12:35:55,399.0
8001,485,103,3,320,10,Card,2026-03-17,12:30:57,864.0
8002,270,127,2,90,10,Cash,2026-05-19,11:17:46,162.0
8003,466,116,1,120,0,Card,2026-05-12,19:00:50,120.0
8004,112,130,2,220,0,UPI,2026-05-09,19:54:56,440.0
8005,271,111,2,320,0,UPI,2026-04-01,13:10:38,640.0
8006,498,128,3,150,0,UPI,2026-04-12,19:56:10,450.0
8007,416,117,2,130,0,Cash,2026-05-19,12:56:55,260.0
8008,323,116,2,120,0,UPI,2026-02-28,11:20:21,240.0
8009,35,119,1,220,0,UPI,2026-05-10,19:33:41,220.0
8010,164,127,1,90,0,Card,2026-01-15,18:57:11,90.0
8011,438,116,2,120,0,Cash,2026-03-17,13:42:37,240.0
8012,211,108,2,695,0,Card,2026-05-12,19:08:28,1390.0
8013,27,105,3,420,0,UPI,2026-05-26,19:27:46,1260.0
8014,462,126,2,60,0,UPI,2026-04-06,13:27:19,120.0
8015,324,117,1,130,0,UPI,2026-02-26,19:43:03,130.0
8016,89,109,2,650,0,Card,2026-05-28,21:12:32,1300.0
8017,399,116,1,120,0,Card,2026-01-05,12:08:00,120.0
8018,285,111,1,320,0,Card,2026-04-22,13:31:21,320.0
8019,489,113,2,220,5,UPI,2026-04-24,12:01:53,418.0
8020,254,111,3,320,0,Cash,2026-01-05,20:12:16,960.0
8021,291,111,1,320,0,UPI,2026-05-08,13:34:16,320.0
8022,454,119,2,220,0,Cash,2026-01-19,20:04:52,440.0
8023,180,121,3,350,5,Cash,2026-06-29,12:52:57,997.5
8024,9,106,1,300,0,UPI,2026-02-14,13:37:06,300.0
8025,207,123,4,420,0,UPI,2026-05-07,20:51:46,1680.0
8026,128,107,1,695,5,UPI,2026-03-03,19:59:22,660.25
8027,34,109,1,650,0,Card,2026-03-12,21:57:54,650.0
8028,453,102,1,380,0,Cash,2026-02-08,18:36:59,380.0
8029,298,125,2,120,15,UPI,2026-05-28,20:59:53,204.0
8030,386,115,2,150,0,UPI,2026-06-19,11:04:18,300.0
8031,148,120,1,120,0,Card,2026-01-04,14:25:42,120.0
8032,96,128,1,150,0,Card,2026-05-07,12:13:14,150.0
8033,252,115,1,150,15,UPI,2026-06-01,12:55:49,127.5
8034,320,103,2,320,15,UPI,2026-04-03,12:29:27,544.0
8035,232,121,2,350,0,UPI,2026-02-04,20:29:11,700.0
8036,287,123,1,420,0,UPI,2026-02-20,18:02:08,420.0
8037,274,108,5,695,0,UPI,2026-03-14,19:03:05,3475.0
8038,172,120,1,120,0,Cash,2026-05-11,21:57:48,120.0
8039,455,121,4,350,0,UPI,2026-05-04,14:49:51,1400.0
8040,113,123,2,420,0,UPI,2026-01-28,19:27:35,840.0
8041,100,107,1,695,10,UPI,2026-03-01,20:20:48,625.5
8042,88,120,1,120,0,Card,2026-06-25,20:34:01,120.0
8043,6,119,1,220,0,Cash,2026-03-20,13:45:53,220.0
8044,171,123,5,420,0,UPI,2026-05-04,21:13:15,2100.0
8045,377,128,2,150,0,Cash,2026-03-16,19:57:39,300.0
8046,263,109,1,650,0,Cash,2026-01-24,11:12:33,650.0
8047,71,122,2,320,10,UPI,2026-04-05,14:00:35,576.0
8048,329,122,2,320,5,UPI,2026-01-04,19:16:27,608.0
8049,314,101,1,695,0,Cash,2026-05-14,19:24:13,695.0
8050,173,108,1,695,0,UPI,2026-05-26,12:15:13,695.0
8051,207,115,2,150,0,UPI,2026-03-06,13:52:17,300.0
8052,498,107,2,695,0,UPI,2026-04-27,12:05:09,1390.0
8053,62,107,2,695,5,Card,2026-05-01,20:33:41,1320.5
8054,126,107,3,695,0,UPI,2026-06-21,20:03:05,2085.0
8055,93,114,2,180,15,Card,2026-01-12,12:22:57,306.0
8056,58,120,2,120,0,UPI,2026-01-06,19:28:44,240.0
8057,110,128,4,150,0,UPI,2026-04-20,13:01:13,600.0
8058,54,102,1,380,0,UPI,2026-05-12,19:36:55,380.0
8059,189,103,3,320,5,Card,2026-06-09,20:13:25,912.0
8060,256,118,5,150,0,UPI,2026-06-25,13:57:06,750.0
8061,343,111,3,320,0,UPI,2026-02-06,12:00:42,960.0
8062,32,108,3,695,0,UPI,2026-06-28,14:09:54,2085.0
8063,417,114,2,180,15,UPI,2026-01-01,18:08:01,306.0
8064,426,119,4,220,10,UPI,2026-04-01,18:57:02,792.0
8065,323,112,2,240,0,UPI,2026-04-12,13:20:51,480.0
8066,395,129,1,180,0,Card,2026-06-20,14:41:24,180.0
8067,423,117,1,130,5,UPI,2026-03-03,20:31:30,123.5
8068,64,130,1,220,0,UPI,2026-05-05,12:50:34,220.0
8069,63,104,2,390,0,UPI,2026-03-22,19:21:38,780.0
8070,460,120,2,120,5,UPI,2026-05-17,20:25:26,228.0
8071,250,122,2,320,5,UPI,2026-04-09,19:13:35,608.0
8072,117,120,3,120,0,Card,2026-06-03,14:20:08,360.0
8073,162,129,1,180,0,Card,2026-05-29,21:28:53,180.0
8074,72,108,1,695,0,UPI,2026-05-09,19:47:32,695.0
8075,487,113,1,220,5,UPI,2026-03-05,13:04:48,209.0
8076,315,118,2,150,0,UPI,2026-03-15,19:33:46,300.0
8077,8,120,2,120,0,UPI,2026-06-05,20:52:03,240.0
8078,357,105,1,420,0,Cash,2026-03-20,19:52:47,420.0
8079,267,103,3,320,0,UPI,2026-02-18,18:46:46,960.0
8080,283,105,2,420,0,UPI,2026-01-27,13:08:59,840.0
8081,131,126,2,60,0,Card,2026-03-15,13:17:52,120.0
8082,496,121,3,350,0,UPI,2026-05-31,18:12:38,1050.0
8083,369,104,2,390,0,Card,2026-05-26,19:49:16,780.0
8084,174,118,3,150,0,Card,2026-02-07,18:59:07,450.0
8085,352,104,2,390,5,UPI,2026-05-02,13:26:03,741.0
8086,291,111,4,320,0,UPI,2026-04-29,19:13:45,1280.0
8087,426,101,1,695,0,UPI,2026-04-02,21:31:52,695.0
8088,363,107,1,695,0,UPI,2026-02-13,19:02:26,695.0
8089,218,113,1,220,0,UPI,2026-06-15,13:38:57,220.0
8090,463,116,1,120,10,UPI,2026-02-25,19:45:45,108.0
8091,395,120,1,120,5,Cash,2026-01-31,20:53:20,114.0
8092,33,110,2,280,15,UPI,2026-04-28,19:32:55,476.0
8093,184,102,1,380,0,Card,2026-06-08,13:58:52,380.0
8094,415,123,5,420,0,UPI,2026-01-11,20:19:42,2100.0
8095,232,120,1,120,0,Card,2026-06-10,14:01:45,120.0
8096,216,101,1,695,0,Card,2026-05-14,13:41:49,695.0
8097,368,116,1,120,0,UPI,2026-02-13,19:20:48,120.0
8098,348,123,1,420,0,Card,2026-04-11,19:55:26,420.0
8099,373,104,1,390,0,UPI,2026-04-17,13:58:51,390.0
8100,161,110,5,280,5,UPI,2026-03-03,13:19:19,1330.0
8101,216,123,3,420,0,UPI,2026-01-17,14:51:19,1260.0
8102,243,129,3,180,0,Card,2026-01-28,19:04:07,540.0
8103,277,112,2,240,0,UPI,2026-05-29,13:02:43,480.0
8104,77,129,4,180,0,UPI,2026-03-02,19:31:22,720.0
8105,45,106,1,300,5,Cash,2026-01-20,11:06:27,285.0
8106,101,120,1,120,10,UPI,2026-01-04,19:52:40,108.0
8107,438,105,1,420,0,Card,2026-03-17,13:41:55,420.0
8108,214,122,2,320,0,UPI,2026-04-03,12:33:14,640.0
8109,229,105,1,420,0,UPI,2026-01-22,13:29:09,420.0
8110,264,128,2,150,0,UPI,2026-05-12,13:45:16,300.0
8111,209,125,1,120,0,Cash,2026-03-04,21:35:52,120.0
8112,370,126,2,60,0,UPI,2026-02-10,18:12:16,120.0
8113,446,124,3,180,0,UPI,2026-03-23,12:05:31,540.0
8114,363,105,2,420,0,Card,2026-05-23,21:55:07,840.0
8115,225,101,1,695,5,Card,2026-02-06,18:16:40,660.25
8116,344,101,1,695,0,UPI,2026-05-19,12:45:31,695.0
8117,261,110,1,280,0,Card,2026-05-14,18:39:39,280.0
8118,176,113,1,220,0,Card,2026-04-17,13:46:28,220.0
8119,35,114,1,180,0,UPI,2026-04-14,12:15:15,180.0
8120,231,118,2,150,0,UPI,2026-04-23,18:51:31,300.0
8121,302,102,1,380,15,Card,2026-05-31,13:29:33,323.0
8122,240,128,4,150,0,UPI,2026-04-17,12:27:42,600.0
8123,377,104,1,390,10,UPI,2026-04-04,20:40:32,351.0
8124,402,126,1,60,10,UPI,2026-04-19,19:27:43,54.0
8125,7,123,2,420,0,Card,2026-04-27,18:15:05,840.0
8126,313,108,2,695,0,UPI,2026-01-03,12:38:34,1390.0
8127,35,117,2,130,15,UPI,2026-05-02,12:39:15,221.0
8128,472,109,2,650,0,UPI,2026-03-23,13:34:12,1300.0
8129,302,116,1,120,0,Cash,2026-02-04,20:28:48,120.0
8130,225,105,1,420,0,UPI,2026-01-24,13:38:15,420.0
8131,395,118,2,150,0,UPI,2026-02-02,11:54:43,300.0
8132,389,115,1,150,0,UPI,2026-03-05,20:45:40,150.0
8133,460,115,2,150,0,UPI,2026-03-13,20:15:12,300.0
8134,495,113,1,220,0,Cash,2026-05-07,18:59:22,220.0
8135,400,102,1,380,5,Card,2026-05-26,19:30:16,361.0
8136,9,129,1,180,0,UPI,2026-05-26,13:46:32,180.0
8137,321,127,1,90,0,UPI,2026-01-31,20:54:53,90.0
8138,132,112,2,240,5,UPI,2026-04-15,14:11:16,456.0
8139,9,119,3,220,0,UPI,2026-02-21,18:38:12,660.0
8140,297,107,1,695,10,UPI,2026-02-16,19:46:11,625.5
8141,473,102,1,380,0,Card,2026-05-15,12:32:54,380.0
8142,232,108,2,695,0,UPI,2026-04-27,11:38:48,1390.0
8143,67,115,1,150,0,UPI,2026-03-18,13:50:06,150.0
8144,411,101,3,695,0,UPI,2026-05-04,21:15:12,2085.0
8145,151,102,3,380,5,UPI,2026-06-22,19:16:57,1083.0
8146,234,103,1,320,5,Cash,2026-02-07,21:06:28,304.0
8147,45,114,1,180,0,UPI,2026-03-18,12:50:12,180.0
8148,439,121,2,350,10,Card,2026-05-26,18:24:41,630.0
8149,18,118,2,150,0,UPI,2026-05-31,19:28:31,300.0
8150,337,113,1,220,0,Card,2026-02-18,18:53:00,220.0
8151,270,107,3,695,0,UPI,2026-05-05,20:50:19,2085.0
8152,329,112,2,240,0,UPI,2026-06-21,20:41:05,480.0
8153,342,101,1,695,5,UPI,2026-06-20,12:47:22,660.25
8154,325,108,1,695,0,UPI,2026-03-28,18:01:55,695.0
8155,137,121,2,350,0,Card,2026-03-08,12:08:33,700.0
8156,333,126,1,60,0,Card,2026-01-01,19:09:18,60.0
8157,243,106,4,300,0,UPI,2026-01-16,14:27:54,1200.0
8158,139,111,1,320,0,UPI,2026-04-15,13:48:00,320.0
8159,74,105,1,420,0,Card,2026-06-22,18:56:25,420.0
8160,372,120,2,120,0,UPI,2026-02-28,20:52:09,240.0
8161,111,114,4,180,15,UPI,2026-02-18,14:42:44,612.0
8162,438,118,2,150,15,UPI,2026-04-07,19:12:39,255.0
8163,381,117,1,130,0,UPI,2026-04-24,19:59:38,130.0
8164,112,112,3,240,15,UPI,2026-02-01,13:51:11,612.0
8165,263,110,2,280,5,Cash,2026-05-02,13:00:17,532.0
8166,374,128,1,150,0,UPI,2026-01-18,21:28:53,150.0
8167,45,126,1,60,0,UPI,2026-04-01,13:03:03,60.0
8168,333,118,2,150,0,UPI,2026-06-21,12:30:51,300.0
8169,398,121,2,350,0,Card,2026-06-24,13:45:16,700.0
8170,327,122,1,320,0,Card,2026-06-05,21:30:49,320.0
8171,48,107,2,695,0,Card,2026-04-28,19:00:50,1390.0
8172,81,124,2,180,10,UPI,2026-06-11,19:40:28,324.0
8173,297,105,1,420,0,Cash,2026-05-07,12:00:01,420.0
8174,276,115,1,150,0,Card,2026-05-20,20:16:29,150.0
8175,344,107,1,695,0,Card,2026-02-10,22:24:24,695.0
8176,417,123,1,420,0,Card,2026-04-30,13:38:43,420.0
8177,95,128,2,150,10,UPI,2026-06-16,14:29:29,270.0
8178,319,103,2,320,0,UPI,2026-02-13,12:03:55,640.0
8179,257,121,2,350,0,UPI,2026-05-03,19:43:43,700.0
8180,181,121,2,350,0,UPI,2026-06-02,22:55:32,700.0
8181,142,119,2,220,0,UPI,2026-01-08,13:42:47,440.0
8182,211,108,1,695,0,UPI,2026-03-04,14:55:04,695.0
8183,386,102,5,380,0,Cash,2026-05-24,20:07:02,1900.0
8184,57,122,1,320,0,UPI,2026-03-09,12:08:37,320.0
8185,58,123,1,420,0,UPI,2026-04-16,13:30:52,420.0
8186,435,117,4,130,0,UPI,2026-05-13,13:32:21,520.0
8187,424,103,1,320,5,Card,2026-03-20,19:05:33,304.0
8188,390,123,3,420,0,UPI,2026-01-02,13:59:28,1260.0
8189,131,105,1,420,0,UPI,2026-01-22,12:55:38,420.0
8190,143,127,1,90,5,Card,2026-01-21,14:14:16,85.5
8191,261,114,3,180,0,UPI,2026-03-15,13:26:16,540.0
8192,167,106,1,300,0,UPI,2026-02-19,19:24:48,300.0
8193,228,116,1,120,15,Card,2026-01-15,13:42:49,102.0
8194,480,118,3,150,0,UPI,2026-05-18,19:39:58,450.0
8195,139,102,1,380,0,Card,2026-06-01,12:42:06,380.0
8196,321,106,3,300,5,Cash,2026-04-14,18:42:29,855.0
8197,211,124,1,180,0,Card,2026-01-13,21:06:10,180.0
8198,104,117,1,130,15,Card,2026-04-18,18:18:00,110.5
8199,191,124,1,180,0,Card,2026-06-14,13:47:15,180.0
8200,332,117,1,130,15,Card,2026-03-30,13:59:01,110.5
8201,73,102,3,380,0,UPI,2026-01-22,22:30:46,1140.0
8202,480,116,3,120,0,UPI,2026-02-09,12:19:11,360.0
8203,412,102,1,380,10,Cash,2026-06-23,19:33:15,342.0
8204,128,118,3,150,0,UPI,2026-05-17,13:36:17,450.0
8205,337,129,4,180,0,UPI,2026-02-11,20:35:46,720.0
8206,184,101,1,695,0,UPI,2026-01-04,19:24:42,695.0
8207,315,127,1,90,0,UPI,2026-06-01,14:49:49,90.0
8208,471,119,1,220,5,Cash,2026-01-25,18:27:06,209.0
8209,392,122,4,320,0,Card,2026-01-24,20:58:50,1280.0
8210,161,101,2,695,10,UPI,2026-01-10,18:55:22,1251.0
8211,215,104,2,390,15,Card,2026-04-16,19:05:51,663.0
8212,408,126,3,60,5,Card,2026-03-14,12:40:17,171.0
8213,17,123,1,420,5,UPI,2026-01-18,12:48:35,399.0
8214,482,103,2,320,0,UPI,2026-04-26,13:51:38,640.0
8215,298,102,1,380,0,UPI,2026-02-05,20:24:09,380.0
8216,396,110,1,280,5,Cash,2026-01-05,18:23:29,266.0
8217,314,108,1,695,0,Cash,2026-04-29,20:49:16,695.0
8218,463,124,2,180,0,UPI,2026-02-20,13:13:13,360.0
8219,147,124,2,180,0,Cash,2026-03-15,20:42:11,360.0
8220,245,121,1,350,5,Card,2026-06-06,20:24:08,332.5
8221,500,129,1,180,5,Card,2026-02-05,20:23:18,171.0
8222,407,119,3,220,5,UPI,2026-05-10,21:09:13,627.0
8223,95,104,4,390,0,UPI,2026-05-21,11:39:17,1560.0
8224,307,121,2,350,0,Card,2026-05-28,19:01:51,700.0
8225,495,119,1,220,0,UPI,2026-05-25,13:38:41,220.0
8226,195,123,2,420,0,UPI,2026-06-06,12:37:35,840.0
8227,294,105,1,420,0,UPI,2026-06-12,19:24:36,420.0
8228,401,124,1,180,15,Card,2026-06-02,13:55:37,153.0
8229,96,120,2,120,0,UPI,2026-02-06,11:56:53,240.0
8230,484,112,1,240,0,UPI,2026-05-08,12:06:09,240.0
8231,73,120,3,120,0,Card,2026-06-15,21:39:15,360.0
8232,293,104,3,390,0,UPI,2026-03-22,20:14:57,1170.0
8233,358,129,3,180,0,UPI,2026-03-15,18:08:13,540.0
8234,322,122,2,320,5,UPI,2026-01-23,13:30:03,608.0
8235,128,113,1,220,0,Card,2026-06-20,14:52:19,220.0
8236,459,102,2,380,0,UPI,2026-06-09,12:47:57,760.0
8237,299,124,2,180,10,UPI,2026-01-28,12:29:33,324.0
8238,492,118,3,150,10,UPI,2026-05-13,20:30:38,405.0
8239,270,130,3,220,0,Card,2026-03-25,19:24:48,660.0
8240,229,103,3,320,0,Card,2026-05-02,19:52:21,960.0
8241,303,104,2,390,5,Card,2026-03-03,12:47:35,741.0
8242,86,117,1,130,0,UPI,2026-01-24,20:37:08,130.0
8243,354,101,2,695,15,UPI,2026-04-19,12:33:29,1181.5
8244,391,125,1,120,0,UPI,2026-01-23,11:49:39,120.0
8245,237,102,1,380,0,UPI,2026-04-02,14:01:58,380.0
8246,121,117,2,130,0,UPI,2026-02-07,22:53:41,260.0
8247,308,122,2,320,0,UPI,2026-01-09,14:01:30,640.0
8248,25,121,2,350,0,UPI,2026-01-29,13:27:19,700.0
8249,391,122,1,320,0,UPI,2026-02-28,13:57:23,320.0
8250,90,120,1,120,5,UPI,2026-02-23,13:23:01,114.0
8251,108,124,2,180,0,Card,2026-03-13,12:46:45,360.0
8252,491,118,3,150,5,UPI,2026-03-12,19:13:19,427.5
8253,110,126,2,60,15,UPI,2026-05-29,20:59:47,102.0
8254,171,106,1,300,0,Card,2026-06-21,13:29:23,300.0
8255,67,107,3,695,0,Card,2026-04-10,13:42:48,2085.0
8256,466,127,2,90,0,UPI,2026-05-11,12:43:42,180.0
8257,45,114,1,180,5,Card,2026-02-10,11:24:36,171.0
8258,456,104,1,390,0,Card,2026-03-31,13:58:54,390.0
8259,167,113,1,220,10,UPI,2026-02-26,19:33:35,198.0
8260,273,118,5,150,0,UPI,2026-03-10,13:34:53,750.0
8261,84,111,1,320,15,UPI,2026-03-04,13:16:06,272.0
8262,359,116,2,120,5,Card,2026-05-05,19:00:44,228.0
8263,101,120,2,120,0,Card,2026-04-24,21:37:11,240.0
8264,113,106,4,300,10,UPI,2026-03-19,12:55:46,1080.0
8265,346,105,1,420,0,UPI,2026-03-30,13:16:44,420.0
8266,336,107,1,695,0,UPI,2026-01-25,12:52:32,695.0
8267,67,106,2,300,0,UPI,2026-02-11,12:29:14,600.0
8268,61,117,1,130,5,UPI,2026-03-29,19:50:47,123.5
8269,288,102,2,380,0,Card,2026-03-29,14:11:30,760.0
8270,139,130,4,220,0,Card,2026-06-09,20:48:40,880.0
8271,290,129,1,180,10,Card,2026-02-13,20:36:12,162.0
8272,450,105,1,420,0,UPI,2026-01-24,20:12:18,420.0
8273,86,105,1,420,5,UPI,2026-04-08,14:40:03,399.0
8274,230,116,2,120,15,UPI,2026-06-22,14:43:33,204.0
8275,34,117,2,130,0,Card,2026-03-29,12:00:15,260.0
8276,172,119,1,220,5,UPI,2026-01-02,13:28:07,209.0
8277,192,118,2,150,10,UPI,2026-02-16,13:28:16,270.0
8278,120,101,1,695,0,UPI,2026-05-20,12:23:33,695.0
8279,142,106,1,300,0,UPI,2026-06-09,14:58:37,300.0
8280,293,130,2,220,0,Card,2026-01-06,18:06:22,440.0
8281,49,123,1,420,0,UPI,2026-02-28,19:51:31,420.0
8282,213,117,2,130,5,Card,2026-05-27,18:28:45,247.0
8283,127,119,5,220,5,Card,2026-06-04,13:35:34,1045.0
8284,379,121,1,350,0,UPI,2026-01-21,14:43:10,350.0
8285,176,107,2,695,0,Card,2026-02-09,19:16:22,1390.0
8286,428,120,2,120,0,UPI,2026-03-08,19:20:03,240.0
8287,133,113,1,220,0,Card,2026-05-27,12:56:44,220.0
8288,122,128,3,150,0,Card,2026-02-18,14:43:36,450.0
8289,149,124,1,180,5,UPI,2026-02-03,12:04:40,171.0
8290,192,128,3,150,0,UPI,2026-01-28,14:45:47,450.0
8291,22,105,1,420,0,Card,2026-03-12,13:23:22,420.0
8292,77,116,4,120,0,UPI,2026-01-22,13:57:41,480.0
8293,40,130,2,220,5,UPI,2026-01-02,13:31:31,418.0
8294,55,130,1,220,0,UPI,2026-01-27,19:19:42,220.0
8295,224,105,2,420,0,Cash,2026-06-15,19:20:19,840.0
8296,115,105,2,420,0,Card,2026-04-23,13:32:06,840.0
8297,60,116,2,120,0,Card,2026-05-25,18:21:18,240.0
8298,92,116,1,120,15,UPI,2026-06-12,13:21:33,102.0
8299,14,118,3,150,10,UPI,2026-01-26,12:27:43,405.0
8300,253,101,1,695,5,UPI,2026-06-03,20:27:58,660.25
8301,270,101,1,695,5,Card,2026-01-17,19:19:17,660.25
8302,408,126,1,60,0,Card,2026-02-24,21:21:34,60.0
8303,84,118,1,150,0,UPI,2026-05-25,20:48:06,150.0
8304,160,101,1,695,10,Cash,2026-06-16,18:43:52,625.5
8305,38,118,3,150,5,Card,2026-04-05,19:54:00,427.5
8306,76,108,5,695,5,Card,2026-02-13,12:59:27,3301.25
8307,338,102,1,380,0,UPI,2026-05-03,18:45:18,380.0
8308,250,129,1,180,0,UPI,2026-06-11,18:08:32,180.0
8309,139,129,1,180,15,UPI,2026-06-21,19:51:52,153.0
8310,367,122,1,320,15,UPI,2026-02-17,14:38:47,272.0
8311,206,122,1,320,0,UPI,2026-04-12,20:11:59,320.0
8312,483,106,2,300,5,UPI,2026-03-27,19:02:18,570.0
8313,251,111,2,320,0,UPI,2026-05-23,13:29:02,640.0
8314,399,104,1,390,10,UPI,2026-04-23,12:34:10,351.0
8315,80,122,1,320,0,UPI,2026-05-07,19:59:46,320.0
8316,488,113,4,220,0,UPI,2026-03-20,11:47:19,880.0
8317,32,105,2,420,0,Cash,2026-05-04,13:03:02,840.0
8318,154,104,1,390,0,Cash,2026-04-10,12:57:41,390.0
8319,246,118,1,150,10,UPI,2026-06-03,21:27:34,135.0
8320,78,104,1,390,0,UPI,2026-04-28,18:15:31,390.0
8321,482,101,3,695,0,UPI,2026-01-22,14:24:21,2085.0
8322,138,102,1,380,0,UPI,2026-02-26,12:12:07,380.0
8323,51,110,3,280,0,UPI,2026-01-24,21:26:37,840.0
8324,146,110,2,280,0,Card,2026-02-16,19:23:29,560.0
8325,75,112,3,240,0,Card,2026-03-13,19:35:57,720.0
8326,308,117,2,130,0,UPI,2026-01-11,12:45:49,260.0
8327,60,104,1,390,0,Card,2026-05-25,19:06:36,390.0
8328,206,127,1,90,0,Cash,2026-04-19,11:03:18,90.0
8329,455,123,1,420,0,Cash,2026-02-08,12:53:57,420.0
8330,414,101,3,695,0,UPI,2026-03-19,13:25:38,2085.0
8331,295,108,2,695,0,UPI,2026-06-17,21:02:41,1390.0
8332,323,109,2,650,10,Card,2026-06-24,12:55:22,1170.0
8333,361,116,1,120,0,UPI,2026-02-07,13:49:34,120.0
8334,449,129,3,180,5,UPI,2026-04-01,12:00:35,513.0
8335,402,101,1,695,15,Card,2026-04-06,11:45:49,590.75
8336,386,103,2,320,10,Cash,2026-06-01,19:14:55,576.0
8337,181,101,5,695,0,UPI,2026-06-05,18:10:14,3475.0
8338,455,126,4,60,0,UPI,2026-03-23,22:27:34,240.0
8339,241,105,2,420,10,Cash,2026-03-23,13:52:37,756.0
8340,152,106,1,300,0,UPI,2026-02-21,19:32:29,300.0
8341,420,103,1,320,0,Card,2026-03-13,18:40:38,320.0
8342,52,123,3,420,0,UPI,2026-03-18,12:37:25,1260.0
8343,31,101,5,695,0,Card,2026-06-25,13:33:31,3475.0
8344,386,106,1,300,0,UPI,2026-01-16,21:54:15,300.0
8345,494,116,1,120,0,UPI,2026-03-07,14:39:27,120.0
8346,371,121,1,350,0,Card,2026-04-21,19:56:18,350.0
8347,277,109,1,650,0,UPI,2026-06-20,12:26:02,650.0
8348,73,101,2,695,0,UPI,2026-06-04,13:28:46,1390.0
8349,75,113,3,220,0,UPI,2026-02-21,18:53:45,660.0
8350,14,125,1,120,0,Cash,2026-03-22,12:04:54,120.0
8351,363,116,1,120,5,Cash,2026-06-23,12:51:58,114.0
8352,268,129,1,180,10,UPI,2026-03-21,19:31:41,162.0
8353,472,107,1,695,0,Card,2026-03-19,19:19:19,695.0
8354,136,109,4,650,5,UPI,2026-03-15,18:31:47,2470.0
8355,94,120,2,120,0,UPI,2026-01-10,21:02:45,240.0
8356,336,103,2,320,0,UPI,2026-01-28,18:49:53,640.0
8357,107,120,2,120,0,UPI,2026-02-02,19:39:27,240.0
8358,179,129,3,180,0,UPI,2026-01-11,12:11:15,540.0
8359,445,126,1,60,5,Card,2026-03-28,13:19:26,57.0
8360,78,103,2,320,0,UPI,2026-04-02,19:15:33,640.0
8361,234,119,1,220,0,Card,2026-01-11,18:35:45,220.0
8362,309,101,1,695,0,Cash,2026-02-22,13:38:22,695.0
8363,185,121,2,350,0,UPI,2026-01-23,12:37:05,700.0
8364,468,108,2,695,0,Cash,2026-02-21,18:38:47,1390.0
8365,36,129,1,180,0,UPI,2026-03-15,14:03:50,180.0
8366,489,105,1,420,10,UPI,2026-05-29,20:29:27,378.0
8367,11,118,1,150,0,Card,2026-01-22,20:08:17,150.0
8368,354,103,1,320,0,UPI,2026-02-23,18:28:22,320.0
8369,151,119,2,220,0,UPI,2026-04-27,19:03:26,440.0
8370,91,101,5,695,0,Card,2026-03-18,14:21:34,3475.0
8371,94,115,1,150,0,Cash,2026-02-10,19:14:43,150.0
8372,458,113,3,220,0,Card,2026-01-30,14:18:00,660.0
8373,451,108,3,695,15,Card,2026-01-16,19:27:49,1772.25
8374,491,105,1,420,0,UPI,2026-03-08,19:44:12,420.0
8375,22,127,3,90,0,Cash,2026-05-31,20:14:22,270.0
8376,113,104,1,390,0,UPI,2026-03-29,20:19:55,390.0
8377,224,113,1,220,15,UPI,2026-03-06,14:02:41,187.0
8378,207,128,2,150,0,UPI,2026-01-23,11:12:22,300.0
8379,297,110,4,280,0,UPI,2026-04-01,18:47:17,1120.0
8380,493,108,5,695,0,UPI,2026-06-26,18:34:49,3475.0
8381,106,108,3,695,0,UPI,2026-01-09,19:17:12,2085.0
8382,364,101,2,695,0,UPI,2026-06-03,12:17:03,1390.0
8383,44,130,1,220,0,Cash,2026-02-02,13:51:43,220.0
8384,193,101,3,695,5,UPI,2026-03-10,20:27:17,1980.75
8385,56,120,1,120,5,UPI,2026-01-18,13:15:24,114.0
8386,361,106,3,300,15,Cash,2026-02-17,13:56:43,765.0
8387,194,109,1,650,15,UPI,2026-04-29,12:59:07,552.5
8388,323,102,2,380,5,UPI,2026-02-20,21:32:24,722.0
8389,34,126,1,60,0,Card,2026-01-03,13:11:16,60.0
8390,122,112,1,240,0,UPI,2026-04-11,13:14:58,240.0
8391,441,121,2,350,0,UPI,2026-06-13,22:07:18,700.0
8392,99,125,2,120,0,Card,2026-04-27,20:21:58,240.0
8393,142,129,1,180,10,UPI,2026-06-22,13:23:26,162.0
8394,57,106,2,300,5,Card,2026-01-24,14:38:00,570.0
8395,37,103,4,320,0,Cash,2026-06-27,13:47:35,1280.0
8396,148,102,1,380,0,Cash,2026-05-09,13:44:42,380.0
8397,143,101,1,695,10,Card,2026-03-16,14:34:26,625.5
8398,376,116,3,120,0,Cash,2026-04-12,11:10:43,360.0
8399,20,112,2,240,10,Card,2026-04-22,13:39:10,432.0
8400,69,104,1,390,0,UPI,2026-04-25,14:12:13,390.0
8401,291,103,1,320,0,UPI,2026-01-17,13:24:40,320.0
8402,434,111,2,320,0,UPI,2026-01-20,19:57:04,640.0
8403,231,118,4,150,0,Card,2026-02-13,19:47:39,600.0
8404,279,101,1,695,5,Cash,2026-04-25,13:43:15,660.25
8405,54,105,3,420,0,UPI,2026-04-23,12:49:43,1260.0
8406,79,118,1,150,10,UPI,2026-03-26,20:56:28,135.0
8407,280,129,3,180,0,Card,2026-01-14,12:20:58,540.0
8408,301,106,1,300,0,UPI,2026-01-06,13:15:06,300.0
8409,321,111,2,320,0,Card,2026-01-23,13:23:42,640.0
8410,207,123,3,420,0,Cash,2026-06-13,14:59:39,1260.0
8411,36,120,1,120,0,UPI,2026-03-07,18:41:07,120.0
8412,462,107,1,695,0,UPI,2026-01-10,12:19:39,695.0
8413,369,119,2,220,0,Cash,2026-03-27,20:29:18,440.0
8414,225,101,1,695,0,Card,2026-04-14,18:59:41,695.0
8415,99,104,3,390,15,UPI,2026-02-17,20:30:57,994.5
8416,371,118,1,150,0,Cash,2026-04-04,13:01:51,150.0
8417,472,128,1,150,0,UPI,2026-04-14,19:10:18,150.0
8418,426,116,4,120,0,UPI,2026-05-13,21:32:24,480.0
8419,96,124,1,180,10,UPI,2026-05-14,18:24:35,162.0
8420,206,102,1,380,0,Cash,2026-06-07,11:43:45,380.0
8421,466,105,1,420,0,UPI,2026-03-20,11:28:02,420.0
8422,324,103,1,320,0,Card,2026-02-23,11:39:36,320.0
8423,171,105,1,420,0,UPI,2026-01-27,14:34:57,420.0
8424,68,126,1,60,0,Card,2026-01-14,21:14:46,60.0
8425,372,106,3,300,0,Cash,2026-05-03,13:54:44,900.0
8426,103,112,2,240,15,Cash,2026-05-26,12:29:31,408.0
8427,187,102,2,380,15,UPI,2026-04-04,20:44:25,646.0
8428,247,101,2,695,0,UPI,2026-06-15,19:44:36,1390.0
8429,422,105,3,420,0,UPI,2026-04-01,20:06:49,1260.0
8430,397,107,2,695,10,UPI,2026-02-20,19:18:28,1251.0
8431,173,108,1,695,0,UPI,2026-04-12,21:43:32,695.0
8432,265,113,2,220,0,Cash,2026-03-27,18:30:56,440.0
8433,137,115,2,150,10,UPI,2026-01-24,12:04:54,270.0
8434,138,101,2,695,0,UPI,2026-03-19,19:42:12,1390.0
8435,190,116,1,120,0,UPI,2026-01-15,20:41:44,120.0
8436,312,123,1,420,5,UPI,2026-06-18,18:43:58,399.0
8437,323,121,1,350,5,UPI,2026-01-03,13:32:05,332.5
8438,84,110,3,280,0,UPI,2026-04-04,19:52:49,840.0
8439,136,117,1,130,0,Cash,2026-01-21,18:56:04,130.0
8440,148,104,1,390,10,Card,2026-01-14,11:27:07,351.0
8441,354,102,1,380,0,UPI,2026-06-18,13:17:45,380.0
8442,463,108,3,695,0,UPI,2026-06-03,20:18:29,2085.0
8443,81,122,2,320,0,UPI,2026-01-14,14:11:54,640.0
8444,261,127,1,90,0,Card,2026-01-11,12:41:33,90.0
8445,202,111,5,320,0,UPI,2026-02-07,13:44:12,1600.0
8446,370,110,1,280,0,UPI,2026-06-25,22:50:36,280.0
8447,471,113,2,220,0,Card,2026-01-16,13:19:14,440.0
8448,51,108,2,695,0,UPI,2026-05-22,18:33:35,1390.0
8449,58,125,1,120,0,UPI,2026-01-26,21:33:39,120.0
8450,146,104,3,390,0,UPI,2026-04-08,20:47:25,1170.0
8451,185,101,2,695,0,UPI,2026-04-28,18:55:23,1390.0
8452,27,105,4,420,5,Card,2026-04-17,19:05:39,1596.0
8453,261,106,2,300,5,UPI,2026-05-13,11:17:57,570.0
8454,286,124,4,180,0,Card,2026-02-01,19:29:23,720.0
8455,477,101,2,695,5,UPI,2026-05-25,11:50:17,1320.5
8456,105,123,1,420,10,Card,2026-06-22,14:15:59,378.0
8457,76,107,1,695,0,UPI,2026-01-01,19:00:06,695.0
8458,407,116,1,120,0,UPI,2026-05-25,21:47:26,120.0
8459,418,114,1,180,10,UPI,2026-01-29,14:53:22,162.0
8460,343,120,1,120,0,UPI,2026-05-23,18:42:51,120.0
8461,192,120,3,120,0,UPI,2026-01-20,13:36:55,360.0
8462,192,115,3,150,0,Cash,2026-04-24,13:20:20,450.0
8463,225,103,3,320,0,UPI,2026-01-02,11:30:43,960.0
8464,47,123,2,420,0,UPI,2026-04-11,13:40:21,840.0
8465,343,108,3,695,15,UPI,2026-06-26,13:51:15,1772.25
8466,274,104,2,390,0,Cash,2026-06-21,12:12:39,780.0
8467,149,124,1,180,5,Card,2026-01-15,13:15:26,171.0
8468,185,111,1,320,5,UPI,2026-02-16,12:19:40,304.0
8469,345,105,2,420,0,Cash,2026-03-17,12:40:23,840.0
8470,410,105,1,420,0,UPI,2026-06-06,13:52:50,420.0
8471,383,119,3,220,0,UPI,2026-02-03,12:18:34,660.0
8472,320,120,5,120,0,Cash,2026-02-25,12:50:49,600.0
8473,127,120,2,120,0,UPI,2026-04-26,13:12:30,240.0
8474,169,119,2,220,0,UPI,2026-05-19,22:55:17,440.0
8475,286,118,5,150,15,UPI,2026-03-30,11:43:14,637.5
8476,161,119,2,220,0,UPI,2026-03-11,21:18:41,440.0
8477,412,102,1,380,0,Cash,2026-06-13,21:54:15,380.0
8478,366,105,4,420,0,UPI,2026-05-10,12:42:00,1680.0
8479,40,111,2,320,0,UPI,2026-01-08,21:05:02,640.0
8480,295,103,1,320,0,UPI,2026-05-17,20:12:49,320.0
8481,146,129,1,180,0,Cash,2026-03-19,18:41:16,180.0
8482,71,111,4,320,0,Cash,2026-04-17,21:42:03,1280.0
8483,42,113,2,220,0,Card,2026-06-13,18:20:57,440.0
8484,480,116,1,120,0,UPI,2026-05-24,12:45:46,120.0
8485,238,101,4,695,0,UPI,2026-03-07,18:18:23,2780.0
8486,348,101,2,695,0,Card,2026-05-15,12:09:23,1390.0
8487,44,114,1,180,10,UPI,2026-04-16,20:46:26,162.0
8488,32,129,1,180,0,UPI,2026-03-29,13:41:48,180.0
8489,161,127,3,90,10,Card,2026-06-29,20:32:08,243.0
8490,177,106,2,300,5,UPI,2026-03-02,13:47:16,570.0
8491,101,101,2,695,0,Cash,2026-01-15,19:54:19,1390.0
8492,237,119,1,220,5,UPI,2026-06-25,12:16:48,209.0
8493,416,103,1,320,0,UPI,2026-04-22,13:21:50,320.0
8494,192,114,1,180,10,UPI,2026-03-18,20:44:15,162.0
8495,210,116,1,120,5,UPI,2026-01-03,12:31:08,114.0
8496,3,108,1,695,0,UPI,2026-05-09,20:11:47,695.0
8497,82,104,2,390,10,UPI,2026-05-03,12:03:12,702.0
8498,184,115,1,150,10,Card,2026-03-05,11:44:18,135.0
8499,25,117,1,130,0,Cash,2026-01-22,20:38:38,130.0
8500,118,106,2,300,0,UPI,2026-04-29,14:56:03,600.0
8501,378,122,3,320,0,UPI,2026-05-28,12:20:02,960.0
8502,385,114,1,180,0,Card,2026-05-07,18:59:10,180.0
8503,492,116,1,120,5,UPI,2026-05-07,13:01:29,114.0
8504,190,102,1,380,0,UPI,2026-03-21,12:36:06,380.0
8505,252,118,5,150,0,Cash,2026-05-03,20:46:15,750.0
8506,143,129,1,180,10,UPI,2026-06-26,13:54:29,162.0
8507,463,104,3,390,10,Cash,2026-04-19,19:12:38,1053.0
8508,174,114,2,180,0,Card,2026-01-24,20:10:44,360.0
8509,295,113,5,220,0,Card,2026-01-23,13:52:03,1100.0
8510,88,123,2,420,0,Cash,2026-05-11,12:56:31,840.0
8511,249,108,1,695,0,Card,2026-02-10,19:17:03,695.0
8512,453,107,2,695,5,UPI,2026-01-19,19:42:45,1320.5
8513,245,105,1,420,5,Cash,2026-05-28,19:57:31,399.0
8514,477,108,1,695,0,Card,2026-02-08,19:54:39,695.0
8515,488,101,1,695,0,Cash,2026-04-28,20:38:53,695.0
8516,339,102,1,380,5,UPI,2026-06-22,19:22:50,361.0
8517,451,106,2,300,0,Cash,2026-04-25,20:34:01,600.0
8518,236,118,3,150,5,UPI,2026-05-09,20:52:05,427.5
8519,55,113,3,220,0,Card,2026-03-24,18:09:57,660.0
8520,345,110,3,280,0,UPI,2026-01-24,20:19:30,840.0
8521,77,110,4,280,0,UPI,2026-04-28,12:14:36,1120.0
8522,424,105,2,420,0,Cash,2026-02-28,18:42:50,840.0
8523,41,116,1,120,0,UPI,2026-05-22,14:25:35,120.0
8524,240,116,2,120,0,Card,2026-03-15,14:35:37,240.0
8525,275,106,1,300,10,UPI,2026-05-02,12:57:23,270.0
8526,482,113,2,220,0,UPI,2026-01-23,13:44:14,440.0
8527,325,129,4,180,0,Cash,2026-01-14,12:39:25,720.0
8528,108,102,1,380,0,UPI,2026-04-01,20:03:26,380.0
8529,172,116,1,120,5,UPI,2026-04-28,20:33:43,114.0
8530,419,104,2,390,0,Cash,2026-03-20,13:33:24,780.0
8531,407,118,3,150,5,UPI,2026-02-21,18:34:13,427.5
8532,130,106,1,300,0,Card,2026-01-27,19:12:57,300.0
8533,341,104,1,390,5,UPI,2026-04-25,19:40:59,370.5
8534,498,113,3,220,0,Card,2026-05-29,18:54:33,660.0
8535,213,107,1,695,0,Card,2026-06-24,19:56:51,695.0
8536,60,112,1,240,0,UPI,2026-03-03,13:10:58,240.0
8537,71,128,1,150,0,UPI,2026-04-15,18:27:31,150.0
8538,263,118,3,150,5,Card,2026-05-21,14:00:19,427.5
8539,93,102,1,380,0,UPI,2026-02-11,13:04:53,380.0
8540,154,128,2,150,5,UPI,2026-05-04,13:15:25,285.0
8541,180,107,4,695,0,UPI,2026-03-21,12:51:36,2780.0
8542,171,108,1,695,0,UPI,2026-05-25,12:26:09,695.0
8543,79,101,2,695,0,Card,2026-02-22,13:07:49,1390.0
8544,293,111,1,320,0,UPI,2026-05-20,13:42:04,320.0
8545,122,116,4,120,0,Card,2026-01-15,12:50:05,480.0
8546,164,120,1,120,0,Cash,2026-06-09,19:05:21,120.0
8547,10,117,1,130,0,UPI,2026-04-02,21:08:22,130.0
8548,491,118,5,150,0,UPI,2026-04-22,19:12:34,750.0
8549,205,105,1,420,0,UPI,2026-02-07,12:08:47,420.0
8550,219,102,2,380,0,UPI,2026-03-01,20:31:48,760.0
8551,464,107,2,695,0,UPI,2026-05-25,19:56:43,1390.0
8552,8,103,1,320,0,UPI,2026-01-14,12:59:15,320.0
8553,20,128,5,150,0,UPI,2026-01-19,19:18:29,750.0
8554,447,107,1,695,0,Cash,2026-04-24,13:22:57,695.0
8555,238,105,1,420,0,UPI,2026-05-19,13:01:23,420.0
8556,347,104,3,390,15,Cash,2026-05-09,18:23:49,994.5
8557,402,116,3,120,15,UPI,2026-06-28,13:33:29,306.0
8558,460,105,1,420,10,Cash,2026-02-21,20:38:10,378.0
8559,40,104,2,390,10,UPI,2026-01-26,18:30:12,702.0
8560,157,102,2,380,0,UPI,2026-02-20,13:16:07,760.0
8561,401,108,2,695,10,UPI,2026-05-08,12:49:56,1251.0
8562,179,110,1,280,0,UPI,2026-03-18,20:41:59,280.0
8563,139,102,2,380,0,UPI,2026-02-19,13:18:25,760.0
8564,194,102,3,380,0,Card,2026-02-13,13:37:45,1140.0
8565,253,122,2,320,5,Card,2026-06-17,14:17:31,608.0
8566,89,114,2,180,0,Cash,2026-06-22,19:23:41,360.0
8567,73,115,2,150,0,Card,2026-01-02,13:57:16,300.0
8568,55,108,1,695,10,UPI,2026-06-19,13:42:16,625.5
8569,152,109,4,650,5,Cash,2026-05-21,20:53:00,2470.0
8570,41,101,2,695,15,UPI,2026-02-14,11:46:44,1181.5
8571,26,126,1,60,0,UPI,2026-02-09,14:28:48,60.0
8572,371,119,3,220,0,Card,2026-01-01,13:04:14,660.0
8573,355,116,3,120,10,UPI,2026-03-11,14:59:40,324.0
8574,212,102,2,380,0,Card,2026-06-09,14:40:28,760.0
8575,215,114,3,180,0,Cash,2026-01-20,11:46:29,540.0
8576,478,105,1,420,0,Cash,2026-02-21,13:47:05,420.0
8577,472,116,1,120,0,UPI,2026-05-05,14:23:54,120.0
8578,303,123,1,420,0,UPI,2026-04-25,18:09:54,420.0
8579,21,103,3,320,0,UPI,2026-02-17,19:57:07,960.0
8580,280,114,1,180,0,UPI,2026-06-16,19:24:24,180.0
8581,260,125,1,120,0,UPI,2026-05-13,19:50:36,120.0
8582,393,103,1,320,0,UPI,2026-04-01,14:32:03,320.0
8583,474,117,3,130,0,UPI,2026-01-14,13:50:55,390.0
8584,367,113,1,220,0,UPI,2026-03-09,14:47:31,220.0
8585,15,110,1,280,0,Card,2026-02-05,12:14:04,280.0
8586,14,102,1,380,0,UPI,2026-01-13,21:44:12,380.0
8587,152,101,1,695,10,UPI,2026-04-12,14:16:11,625.5
8588,351,118,2,150,0,Cash,2026-01-06,14:21:15,300.0
8589,60,108,1,695,0,UPI,2026-05-23,12:48:57,695.0
8590,406,123,2,420,0,UPI,2026-01-30,13:37:52,840.0
8591,54,107,1,695,0,UPI,2026-02-22,12:16:56,695.0
8592,424,118,2,150,0,Card,2026-04-16,19:42:41,300.0
8593,102,120,1,120,0,UPI,2026-06-29,19:19:14,120.0
8594,319,110,1,280,5,Card,2026-06-01,13:43:58,266.0
8595,258,110,2,280,0,Card,2026-05-01,12:22:18,560.0
8596,171,120,2,120,0,UPI,2026-06-30,14:41:03,240.0
8597,359,115,2,150,15,Cash,2026-06-09,11:52:36,255.0
8598,232,104,3,390,0,UPI,2026-05-16,12:48:02,1170.0
8599,183,105,2,420,0,UPI,2026-01-04,13:26:37,840.0
8600,126,123,3,420,0,UPI,2026-02-10,12:53:09,1260.0
8601,141,101,1,695,0,Card,2026-03-27,18:56:06,695.0
8602,359,101,1,695,5,UPI,2026-04-28,19:18:09,660.25
8603,375,121,4,350,0,UPI,2026-04-07,20:38:51,1400.0
8604,165,101,1,695,5,UPI,2026-05-19,19:30:03,660.25
8605,138,121,2,350,5,UPI,2026-04-10,18:55:18,665.0
8606,309,117,2,130,0,UPI,2026-05-17,13:10:12,260.0
8607,157,109,5,650,0,Card,2026-03-29,14:38:39,3250.0
8608,325,103,4,320,0,UPI,2026-04-14,12:00:55,1280.0
8609,233,119,1,220,0,UPI,2026-02-24,19:11:11,220.0
8610,281,121,5,350,10,UPI,2026-03-21,20:12:06,1575.0
8611,164,116,1,120,5,Cash,2026-03-13,19:38:59,114.0
8612,380,124,1,180,0,UPI,2026-04-09,13:12:55,180.0
8613,255,120,1,120,0,UPI,2026-03-14,19:39:04,120.0
8614,214,109,2,650,0,UPI,2026-03-30,14:45:15,1300.0
8615,75,108,1,695,0,Card,2026-06-11,19:01:01,695.0
8616,40,103,1,320,0,UPI,2026-02-23,12:42:01,320.0
8617,267,108,1,695,0,UPI,2026-03-27,14:41:16,695.0
8618,370,109,1,650,0,UPI,2026-06-09,20:23:28,650.0
8619,372,108,1,695,0,UPI,2026-06-21,19:37:31,695.0
8620,360,115,2,150,10,UPI,2026-06-25,18:56:46,270.0
8621,437,104,3,390,0,UPI,2026-06-08,19:00:23,1170.0
8622,407,101,1,695,0,UPI,2026-01-13,14:13:06,695.0
8623,159,121,3,350,10,UPI,2026-03-08,19:12:54,945.0
8624,103,104,1,390,0,Card,2026-05-15,21:40:17,390.0
8625,203,117,1,130,15,Cash,2026-04-29,20:48:34,110.5
8626,384,108,2,695,15,UPI,2026-04-13,19:51:35,1181.5
8627,69,123,2,420,0,UPI,2026-01-30,13:12:07,840.0
8628,360,117,1,130,5,UPI,2026-04-06,18:03:52,123.5
8629,226,105,5,420,0,Cash,2026-04-07,11:45:57,2100.0
8630,333,103,2,320,0,Card,2026-04-15,19:07:12,640.0
8631,325,129,2,180,0,Cash,2026-03-26,12:15:45,360.0
8632,418,125,1,120,0,UPI,2026-05-26,12:37:58,120.0
8633,484,101,4,695,0,Card,2026-01-23,20:20:05,2780.0
8634,494,101,1,695,10,UPI,2026-02-27,12:02:49,625.5
8635,269,101,3,695,0,Card,2026-05-15,18:39:55,2085.0
8636,161,128,3,150,15,UPI,2026-05-22,12:59:33,382.5
8637,387,120,3,120,0,Card,2026-06-08,18:50:04,360.0
8638,196,126,1,60,5,Cash,2026-05-31,13:06:03,57.0
8639,255,102,2,380,0,Cash,2026-04-16,19:28:13,760.0
8640,131,101,4,695,0,UPI,2026-04-22,19:02:36,2780.0
8641,399,114,1,180,0,UPI,2026-06-11,21:02:14,180.0
8642,50,129,1,180,0,Cash,2026-03-07,19:30:11,180.0
8643,453,111,2,320,0,UPI,2026-04-24,13:28:45,640.0
8644,279,117,2,130,5,UPI,2026-06-21,13:42:29,247.0
8645,429,124,1,180,0,UPI,2026-04-15,19:55:09,180.0
8646,230,106,1,300,0,Cash,2026-04-20,18:39:25,300.0
8647,185,123,1,420,0,UPI,2026-06-03,19:20:04,420.0
8648,135,108,3,695,0,Card,2026-01-07,12:52:58,2085.0
8649,180,108,1,695,5,Card,2026-04-06,22:25:47,660.25
8650,43,109,3,650,0,UPI,2026-04-14,11:01:17,1950.0
8651,417,113,2,220,0,UPI,2026-05-14,12:48:50,440.0
8652,466,111,2,320,10,UPI,2026-05-25,13:04:58,576.0
8653,96,103,4,320,0,UPI,2026-05-31,19:14:43,1280.0
8654,385,107,1,695,0,UPI,2026-04-03,12:59:44,695.0
8655,392,105,2,420,0,UPI,2026-03-07,14:04:17,840.0
8656,403,118,3,150,0,UPI,2026-03-15,19:45:47,450.0
8657,222,103,1,320,0,UPI,2026-02-27,19:14:07,320.0
8658,113,107,1,695,0,Cash,2026-03-29,21:15:10,695.0
8659,314,119,2,220,0,UPI,2026-05-05,19:13:03,440.0
8660,7,107,1,695,0,UPI,2026-04-23,12:00:17,695.0
8661,228,114,2,180,0,UPI,2026-05-07,19:24:01,360.0
8662,79,102,1,380,0,Card,2026-04-09,12:55:02,380.0
8663,16,101,1,695,15,UPI,2026-06-17,12:50:03,590.75
8664,330,126,1,60,0,UPI,2026-01-27,21:55:17,60.0
8665,36,103,1,320,15,Card,2026-06-12,13:14:13,272.0
8666,348,102,4,380,0,Card,2026-04-03,21:43:06,1520.0
8667,20,123,1,420,0,UPI,2026-04-22,13:16:55,420.0
8668,16,102,1,380,0,Card,2026-06-18,19:25:56,380.0
8669,162,101,1,695,5,UPI,2026-05-05,13:01:34,660.25
8670,108,109,1,650,10,UPI,2026-01-17,19:49:12,585.0
8671,138,105,1,420,0,Card,2026-06-08,20:06:07,420.0
8672,368,101,1,695,0,Card,2026-05-08,20:09:08,695.0
8673,250,111,1,320,0,UPI,2026-01-14,20:57:14,320.0
8674,373,113,4,220,0,UPI,2026-01-11,12:44:38,880.0
8675,380,120,1,120,0,UPI,2026-03-04,19:37:06,120.0
8676,476,101,1,695,0,UPI,2026-03-09,19:25:04,695.0
8677,219,127,1,90,5,UPI,2026-01-05,19:42:18,85.5
8678,51,103,1,320,0,UPI,2026-06-16,18:24:47,320.0
8679,484,101,2,695,5,UPI,2026-06-07,20:38:18,1320.5
8680,440,120,1,120,0,Card,2026-06-14,14:05:58,120.0
8681,94,102,2,380,0,UPI,2026-04-11,18:16:29,760.0
8682,304,129,1,180,0,UPI,2026-04-25,11:40:06,180.0
8683,424,116,5,120,0,Card,2026-03-23,18:44:36,600.0
8684,14,118,2,150,0,Cash,2026-05-10,21:07:23,300.0
8685,169,107,2,695,0,UPI,2026-04-30,12:22:29,1390.0
8686,38,121,3,350,0,Card,2026-05-16,19:51:02,1050.0
8687,34,114,3,180,0,Cash,2026-06-08,12:55:07,540.0
8688,112,116,1,120,0,UPI,2026-03-23,19:23:55,120.0
8689,328,107,2,695,10,Cash,2026-01-05,20:42:03,1251.0
8690,307,103,2,320,0,UPI,2026-06-28,14:41:45,640.0
8691,108,126,2,60,5,UPI,2026-06-25,18:42:41,114.0
8692,434,124,2,180,0,UPI,2026-03-26,19:33:45,360.0
8693,416,105,1,420,0,UPI,2026-03-02,19:18:33,420.0
8694,294,103,2,320,5,UPI,2026-02-07,14:17:38,608.0
8695,200,102,1,380,0,Cash,2026-01-12,20:54:03,380.0
8696,109,118,3,150,0,UPI,2026-02-04,12:30:45,450.0
8697,355,102,4,380,0,UPI,2026-06-19,20:39:10,1520.0
8698,364,124,1,180,0,Cash,2026-03-21,19:47:26,180.0
8699,338,123,2,420,5,Cash,2026-02-17,11:53:34,798.0
8700,247,127,1,90,0,Card,2026-06-01,19:11:00,90.0
8701,297,106,1,300,0,UPI,2026-01-18,21:34:40,300.0
8702,260,125,1,120,0,UPI,2026-04-17,12:33:23,120.0
8703,240,125,1,120,0,Card,2026-04-03,19:57:03,120.0
8704,52,108,2,695,10,UPI,2026-01-16,11:42:07,1251.0
8705,490,104,2,390,0,Card,2026-06-21,18:55:04,780.0
8706,199,115,1,150,0,Card,2026-02-21,13:42:33,150.0
8707,240,121,1,350,0,Card,2026-05-04,13:05:32,350.0
8708,280,101,5,695,0,UPI,2026-05-23,19:06:23,3475.0
8709,51,109,5,650,0,Cash,2026-03-12,20:00:05,3250.0
8710,193,103,3,320,0,Card,2026-01-19,21:49:24,960.0
8711,454,116,1,120,0,Cash,2026-02-04,12:30:19,120.0
8712,24,118,1,150,10,UPI,2026-06-22,18:10:58,135.0
8713,422,121,5,350,0,UPI,2026-06-14,21:53:23,1750.0
8714,76,128,1,150,0,UPI,2026-05-22,20:42:32,150.0
8715,203,111,1,320,5,Card,2026-01-23,12:34:17,304.0
8716,489,122,1,320,0,UPI,2026-01-15,11:28:49,320.0
8717,44,107,2,695,15,UPI,2026-03-11,19:01:01,1181.5
8718,382,107,1,695,0,Card,2026-05-30,13:29:11,695.0
8719,39,121,4,350,0,Cash,2026-06-28,21:59:42,1400.0
8720,212,120,1,120,0,Cash,2026-02-08,12:08:03,120.0
8721,151,116,1,120,0,UPI,2026-04-06,19:01:51,120.0
8722,199,128,1,150,15,UPI,2026-04-04,12:19:27,127.5
8723,463,121,2,350,0,Cash,2026-02-12,22:23:09,700.0
8724,499,109,1,650,15,UPI,2026-03-27,12:36:51,552.5
8725,398,109,1,650,0,Cash,2026-06-01,12:13:56,650.0
8726,210,118,1,150,5,UPI,2026-04-09,18:33:25,142.5
8727,124,108,1,695,0,Card,2026-05-30,20:14:33,695.0
8728,346,109,3,650,0,Card,2026-05-17,20:06:23,1950.0
8729,232,113,1,220,0,Cash,2026-01-21,11:59:20,220.0
8730,19,108,1,695,0,UPI,2026-05-17,13:31:20,695.0
8731,88,105,1,420,10,Card,2026-03-17,19:17:57,378.0
8732,260,101,1,695,0,UPI,2026-04-27,12:42:06,695.0
8733,270,116,1,120,0,Card,2026-06-18,13:38:39,120.0
8734,225,101,2,695,10,UPI,2026-04-12,19:38:50,1251.0
8735,289,123,2,420,5,Card,2026-04-24,14:25:34,798.0
8736,302,112,1,240,5,UPI,2026-01-06,14:00:15,228.0
8737,3,119,2,220,0,UPI,2026-04-25,13:05:20,440.0
8738,478,126,1,60,0,Card,2026-01-13,18:00:13,60.0
8739,108,108,1,695,0,Cash,2026-02-04,18:44:22,695.0
8740,363,110,1,280,0,Card,2026-05-18,12:41:20,280.0
8741,5,128,1,150,0,Card,2026-03-18,12:35:32,150.0
8742,494,120,1,120,15,UPI,2026-06-10,19:40:59,102.0
8743,23,108,1,695,0,Cash,2026-03-12,13:46:28,695.0
8744,257,108,2,695,0,Cash,2026-03-05,12:43:26,1390.0
8745,162,119,1,220,5,Cash,2026-03-25,14:14:44,209.0
8746,100,109,1,650,0,Card,2026-05-27,12:37:24,650.0
8747,359,108,2,695,0,UPI,2026-01-14,14:14:31,1390.0
8748,88,117,4,130,0,UPI,2026-04-09,12:55:23,520.0
8749,130,116,4,120,10,UPI,2026-05-29,12:33:07,432.0
8750,252,101,4,695,0,Card,2026-02-07,21:55:21,2780.0
8751,364,123,1,420,15,UPI,2026-03-26,21:05:05,357.0
8752,398,116,1,120,5,UPI,2026-06-04,20:11:51,114.0
8753,300,116,1,120,0,Card,2026-03-21,21:01:14,120.0
8754,130,121,1,350,0,Cash,2026-01-04,11:36:12,350.0
8755,87,128,1,150,0,UPI,2026-02-18,19:51:13,150.0
8756,370,120,2,120,0,UPI,2026-04-28,19:33:15,240.0
8757,473,126,2,60,0,Card,2026-02-25,12:20:50,120.0
8758,90,117,2,130,0,UPI,2026-03-03,13:06:37,260.0
8759,381,101,2,695,5,UPI,2026-05-02,18:43:56,1320.5
8760,199,101,3,695,0,UPI,2026-04-12,12:46:47,2085.0
8761,243,120,4,120,5,UPI,2026-05-28,12:02:11,456.0
8762,249,105,4,420,0,Cash,2026-02-18,13:03:02,1680.0
8763,103,122,2,320,0,UPI,2026-04-08,12:55:45,640.0
8764,437,107,3,695,0,UPI,2026-05-13,21:08:53,2085.0
8765,246,118,1,150,0,UPI,2026-01-17,13:25:16,150.0
8766,419,104,1,390,0,UPI,2026-01-18,13:48:37,390.0
8767,130,106,1,300,0,Cash,2026-03-06,19:59:19,300.0
8768,238,119,3,220,10,Card,2026-03-04,20:36:59,594.0
8769,218,105,3,420,5,UPI,2026-03-14,13:21:49,1197.0
8770,287,121,1,350,10,Cash,2026-05-03,14:13:02,315.0
8771,191,101,4,695,0,UPI,2026-01-15,13:43:47,2780.0
8772,105,120,1,120,10,Card,2026-02-11,18:02:23,108.0
8773,36,102,2,380,15,UPI,2026-04-26,20:46:18,646.0
8774,268,122,2,320,10,UPI,2026-01-05,12:26:10,576.0
8775,65,125,1,120,10,UPI,2026-01-16,21:50:09,108.0
8776,420,130,1,220,15,Card,2026-02-16,19:38:41,187.0
8777,332,121,2,350,0,Cash,2026-01-13,14:50:03,700.0
8778,446,118,1,150,0,UPI,2026-03-13,19:02:50,150.0
8779,371,123,3,420,0,Cash,2026-06-07,19:03:08,1260.0
8780,103,123,2,420,0,Card,2026-01-26,13:23:34,840.0
8781,185,104,3,390,0,UPI,2026-02-23,13:22:31,1170.0
8782,83,116,2,120,0,UPI,2026-03-31,19:41:16,240.0
8783,52,113,1,220,5,UPI,2026-02-11,20:11:40,209.0
8784,1,122,1,320,0,UPI,2026-03-12,20:40:38,320.0
8785,435,104,1,390,0,UPI,2026-03-27,12:58:08,390.0
8786,148,102,1,380,0,UPI,2026-06-12,18:56:04,380.0
8787,9,113,1,220,5,UPI,2026-01-30,20:41:36,209.0
8788,467,122,2,320,0,UPI,2026-03-08,22:36:52,640.0
8789,110,105,1,420,0,Cash,2026-02-07,18:19:05,420.0
8790,144,122,2,320,0,UPI,2026-06-30,14:44:26,640.0
8791,141,102,1,380,5,Cash,2026-06-07,13:01:29,361.0
8792,101,124,3,180,0,Card,2026-01-16,13:54:04,540.0
8793,221,123,1,420,0,Cash,2026-03-10,14:07:05,420.0
8794,474,121,3,350,0,Card,2026-03-02,13:07:36,1050.0
8795,71,127,1,90,0,Cash,2026-05-30,18:27:57,90.0
8796,486,111,1,320,0,UPI,2026-06-15,18:22:01,320.0
8797,377,121,2,350,0,UPI,2026-05-25,19:12:00,700.0
8798,31,105,2,420,0,Card,2026-05-25,13:15:19,840.0
8799,142,116,3,120,0,UPI,2026-03-28,19:15:53,360.0
8800,397,111,5,320,0,UPI,2026-05-16,19:07:44,1600.0
8801,42,123,4,420,0,UPI,2026-01-04,14:07:43,1680.0
8802,374,117,1,130,0,UPI,2026-05-09,14:28:48,130.0
8803,33,105,1,420,0,UPI,2026-01-05,14:23:19,420.0
8804,229,116,2,120,0,UPI,2026-06-01,22:50:58,240.0
8805,246,116,1,120,0,UPI,2026-05-21,21:30:39,120.0
8806,298,101,2,695,10,UPI,2026-01-17,19:25:48,1251.0
8807,493,123,1,420,0,UPI,2026-02-26,18:16:23,420.0
8808,434,101,1,695,0,Card,2026-06-22,12:55:50,695.0
8809,44,127,3,90,0,Card,2026-03-20,13:15:52,270.0
8810,286,120,2,120,5,Cash,2026-04-27,20:18:45,228.0
8811,413,108,2,695,0,UPI,2026-02-03,13:09:24,1390.0
8812,365,120,2,120,0,Card,2026-04-06,14:06:54,240.0
8813,487,109,3,650,0,UPI,2026-04-02,18:42:21,1950.0
8814,198,118,1,150,15,Cash,2026-03-14,11:59:41,127.5
8815,146,104,2,390,0,Cash,2026-01-05,22:53:57,780.0
8816,290,102,4,380,0,Card,2026-01-22,12:10:32,1520.0
8817,57,127,3,90,0,UPI,2026-04-01,14:15:46,270.0
8818,300,120,2,120,0,UPI,2026-05-21,21:54:35,240.0
8819,292,113,1,220,10,Card,2026-01-11,20:22:28,198.0
8820,423,123,1,420,0,UPI,2026-02-01,19:02:16,420.0
8821,463,129,3,180,5,Card,2026-02-09,19:28:21,513.0
8822,146,101,2,695,0,UPI,2026-02-25,12:29:26,1390.0
8823,450,108,1,695,0,UPI,2026-04-03,20:16:22,695.0
8824,258,124,1,180,0,Card,2026-02-15,19:20:58,180.0
8825,63,107,1,695,0,UPI,2026-02-16,12:37:37,695.0
8826,105,103,2,320,0,UPI,2026-01-18,12:01:12,640.0
8827,21,107,1,695,0,UPI,2026-04-19,22:44:18,695.0
8828,273,126,1,60,0,UPI,2026-04-06,19:06:09,60.0
8829,286,105,1,420,0,Cash,2026-06-06,12:20:50,420.0
8830,202,116,1,120,0,UPI,2026-03-06,21:27:30,120.0
8831,23,123,2,420,5,Card,2026-02-02,19:09:11,798.0
8832,279,101,1,695,0,Cash,2026-05-11,19:16:41,695.0
8833,482,102,1,380,0,Card,2026-03-08,19:14:19,380.0
8834,241,106,1,300,0,Cash,2026-06-01,19:26:42,300.0
8835,299,120,3,120,10,Cash,2026-06-30,14:41:35,324.0
8836,199,116,2,120,0,UPI,2026-03-20,13:08:24,240.0
8837,238,103,5,320,0,UPI,2026-04-19,13:11:58,1600.0
8838,161,103,1,320,5,UPI,2026-06-04,20:01:38,304.0
8839,247,116,1,120,0,UPI,2026-05-28,18:38:01,120.0
8840,34,104,2,390,0,Card,2026-06-18,20:23:55,780.0
8841,375,104,3,390,10,UPI,2026-06-09,20:39:07,1053.0
8842,433,107,1,695,0,UPI,2026-05-04,21:15:07,695.0
8843,459,102,1,380,0,UPI,2026-02-26,18:46:19,380.0
8844,400,118,1,150,0,Cash,2026-01-07,12:24:44,150.0
8845,277,113,1,220,0,Card,2026-03-01,12:24:15,220.0
8846,192,111,3,320,5,UPI,2026-03-29,20:38:50,912.0
8847,300,127,1,90,5,Card,2026-06-25,12:51:30,85.5
8848,164,120,2,120,0,Card,2026-02-04,19:50:49,240.0
8849,173,127,4,90,0,UPI,2026-06-22,12:28:14,360.0
8850,500,128,1,150,5,Card,2026-02-22,21:26:34,142.5
8851,432,126,1,60,10,Card,2026-04-21,18:23:42,54.0
8852,183,123,2,420,5,UPI,2026-01-13,13:21:57,798.0
8853,203,119,4,220,0,Card,2026-06-14,20:50:36,880.0
8854,18,101,3,695,0,Card,2026-01-31,13:02:25,2085.0
8855,155,110,1,280,0,Cash,2026-02-24,19:29:13,280.0
8856,51,115,1,150,0,Card,2026-02-28,14:02:41,150.0
8857,104,101,2,695,0,Cash,2026-06-02,12:25:27,1390.0
8858,218,105,2,420,0,UPI,2026-03-13,20:23:35,840.0
8859,194,120,2,120,0,UPI,2026-03-06,18:56:46,240.0
8860,204,116,2,120,10,UPI,2026-03-02,13:30:49,216.0
8861,175,114,3,180,0,Cash,2026-03-15,20:55:55,540.0
8862,112,111,1,320,0,UPI,2026-02-11,18:52:44,320.0
8863,349,105,2,420,5,UPI,2026-03-24,13:40:42,798.0
8864,137,102,1,380,0,Cash,2026-02-05,13:56:04,380.0
8865,494,130,2,220,15,Cash,2026-04-18,19:39:19,374.0
8866,369,119,2,220,0,Card,2026-06-02,19:42:14,440.0
8867,52,106,1,300,0,UPI,2026-06-18,18:59:42,300.0
8868,343,130,1,220,0,UPI,2026-06-17,20:11:22,220.0
8869,324,123,4,420,5,UPI,2026-04-12,13:58:23,1596.0
8870,478,111,2,320,0,UPI,2026-01-15,12:46:42,640.0
8871,56,119,1,220,0,UPI,2026-01-24,12:31:40,220.0
8872,362,106,2,300,0,UPI,2026-02-01,19:44:38,600.0
8873,500,118,1,150,10,Card,2026-02-26,13:34:56,135.0
8874,121,105,1,420,5,UPI,2026-04-05,12:44:08,399.0
8875,446,111,1,320,0,Card,2026-02-26,19:52:15,320.0
8876,243,105,2,420,0,Card,2026-01-15,19:55:37,840.0
8877,66,104,2,390,0,Card,2026-06-06,19:17:51,780.0
8878,119,120,2,120,0,Card,2026-03-20,14:22:57,240.0
8879,39,114,3,180,15,UPI,2026-02-22,19:55:09,459.0
8880,451,120,1,120,0,Cash,2026-03-07,19:28:23,120.0
8881,411,114,1,180,0,Card,2026-04-10,13:02:46,180.0
8882,312,129,1,180,0,Cash,2026-05-27,12:11:59,180.0
8883,26,124,1,180,0,UPI,2026-06-13,13:18:14,180.0
8884,67,128,1,150,0,UPI,2026-03-03,13:34:35,150.0
8885,211,103,2,320,15,UPI,2026-06-18,13:07:29,544.0
8886,496,120,1,120,0,Cash,2026-06-18,18:38:34,120.0
8887,170,120,2,120,15,UPI,2026-03-04,22:34:21,204.0
8888,136,101,1,695,0,UPI,2026-02-12,20:47:01,695.0
8889,129,106,4,300,0,UPI,2026-06-30,18:47:19,1200.0
8890,442,107,3,695,0,Card,2026-01-02,13:16:17,2085.0
8891,152,123,2,420,0,Card,2026-04-14,19:32:56,840.0
8892,424,127,1,90,0,UPI,2026-01-24,20:45:42,90.0
8893,159,127,4,90,5,Card,2026-02-28,13:04:59,342.0
8894,299,117,4,130,0,Card,2026-01-10,12:35:37,520.0
8895,255,125,2,120,5,UPI,2026-02-13,14:56:49,228.0
8896,422,111,1,320,10,UPI,2026-03-22,19:48:50,288.0
8897,127,119,1,220,0,Cash,2026-03-24,20:42:08,220.0
8898,33,101,2,695,0,UPI,2026-03-24,20:30:04,1390.0
8899,417,117,2,130,0,Card,2026-06-01,18:36:57,260.0
8900,389,126,1,60,0,UPI,2026-02-24,13:56:00,60.0
8901,177,129,2,180,0,UPI,2026-03-09,14:35:40,360.0
8902,224,105,1,420,0,Cash,2026-06-27,13:05:17,420.0
8903,372,116,2,120,5,Card,2026-05-06,20:02:10,228.0
8904,387,123,1,420,5,UPI,2026-02-10,20:00:56,399.0
8905,366,128,2,150,0,Card,2026-06-18,13:37:23,300.0
8906,351,129,1,180,5,UPI,2026-05-02,12:47:09,171.0
8907,340,121,3,350,0,Cash,2026-04-09,19:38:15,1050.0
8908,219,116,1,120,15,UPI,2026-02-19,18:02:12,102.0
8909,483,101,1,695,0,UPI,2026-02-19,13:51:24,695.0
8910,319,108,1,695,0,Card,2026-01-13,19:00:53,695.0
8911,17,114,1,180,0,Card,2026-04-16,18:55:55,180.0
8912,22,124,2,180,5,UPI,2026-05-20,20:42:47,342.0
8913,408,123,2,420,10,UPI,2026-05-21,18:39:35,756.0
8914,77,102,1,380,5,UPI,2026-02-17,18:38:53,361.0
8915,401,120,3,120,0,Card,2026-03-09,12:02:09,360.0
8916,200,115,2,150,0,UPI,2026-06-18,12:03:53,300.0
8917,448,118,1,150,0,Card,2026-05-17,12:05:00,150.0
8918,255,117,1,130,0,UPI,2026-02-21,18:17:48,130.0
8919,251,115,3,150,10,UPI,2026-01-14,12:13:25,405.0
8920,499,101,1,695,0,Cash,2026-04-18,13:04:09,695.0
8921,77,115,1,150,10,Cash,2026-04-04,13:03:13,135.0
8922,212,101,4,695,5,UPI,2026-02-07,12:26:21,2641.0
8923,85,107,1,695,5,UPI,2026-03-17,13:09:07,660.25
8924,325,119,1,220,0,Card,2026-02-08,19:25:10,220.0
8925,141,117,4,130,0,Card,2026-02-16,19:46:32,520.0
8926,486,103,2,320,10,Card,2026-05-02,12:15:09,576.0
8927,209,108,2,695,0,Card,2026-04-30,11:17:22,1390.0
8928,110,122,2,320,15,UPI,2026-04-18,14:51:16,544.0
8929,143,102,2,380,0,Cash,2026-03-25,19:55:20,760.0
8930,318,105,1,420,0,UPI,2026-01-07,18:00:43,420.0
8931,261,103,4,320,0,UPI,2026-03-08,22:50:44,1280.0
8932,414,119,5,220,0,Card,2026-01-23,11:10:57,1100.0
8933,341,119,2,220,0,UPI,2026-05-30,18:49:30,440.0
8934,223,117,1,130,0,UPI,2026-05-10,12:55:03,130.0
8935,154,113,1,220,0,UPI,2026-04-20,13:05:44,220.0
8936,371,121,1,350,15,Card,2026-02-06,21:30:09,297.5
8937,494,127,5,90,0,Card,2026-05-18,20:08:56,450.0
8938,419,115,1,150,0,UPI,2026-02-07,20:31:56,150.0
8939,499,104,2,390,0,UPI,2026-06-29,18:04:30,780.0
8940,353,113,2,220,0,Cash,2026-01-15,20:30:02,440.0
8941,286,120,1,120,5,UPI,2026-03-14,21:54:19,114.0
8942,285,109,5,650,5,UPI,2026-04-12,18:25:42,3087.5
8943,424,116,1,120,0,UPI,2026-04-15,13:50:41,120.0
8944,152,102,1,380,0,Cash,2026-03-28,21:15:13,380.0
8945,466,118,1,150,0,UPI,2026-06-25,21:17:14,150.0
8946,249,101,5,695,15,Card,2026-05-06,18:48:29,2953.75
8947,332,118,1,150,0,UPI,2026-01-11,12:59:44,150.0
8948,105,105,5,420,0,UPI,2026-03-09,11:45:34,2100.0
8949,343,126,1,60,0,UPI,2026-03-30,18:25:10,60.0
8950,226,101,1,695,0,UPI,2026-02-18,14:45:43,695.0
8951,129,101,1,695,10,Cash,2026-04-04,20:55:44,625.5
8952,24,105,2,420,0,UPI,2026-02-28,22:24:54,840.0
8953,1,104,1,390,10,UPI,2026-03-18,13:36:47,351.0
8954,313,106,3,300,0,Card,2026-02-22,14:18:15,900.0
8955,322,120,2,120,0,UPI,2026-02-27,13:20:25,240.0
8956,257,105,2,420,0,UPI,2026-02-10,21:10:42,840.0
8957,112,113,2,220,0,UPI,2026-05-10,20:35:23,440.0
8958,244,126,2,60,0,UPI,2026-05-20,13:59:34,120.0
8959,159,127,2,90,0,Cash,2026-04-11,20:58:30,180.0
8960,161,117,5,130,0,UPI,2026-06-18,11:57:26,650.0
8961,461,123,1,420,0,Card,2026-06-09,12:06:30,420.0
8962,21,116,2,120,5,UPI,2026-04-20,14:03:50,228.0
8963,151,104,3,390,0,UPI,2026-05-04,20:55:27,1170.0
8964,334,121,1,350,0,UPI,2026-03-15,21:38:17,350.0
8965,109,101,4,695,0,UPI,2026-02-08,20:44:03,2780.0
8966,426,106,1,300,0,Card,2026-01-22,13:12:52,300.0
8967,385,111,2,320,10,UPI,2026-04-04,12:56:09,576.0
8968,297,125,1,120,0,UPI,2026-03-18,14:34:54,120.0
8969,372,122,2,320,0,UPI,2026-03-12,20:45:55,640.0
8970,485,101,2,695,0,Cash,2026-01-28,19:48:23,1390.0
8971,147,123,2,420,5,Cash,2026-06-06,18:53:00,798.0
8972,386,122,1,320,10,Card,2026-06-07,12:44:41,288.0
8973,340,118,1,150,0,UPI,2026-01-14,21:31:27,150.0
8974,393,120,2,120,0,Cash,2026-01-10,19:47:46,240.0
8975,198,110,1,280,0,UPI,2026-03-31,13:04:48,280.0
8976,333,110,1,280,0,Card,2026-02-16,19:46:51,280.0
8977,44,104,1,390,0,Card,2026-03-14,13:09:51,390.0
8978,178,111,1,320,0,UPI,2026-05-31,21:01:40,320.0
8979,43,116,1,120,0,UPI,2026-03-25,20:26:05,120.0
8980,310,120,2,120,0,Card,2026-03-01,19:45:27,240.0
8981,138,122,2,320,0,UPI,2026-03-13,13:41:41,640.0
8982,281,102,2,380,0,Card,2026-04-07,18:59:35,760.0
8983,102,123,3,420,0,UPI,2026-05-05,13:29:42,1260.0
8984,115,108,1,695,0,UPI,2026-06-25,12:45:17,695.0
8985,183,123,1,420,5,UPI,2026-06-21,11:15:47,399.0
8986,296,102,2,380,0,UPI,2026-03-19,13:23:04,760.0
8987,268,113,4,220,0,UPI,2026-06-22,19:48:27,880.0
8988,413,110,3,280,0,UPI,2026-04-04,19:55:44,840.0
8989,119,118,2,150,10,UPI,2026-06-24,18:55:57,270.0
8990,337,127,2,90,0,Cash,2026-04-25,12:45:08,180.0
8991,428,101,1,695,5,Card,2026-02-28,11:31:31,660.25
8992,16,117,1,130,10,Card,2026-04-05,14:28:35,117.0
8993,444,116,2,120,0,UPI,2026-05-31,19:47:29,240.0
8994,321,112,2,240,5,Card,2026-04-24,19:29:13,456.0
8995,289,119,1,220,5,UPI,2026-01-06,19:04:08,209.0
8996,296,123,4,420,10,UPI,2026-02-13,21:48:25,1512.0
8997,480,116,2,120,5,Card,2026-02-19,11:45:40,228.0
8998,423,101,1,695,15,Card,2026-02-12,12:53:06,590.75
8999,77,107,1,695,0,UPI,2026-01-15,14:29:00,695.0
9000,94,127,1,90,10,Cash,2026-03-19,18:58:41,81.0
9001,369,123,2,420,5,Card,2026-03-23,20:36:28,798.0
9002,274,104,4,390,0,UPI,2026-06-22,20:22:26,1560.0
9003,106,102,2,380,0,Cash,2026-02-07,20:19:21,760.0
9004,75,110,1,280,0,UPI,2026-06-24,18:41:35,280.0
9005,279,114,3,180,0,UPI,2026-06-19,18:05:01,540.0
9006,227,123,5,420,5,UPI,2026-03-27,22:00:34,1995.0
9007,38,103,2,320,0,Card,2026-06-13,12:03:55,640.0
9008,120,103,1,320,15,UPI,2026-05-19,12:16:13,272.0
9009,468,104,2,390,5,UPI,2026-05-02,18:47:26,741.0
9010,106,120,1,120,10,UPI,2026-06-06,22:26:33,108.0
9011,359,120,5,120,0,UPI,2026-05-03,21:35:35,600.0
9012,271,108,5,695,10,Card,2026-05-07,13:53:11,3127.5
9013,290,116,3,120,0,UPI,2026-01-04,12:03:11,360.0
9014,133,107,2,695,0,UPI,2026-05-22,13:17:32,1390.0
9015,172,102,2,380,0,UPI,2026-06-18,20:37:46,760.0
9016,171,111,1,320,0,UPI,2026-01-16,13:43:54,320.0
9017,235,130,1,220,15,Card,2026-01-09,13:11:38,187.0
9018,400,105,3,420,15,UPI,2026-05-22,14:40:41,1071.0
9019,117,122,2,320,5,UPI,2026-06-12,13:52:12,608.0
9020,342,109,2,650,5,UPI,2026-06-20,14:34:07,1235.0
9021,321,112,2,240,5,UPI,2026-03-07,18:48:29,456.0
9022,391,122,1,320,0,Card,2026-02-23,19:53:03,320.0
9023,385,109,2,650,0,UPI,2026-05-01,12:02:45,1300.0
9024,145,101,1,695,10,UPI,2026-01-02,14:13:41,625.5
9025,186,102,1,380,0,UPI,2026-05-05,13:01:17,380.0
9026,369,120,2,120,0,Card,2026-02-26,12:53:52,240.0
9027,296,124,1,180,10,UPI,2026-04-26,13:03:06,162.0
9028,111,101,1,695,0,UPI,2026-05-04,14:25:26,695.0
9029,343,116,1,120,5,UPI,2026-03-05,13:46:59,114.0
9030,236,101,5,695,0,UPI,2026-04-19,13:25:44,3475.0
9031,8,104,2,390,0,Cash,2026-05-25,20:55:19,780.0
9032,192,111,1,320,10,UPI,2026-06-05,13:50:19,288.0
9033,164,124,2,180,0,UPI,2026-02-15,11:23:11,360.0
9034,107,101,2,695,0,Card,2026-05-17,14:20:22,1390.0
9035,99,123,2,420,10,Card,2026-02-09,19:32:13,756.0
9036,260,117,1,130,0,UPI,2026-01-16,20:47:23,130.0
9037,263,115,2,150,0,UPI,2026-03-02,21:26:52,300.0
9038,252,105,1,420,0,UPI,2026-06-29,12:19:41,420.0
9039,441,102,2,380,0,Cash,2026-06-18,12:02:56,760.0
9040,136,103,1,320,5,UPI,2026-02-22,19:43:55,304.0
9041,263,124,2,180,0,UPI,2026-03-07,19:45:51,360.0
9042,304,120,2,120,0,Card,2026-01-23,20:56:31,240.0
9043,131,124,1,180,15,UPI,2026-04-16,14:30:03,153.0
9044,361,130,1,220,0,Card,2026-06-30,19:20:54,220.0
9045,170,117,4,130,0,Card,2026-02-13,13:38:41,520.0
9046,351,107,1,695,0,UPI,2026-05-24,12:30:39,695.0
9047,209,127,1,90,0,Cash,2026-03-05,20:09:06,90.0
9048,83,116,1,120,0,UPI,2026-05-13,12:45:32,120.0
9049,476,107,2,695,0,UPI,2026-01-03,20:29:04,1390.0
9050,244,102,3,380,0,UPI,2026-01-07,13:15:58,1140.0
9051,363,105,2,420,0,Card,2026-02-25,20:32:37,840.0
9052,63,119,1,220,15,Card,2026-05-07,12:10:47,187.0
9053,92,104,2,390,0,UPI,2026-05-12,21:04:57,780.0
9054,416,115,1,150,0,UPI,2026-05-21,20:39:07,150.0
9055,499,107,1,695,0,UPI,2026-04-07,13:21:37,695.0
9056,400,121,1,350,0,Cash,2026-06-17,12:11:10,350.0
9057,123,106,2,300,5,UPI,2026-02-25,12:06:28,570.0
9058,253,108,2,695,15,Card,2026-04-26,13:16:23,1181.5
9059,416,102,2,380,0,Card,2026-06-22,12:43:29,760.0
9060,104,107,2,695,0,UPI,2026-04-30,13:28:16,1390.0
9061,73,106,1,300,0,UPI,2026-02-10,19:11:47,300.0
9062,237,112,4,240,0,UPI,2026-03-01,18:02:15,960.0
9063,180,103,1,320,0,UPI,2026-05-09,19:19:38,320.0
9064,479,101,2,695,0,UPI,2026-06-01,19:51:23,1390.0
9065,86,105,1,420,0,Card,2026-06-29,11:17:58,420.0
9066,472,128,1,150,0,UPI,2026-02-21,14:25:44,150.0
9067,202,130,1,220,0,Card,2026-01-03,13:07:08,220.0
9068,195,115,2,150,0,UPI,2026-06-18,19:30:10,300.0
9069,134,109,2,650,0,Cash,2026-01-20,12:09:06,1300.0
9070,44,119,1,220,0,UPI,2026-06-21,12:59:40,220.0
9071,47,106,5,300,0,UPI,2026-06-05,18:53:37,1500.0
9072,144,104,1,390,0,Card,2026-02-07,13:20:02,390.0
9073,420,106,2,300,0,UPI,2026-03-23,20:46:31,600.0
9074,401,112,1,240,10,Cash,2026-03-27,13:33:12,216.0
9075,235,110,2,280,0,UPI,2026-02-06,13:37:44,560.0
9076,10,118,1,150,0,Card,2026-04-09,19:43:24,150.0
9077,93,115,1,150,10,Card,2026-06-19,12:09:56,135.0
9078,205,116,1,120,0,UPI,2026-01-24,19:42:06,120.0
9079,26,102,2,380,0,Cash,2026-04-27,13:41:46,760.0
9080,209,103,3,320,10,UPI,2026-03-03,20:33:58,864.0
9081,201,105,1,420,0,Card,2026-01-05,20:06:40,420.0
9082,62,123,4,420,5,Card,2026-02-21,14:55:40,1596.0
9083,54,101,2,695,10,UPI,2026-06-27,20:12:54,1251.0
9084,497,122,3,320,0,UPI,2026-06-28,13:16:20,960.0
9085,50,109,4,650,5,UPI,2026-05-06,13:29:55,2470.0
9086,460,107,1,695,0,UPI,2026-05-08,12:45:59,695.0
9087,158,122,1,320,0,UPI,2026-04-21,14:45:51,320.0
9088,471,120,1,120,0,UPI,2026-01-02,18:08:24,120.0
9089,232,108,1,695,0,UPI,2026-06-27,19:54:02,695.0
9090,345,102,1,380,0,UPI,2026-02-12,12:50:42,380.0
9091,74,117,1,130,10,UPI,2026-03-21,13:00:55,117.0
9092,481,122,2,320,0,UPI,2026-04-10,14:38:14,640.0
9093,292,119,1,220,10,UPI,2026-03-13,12:36:07,198.0
9094,68,128,1,150,0,UPI,2026-04-08,19:01:27,150.0
9095,71,125,2,120,0,UPI,2026-03-05,12:06:03,240.0
9096,92,126,2,60,5,UPI,2026-05-04,14:11:23,114.0
9097,321,120,2,120,0,UPI,2026-02-08,14:38:35,240.0
9098,371,127,3,90,5,Card,2026-05-23,19:36:11,256.5
9099,363,116,4,120,15,UPI,2026-05-08,14:11:44,408.0
9100,75,102,1,380,0,UPI,2026-06-30,19:05:56,380.0
9101,297,109,2,650,0,Card,2026-06-22,19:00:37,1300.0
9102,141,123,3,420,0,UPI,2026-01-18,19:28:19,1260.0
9103,194,117,3,130,0,Cash,2026-04-27,20:19:04,390.0
9104,106,109,3,650,15,UPI,2026-04-05,12:17:37,1657.5
9105,153,112,3,240,0,Card,2026-05-04,19:48:32,720.0
9106,207,114,2,180,5,Card,2026-03-20,12:10:29,342.0
9107,374,101,2,695,0,UPI,2026-05-02,12:29:01,1390.0
9108,419,101,1,695,0,Cash,2026-01-11,22:48:03,695.0
9109,450,129,1,180,0,UPI,2026-01-16,22:39:33,180.0
9110,462,130,2,220,0,Cash,2026-04-23,13:52:11,440.0
9111,238,105,3,420,15,UPI,2026-02-18,14:43:12,1071.0
9112,113,118,1,150,0,UPI,2026-04-07,19:12:40,150.0
9113,159,121,3,350,5,UPI,2026-05-24,18:27:05,997.5
9114,352,124,2,180,0,UPI,2026-03-24,13:36:44,360.0
9115,410,107,2,695,0,UPI,2026-02-24,13:07:36,1390.0
9116,250,120,2,120,0,UPI,2026-03-27,20:47:06,240.0
9117,396,101,3,695,5,UPI,2026-04-17,11:58:40,1980.75
9118,112,120,1,120,0,UPI,2026-05-03,11:01:31,120.0
9119,202,107,2,695,15,UPI,2026-02-04,20:38:10,1181.5
9120,201,102,1,380,0,UPI,2026-03-27,19:40:55,380.0
9121,438,101,1,695,0,UPI,2026-01-14,12:04:16,695.0
9122,297,109,1,650,0,UPI,2026-02-08,14:49:22,650.0
9123,400,119,1,220,0,UPI,2026-05-09,12:00:26,220.0
9124,453,104,2,390,0,UPI,2026-01-27,12:41:27,780.0
9125,475,120,1,120,10,UPI,2026-01-18,19:49:43,108.0
9126,181,106,2,300,5,UPI,2026-03-14,13:54:36,570.0
9127,34,107,2,695,0,UPI,2026-01-12,21:44:20,1390.0
9128,204,107,1,695,0,UPI,2026-04-13,19:56:11,695.0
9129,53,123,1,420,0,UPI,2026-02-27,20:53:33,420.0
9130,398,127,2,90,0,Card,2026-05-21,13:40:33,180.0
9131,84,108,1,695,0,UPI,2026-01-01,13:26:45,695.0
9132,461,104,1,390,0,Card,2026-01-27,19:55:45,390.0
9133,128,102,1,380,10,UPI,2026-02-25,13:30:53,342.0
9134,269,122,1,320,10,Card,2026-02-15,13:58:06,288.0
9135,437,102,1,380,0,UPI,2026-04-09,12:50:59,380.0
9136,484,127,2,90,0,UPI,2026-04-18,19:53:46,180.0
9137,331,107,1,695,5,UPI,2026-05-05,20:08:42,660.25
9138,235,103,1,320,0,UPI,2026-03-07,19:54:07,320.0
9139,392,105,1,420,0,UPI,2026-04-26,14:43:42,420.0
9140,28,102,1,380,0,UPI,2026-04-18,18:30:00,380.0
9141,178,102,1,380,5,Cash,2026-06-18,11:19:38,361.0
9142,18,106,2,300,0,UPI,2026-04-04,13:42:18,600.0
9143,85,124,2,180,0,Cash,2026-05-13,12:24:51,360.0
9144,496,103,1,320,0,UPI,2026-05-06,14:27:10,320.0
9145,204,121,3,350,0,UPI,2026-05-07,19:21:36,1050.0
9146,433,119,1,220,0,UPI,2026-01-05,12:08:16,220.0
9147,204,106,1,300,15,UPI,2026-02-07,14:06:25,255.0
9148,397,121,1,350,0,UPI,2026-02-07,13:21:28,350.0
9149,22,101,2,695,0,UPI,2026-05-12,13:29:29,1390.0
9150,287,101,2,695,0,UPI,2026-04-14,18:01:22,1390.0
9151,435,119,2,220,0,Card,2026-06-01,20:21:12,440.0
9152,49,105,1,420,10,Card,2026-06-16,12:45:17,378.0
9153,369,123,2,420,5,Card,2026-05-22,18:34:50,798.0
9154,480,124,1,180,0,UPI,2026-02-22,21:11:24,180.0
9155,312,117,2,130,0,Cash,2026-01-02,11:22:19,260.0
9156,339,121,1,350,0,UPI,2026-03-22,13:35:17,350.0
9157,372,120,1,120,0,UPI,2026-01-20,19:27:36,120.0
9158,100,106,2,300,10,UPI,2026-03-13,11:26:48,540.0
9159,47,115,1,150,0,Card,2026-01-30,13:07:42,150.0
9160,239,103,2,320,5,UPI,2026-06-04,20:29:39,608.0
9161,467,101,2,695,0,UPI,2026-05-09,11:56:31,1390.0
9162,91,102,1,380,0,Cash,2026-06-10,21:14:48,380.0
9163,250,108,2,695,0,UPI,2026-06-02,21:13:16,1390.0
9164,71,118,3,150,0,Card,2026-01-03,19:55:11,450.0
9165,287,118,1,150,0,Card,2026-02-08,19:27:29,150.0
9166,410,101,1,695,0,UPI,2026-05-15,19:54:08,695.0
9167,300,115,1,150,0,UPI,2026-03-14,21:37:17,150.0
9168,29,129,3,180,0,UPI,2026-01-17,13:04:40,540.0
9169,480,105,3,420,0,Cash,2026-06-25,19:48:47,1260.0
9170,365,112,1,240,15,UPI,2026-06-05,13:05:37,204.0
9171,351,101,3,695,0,Card,2026-06-07,13:19:44,2085.0
9172,354,102,4,380,0,UPI,2026-04-21,12:52:59,1520.0
9173,68,124,5,180,0,UPI,2026-05-15,12:02:16,900.0
9174,188,123,1,420,5,UPI,2026-04-07,13:55:13,399.0
9175,34,101,1,695,0,UPI,2026-05-19,18:02:55,695.0
9176,270,125,3,120,0,Card,2026-02-15,22:39:20,360.0
9177,137,103,1,320,0,UPI,2026-06-21,12:38:01,320.0
9178,308,102,1,380,0,Card,2026-05-14,13:08:38,380.0
9179,9,112,1,240,0,UPI,2026-01-25,13:05:33,240.0
9180,408,108,2,695,0,Card,2026-05-04,20:13:40,1390.0
9181,55,120,4,120,0,UPI,2026-03-10,20:17:30,480.0
9182,5,114,2,180,0,UPI,2026-04-18,19:50:07,360.0
9183,323,103,2,320,5,Cash,2026-02-20,14:23:04,608.0
9184,95,106,2,300,0,UPI,2026-03-21,14:46:54,600.0
9185,117,124,3,180,0,UPI,2026-02-11,19:05:40,540.0
9186,250,102,1,380,0,UPI,2026-02-10,13:17:21,380.0
9187,66,127,1,90,0,UPI,2026-02-06,19:10:02,90.0
9188,39,117,1,130,0,Cash,2026-02-21,12:41:39,130.0
9189,114,129,2,180,10,Cash,2026-03-13,13:36:26,324.0
9190,68,108,3,695,0,UPI,2026-03-10,21:13:17,2085.0
9191,228,105,2,420,0,UPI,2026-06-03,12:34:43,840.0
9192,492,108,1,695,0,UPI,2026-02-20,12:19:20,695.0
9193,461,106,1,300,0,UPI,2026-06-30,13:34:33,300.0
9194,6,125,1,120,15,UPI,2026-02-13,19:04:06,102.0
9195,85,101,1,695,0,UPI,2026-02-18,13:57:52,695.0
9196,452,102,1,380,0,Card,2026-02-07,19:45:16,380.0
9197,21,106,1,300,0,Card,2026-03-17,14:22:49,300.0
9198,191,104,1,390,0,Card,2026-03-06,19:15:34,390.0
9199,217,104,1,390,0,UPI,2026-01-20,11:45:54,390.0
9200,159,101,1,695,10,Cash,2026-01-09,12:09:24,625.5
9201,324,128,4,150,0,Card,2026-06-18,12:19:48,600.0
9202,390,128,3,150,0,UPI,2026-01-25,22:46:27,450.0
9203,180,116,1,120,0,Cash,2026-04-23,13:06:41,120.0
9204,12,123,1,420,0,UPI,2026-06-14,20:34:47,420.0
9205,467,121,2,350,0,Cash,2026-03-29,13:30:20,700.0
9206,345,104,5,390,0,UPI,2026-03-18,18:35:27,1950.0
9207,237,115,1,150,0,UPI,2026-06-21,14:53:56,150.0
9208,140,118,1,150,0,Cash,2026-05-01,20:03:13,150.0
9209,279,120,1,120,0,UPI,2026-05-27,14:00:30,120.0
9210,315,102,2,380,0,UPI,2026-04-14,13:14:36,760.0
9211,115,106,1,300,0,Card,2026-01-19,13:52:11,300.0
9212,346,107,4,695,15,UPI,2026-03-27,20:22:57,2363.0
9213,245,128,1,150,5,UPI,2026-04-22,21:26:21,142.5
9214,107,120,2,120,0,UPI,2026-02-07,13:16:39,240.0
9215,461,102,2,380,10,UPI,2026-02-07,21:23:30,684.0
9216,461,105,2,420,0,UPI,2026-05-30,19:56:42,840.0
9217,348,106,2,300,0,UPI,2026-04-29,13:55:30,600.0
9218,219,120,2,120,0,Cash,2026-01-12,12:54:36,240.0
9219,253,128,3,150,10,UPI,2026-01-19,21:12:45,405.0
9220,225,129,3,180,0,Card,2026-01-15,18:29:36,540.0
9221,85,123,1,420,0,Card,2026-02-15,18:46:33,420.0
9222,188,113,2,220,0,UPI,2026-04-01,22:38:29,440.0
9223,452,107,1,695,0,UPI,2026-05-25,14:29:34,695.0
9224,98,121,2,350,0,UPI,2026-03-23,13:04:21,700.0
9225,282,108,1,695,0,Card,2026-05-08,21:03:13,695.0
9226,269,105,1,420,5,Cash,2026-06-25,21:53:13,399.0
9227,462,105,1,420,0,Cash,2026-02-18,13:19:10,420.0
9228,42,105,1,420,0,UPI,2026-05-18,20:02:17,420.0
9229,50,104,1,390,10,UPI,2026-05-26,12:31:29,351.0
9230,107,124,2,180,15,Card,2026-06-27,14:45:27,306.0
9231,354,103,2,320,5,Card,2026-01-19,13:46:21,608.0
9232,208,119,4,220,0,UPI,2026-03-14,20:10:40,880.0
9233,174,106,2,300,0,UPI,2026-01-30,19:56:07,600.0
9234,186,127,1,90,0,UPI,2026-01-01,13:45:42,90.0
9235,106,104,5,390,0,Cash,2026-04-25,13:25:52,1950.0
9236,436,125,2,120,5,UPI,2026-04-21,13:26:09,228.0
9237,182,118,2,150,0,UPI,2026-01-31,19:31:55,300.0
9238,493,116,2,120,10,UPI,2026-05-18,14:57:50,216.0
9239,299,120,3,120,10,UPI,2026-03-02,11:11:18,324.0
9240,419,107,2,695,5,UPI,2026-05-25,12:17:03,1320.5
9241,42,101,2,695,0,Card,2026-06-15,20:18:31,1390.0
9242,294,118,3,150,0,UPI,2026-04-17,14:11:38,450.0
9243,470,118,2,150,0,UPI,2026-04-13,19:10:18,300.0
9244,31,107,1,695,0,Card,2026-01-21,18:20:04,695.0
9245,422,102,1,380,0,Card,2026-01-07,13:43:18,380.0
9246,137,111,1,320,5,Cash,2026-03-25,18:28:34,304.0
9247,194,106,2,300,0,Card,2026-01-23,19:07:45,600.0
9248,194,114,2,180,0,Cash,2026-02-21,19:27:56,360.0
9249,259,120,2,120,0,UPI,2026-05-20,13:52:51,240.0
9250,25,102,1,380,0,Card,2026-06-16,13:15:25,380.0
9251,173,105,2,420,0,UPI,2026-06-11,11:56:43,840.0
9252,300,126,2,60,0,Card,2026-02-24,13:49:39,120.0
9253,314,106,3,300,5,UPI,2026-06-16,19:16:38,855.0
9254,370,101,2,695,0,Cash,2026-01-12,14:12:42,1390.0
9255,101,124,1,180,0,Cash,2026-06-27,13:57:23,180.0
9256,364,116,3,120,0,UPI,2026-05-09,19:14:29,360.0
9257,415,108,1,695,0,Cash,2026-03-15,13:45:24,695.0
9258,301,120,3,120,0,UPI,2026-01-27,12:20:34,360.0
9259,330,108,1,695,10,UPI,2026-01-09,13:58:31,625.5
9260,23,119,3,220,0,Cash,2026-01-22,20:13:59,660.0
9261,56,115,1,150,0,UPI,2026-05-23,18:54:21,150.0
9262,113,124,1,180,0,UPI,2026-02-03,12:36:11,180.0
9263,498,112,1,240,5,UPI,2026-02-11,13:14:52,228.0
9264,333,117,4,130,5,UPI,2026-02-27,14:22:00,494.0
9265,176,120,1,120,10,Cash,2026-02-21,19:56:33,108.0
9266,376,104,1,390,10,UPI,2026-03-24,21:07:50,351.0
9267,456,105,1,420,0,UPI,2026-02-24,19:36:22,420.0
9268,287,128,1,150,15,Card,2026-04-02,12:58:10,127.5
9269,185,103,1,320,0,UPI,2026-03-10,19:18:08,320.0
9270,168,101,1,695,10,UPI,2026-04-17,12:13:25,625.5
9271,118,117,1,130,10,UPI,2026-03-05,13:02:09,117.0
9272,147,113,3,220,0,Card,2026-01-17,12:53:45,660.0
9273,281,103,1,320,0,UPI,2026-05-14,18:41:52,320.0
9274,417,110,1,280,5,Cash,2026-05-16,13:59:04,266.0
9275,99,105,2,420,5,Card,2026-03-22,19:14:51,798.0
9276,238,102,2,380,0,UPI,2026-03-16,13:10:39,760.0
9277,383,109,1,650,0,UPI,2026-06-25,21:57:43,650.0
9278,374,103,2,320,5,Cash,2026-05-31,12:10:13,608.0
9279,69,119,3,220,0,UPI,2026-05-09,21:48:26,660.0
9280,344,123,1,420,0,UPI,2026-02-13,19:04:15,420.0
9281,199,118,2,150,0,Card,2026-04-04,14:59:33,300.0
9282,350,118,2,150,0,Card,2026-01-06,13:03:43,300.0
9283,17,105,1,420,10,Card,2026-01-31,11:08:34,378.0
9284,16,125,1,120,5,UPI,2026-03-16,12:22:05,114.0
9285,443,110,1,280,0,UPI,2026-03-10,12:48:29,280.0
9286,324,106,1,300,5,Card,2026-05-09,19:24:33,285.0
9287,60,108,2,695,0,UPI,2026-02-09,13:42:57,1390.0
9288,256,120,2,120,0,Cash,2026-06-18,20:57:01,240.0
9289,406,104,1,390,10,Cash,2026-04-26,18:08:22,351.0
9290,98,119,1,220,0,Card,2026-02-28,13:35:00,220.0
9291,480,127,2,90,0,Card,2026-04-05,13:44:20,180.0
9292,37,108,2,695,0,Card,2026-06-22,21:13:42,1390.0
9293,241,120,3,120,0,UPI,2026-02-19,18:04:32,360.0
9294,187,129,1,180,0,UPI,2026-03-04,20:28:42,180.0
9295,6,109,2,650,5,UPI,2026-05-24,18:36:43,1235.0
9296,289,120,2,120,0,UPI,2026-03-10,13:30:51,240.0
9297,81,120,1,120,0,Card,2026-01-03,13:08:50,120.0
9298,238,119,1,220,0,UPI,2026-05-02,18:17:14,220.0
9299,409,118,2,150,0,Cash,2026-01-29,14:10:07,300.0
9300,433,120,2,120,0,UPI,2026-05-02,19:44:31,240.0
9301,477,120,1,120,0,Cash,2026-06-02,12:00:45,120.0
9302,32,123,1,420,0,UPI,2026-05-11,14:19:18,420.0
9303,265,124,2,180,0,UPI,2026-05-04,14:08:14,360.0
9304,353,127,2,90,10,UPI,2026-01-11,19:19:42,162.0
9305,425,102,1,380,0,UPI,2026-02-20,18:24:31,380.0
9306,276,103,2,320,5,UPI,2026-03-13,19:04:42,608.0
9307,483,102,4,380,0,UPI,2026-03-31,21:12:02,1520.0
9308,172,122,1,320,0,UPI,2026-04-01,18:13:48,320.0
9309,108,101,5,695,0,Card,2026-02-06,14:53:49,3475.0
9310,221,115,2,150,0,Cash,2026-04-09,20:54:19,300.0
9311,140,124,1,180,0,Cash,2026-06-11,19:30:32,180.0
9312,268,103,2,320,0,UPI,2026-04-24,13:00:05,640.0
9313,284,124,1,180,5,UPI,2026-03-10,21:15:04,171.0
9314,154,118,2,150,0,UPI,2026-04-14,12:33:26,300.0
9315,479,102,2,380,0,UPI,2026-06-06,12:01:40,760.0
9316,74,102,1,380,0,Card,2026-04-26,13:06:08,380.0
9317,446,116,2,120,0,UPI,2026-06-18,22:35:52,240.0
9318,355,118,3,150,0,UPI,2026-03-08,13:49:38,450.0
9319,387,107,2,695,0,UPI,2026-01-26,20:26:24,1390.0
9320,179,114,2,180,10,Card,2026-04-28,13:27:48,324.0
9321,286,105,1,420,0,Cash,2026-06-26,19:52:36,420.0
9322,314,102,1,380,0,Card,2026-05-14,18:30:56,380.0
9323,410,128,5,150,0,Cash,2026-05-28,19:26:17,750.0
9324,444,109,1,650,10,UPI,2026-01-02,11:59:55,585.0
9325,259,108,3,695,0,Card,2026-06-10,21:48:56,2085.0
9326,416,117,1,130,0,UPI,2026-05-13,20:46:55,130.0
9327,430,105,1,420,5,UPI,2026-06-23,13:12:07,399.0
9328,208,102,3,380,5,Cash,2026-05-20,18:59:31,1083.0
9329,352,112,1,240,15,UPI,2026-05-14,21:18:31,204.0
9330,158,122,1,320,0,Cash,2026-03-04,19:16:10,320.0
9331,210,117,2,130,0,UPI,2026-01-15,21:58:30,260.0
9332,54,120,2,120,0,UPI,2026-04-21,19:47:04,240.0
9333,257,117,2,130,0,UPI,2026-02-10,19:14:05,260.0
9334,92,105,1,420,0,UPI,2026-04-12,14:48:29,420.0
9335,103,113,2,220,15,UPI,2026-03-31,20:44:34,374.0
9336,297,123,2,420,0,UPI,2026-02-17,12:22:22,840.0
9337,473,104,2,390,0,UPI,2026-06-28,18:11:10,780.0
9338,344,102,3,380,5,Cash,2026-05-20,19:12:00,1083.0
9339,100,120,1,120,0,UPI,2026-02-20,13:21:16,120.0
9340,480,126,2,60,0,UPI,2026-06-21,12:31:12,120.0
9341,55,105,2,420,0,UPI,2026-06-21,20:11:27,840.0
9342,265,110,2,280,0,UPI,2026-05-27,13:06:22,560.0
9343,26,121,2,350,0,UPI,2026-01-05,13:08:39,700.0
9344,383,111,2,320,10,UPI,2026-06-27,12:48:30,576.0
9345,340,103,1,320,15,Cash,2026-04-15,20:59:14,272.0
9346,38,116,1,120,0,UPI,2026-04-04,18:21:18,120.0
9347,117,128,4,150,5,Cash,2026-03-27,11:57:05,570.0
9348,22,108,1,695,0,Card,2026-03-24,14:48:46,695.0
9349,273,111,1,320,0,UPI,2026-04-21,19:04:48,320.0
9350,489,122,2,320,0,Cash,2026-06-09,19:20:11,640.0
9351,302,102,1,380,0,UPI,2026-05-09,19:03:01,380.0
9352,40,129,5,180,0,Card,2026-05-16,14:12:08,900.0
9353,427,125,3,120,0,Cash,2026-03-15,20:56:55,360.0
9354,238,101,2,695,10,UPI,2026-03-12,13:18:41,1251.0
9355,89,117,2,130,0,Card,2026-05-04,19:32:25,260.0
9356,228,118,1,150,0,UPI,2026-05-29,13:58:49,150.0
9357,264,126,4,60,0,UPI,2026-06-22,21:33:18,240.0
9358,34,103,1,320,10,UPI,2026-02-25,14:04:51,288.0
9359,25,101,1,695,0,Cash,2026-03-23,11:18:24,695.0
9360,122,107,1,695,0,UPI,2026-03-16,14:16:52,695.0
9361,235,105,2,420,0,UPI,2026-06-20,13:29:03,840.0
9362,297,120,3,120,0,UPI,2026-05-17,19:12:29,360.0
9363,490,105,3,420,0,UPI,2026-03-14,20:59:19,1260.0
9364,434,110,1,280,5,Card,2026-05-11,18:12:32,266.0
9365,488,127,2,90,0,UPI,2026-03-17,14:49:23,180.0
9366,490,103,4,320,15,Cash,2026-04-11,18:24:50,1088.0
9367,117,102,1,380,0,UPI,2026-01-23,12:40:55,380.0
9368,291,103,2,320,0,UPI,2026-03-15,13:11:34,640.0
9369,427,102,1,380,0,UPI,2026-04-22,20:02:51,380.0
9370,89,130,1,220,0,Cash,2026-03-06,14:25:03,220.0
9371,164,102,1,380,0,UPI,2026-02-08,22:18:31,380.0
9372,111,113,4,220,10,UPI,2026-02-05,13:18:41,792.0
9373,102,111,1,320,0,Cash,2026-05-01,14:59:30,320.0
9374,330,104,2,390,5,Cash,2026-04-27,12:45:23,741.0
9375,132,103,4,320,15,Card,2026-06-03,20:16:13,1088.0
9376,325,103,1,320,0,Cash,2026-02-18,12:10:04,320.0
9377,234,116,2,120,5,Card,2026-04-09,19:59:13,228.0
9378,103,105,1,420,5,UPI,2026-05-06,13:06:30,399.0
9379,211,102,2,380,15,UPI,2026-02-23,20:12:48,646.0
9380,251,101,1,695,0,Cash,2026-01-15,18:25:11,695.0
9381,69,105,2,420,0,Cash,2026-06-19,19:41:48,840.0
9382,85,120,1,120,0,UPI,2026-03-16,14:33:09,120.0
9383,312,113,2,220,0,UPI,2026-05-24,12:24:20,440.0
9384,75,121,2,350,10,UPI,2026-04-10,19:32:16,630.0
9385,53,105,3,420,5,Card,2026-02-13,14:18:02,1197.0
9386,215,110,1,280,0,Cash,2026-02-08,13:09:38,280.0
9387,431,103,2,320,15,UPI,2026-05-19,12:53:07,544.0
9388,297,115,1,150,0,Cash,2026-06-30,13:08:19,150.0
9389,463,108,1,695,0,UPI,2026-05-17,13:30:12,695.0
9390,347,103,2,320,10,Card,2026-01-04,11:52:19,576.0
9391,106,106,5,300,15,UPI,2026-02-05,13:57:08,1275.0
9392,236,106,2,300,0,UPI,2026-04-13,18:58:18,600.0
9393,450,118,1,150,0,UPI,2026-01-23,13:32:54,150.0
9394,119,118,1,150,0,UPI,2026-05-30,11:28:05,150.0
9395,177,104,1,390,0,UPI,2026-06-26,13:06:07,390.0
9396,401,116,3,120,0,Cash,2026-04-16,13:15:48,360.0
9397,136,126,2,60,0,UPI,2026-04-09,19:30:15,120.0
9398,159,119,2,220,0,Card,2026-04-25,20:48:42,440.0
9399,52,111,1,320,0,Card,2026-05-09,21:55:42,320.0
9400,139,123,2,420,10,Card,2026-03-14,19:56:43,756.0
9401,234,109,1,650,0,UPI,2026-03-31,18:19:36,650.0
9402,360,123,1,420,5,Card,2026-04-06,12:43:53,399.0
9403,37,119,2,220,0,UPI,2026-02-08,12:53:16,440.0
9404,257,130,3,220,0,UPI,2026-04-20,18:11:39,660.0
9405,319,106,2,300,0,Card,2026-03-27,11:09:22,600.0
9406,202,107,2,695,0,Card,2026-06-18,11:09:10,1390.0
9407,58,127,1,90,15,UPI,2026-01-10,11:19:20,76.5
9408,60,101,1,695,0,UPI,2026-06-06,21:27:32,695.0
9409,250,122,5,320,0,UPI,2026-04-21,12:30:58,1600.0
9410,80,103,1,320,0,UPI,2026-05-29,20:18:00,320.0
9411,130,115,1,150,0,Cash,2026-04-25,12:15:41,150.0
9412,200,102,1,380,0,Cash,2026-03-04,13:41:12,380.0
9413,48,104,1,390,0,Card,2026-04-22,14:25:44,390.0
9414,37,115,2,150,0,Card,2026-06-08,19:21:48,300.0
9415,346,120,1,120,0,Card,2026-04-29,13:34:13,120.0
9416,270,120,3,120,5,UPI,2026-06-30,19:48:09,342.0
9417,51,123,1,420,0,UPI,2026-04-01,18:29:59,420.0
9418,94,107,2,695,0,Cash,2026-03-16,19:33:36,1390.0
9419,211,120,3,120,0,UPI,2026-06-23,20:04:08,360.0
9420,246,127,1,90,0,Cash,2026-02-20,13:11:09,90.0
9421,98,112,3,240,5,Cash,2026-05-17,19:09:31,684.0
9422,269,114,2,180,5,Cash,2026-04-30,18:43:33,342.0
9423,90,123,1,420,0,UPI,2026-04-13,20:47:29,420.0
9424,98,127,2,90,0,UPI,2026-03-16,13:55:50,180.0
9425,296,108,4,695,0,Card,2026-03-30,12:46:57,2780.0
9426,340,101,2,695,0,UPI,2026-03-08,19:20:32,1390.0
9427,474,125,2,120,5,UPI,2026-03-04,14:35:56,228.0
9428,349,117,1,130,0,Cash,2026-03-31,18:40:07,130.0
9429,335,101,1,695,10,Cash,2026-06-13,14:50:25,625.5
9430,237,101,1,695,0,Card,2026-01-01,22:39:31,695.0
9431,477,108,3,695,0,UPI,2026-01-09,20:10:25,2085.0
9432,29,103,1,320,0,Card,2026-01-24,14:20:56,320.0
9433,348,105,2,420,0,Card,2026-01-30,19:30:24,840.0
9434,38,105,1,420,0,UPI,2026-01-29,18:08:38,420.0
9435,151,121,1,350,0,UPI,2026-03-30,12:11:00,350.0
9436,372,102,5,380,0,Card,2026-04-30,19:59:46,1900.0
9437,402,105,1,420,0,UPI,2026-01-08,12:44:47,420.0
9438,248,105,1,420,0,UPI,2026-02-26,13:46:54,420.0
9439,359,102,1,380,5,Cash,2026-01-08,20:48:40,361.0
9440,306,112,2,240,0,Card,2026-01-02,14:33:07,480.0
9441,284,102,1,380,5,Cash,2026-04-18,12:43:12,361.0
9442,456,111,2,320,0,Card,2026-01-28,13:51:06,640.0
9443,128,119,2,220,10,UPI,2026-05-25,18:36:35,396.0
9444,45,104,2,390,0,Cash,2026-05-11,20:14:18,780.0
9445,466,116,2,120,0,Card,2026-06-18,12:55:53,240.0
9446,463,118,2,150,0,UPI,2026-03-21,13:59:44,300.0
9447,96,111,1,320,5,UPI,2026-04-21,12:17:23,304.0
9448,48,128,2,150,15,UPI,2026-06-29,13:04:42,255.0
9449,175,119,2,220,5,Card,2026-04-26,20:52:45,418.0
9450,231,110,2,280,0,UPI,2026-03-10,19:11:10,560.0
9451,315,102,2,380,0,UPI,2026-05-30,12:02:23,760.0
9452,221,116,1,120,10,UPI,2026-04-30,11:21:33,108.0
9453,117,119,1,220,0,UPI,2026-06-03,21:39:47,220.0
9454,338,107,2,695,10,UPI,2026-06-15,18:54:36,1251.0
9455,388,105,2,420,0,Card,2026-03-10,18:00:47,840.0
9456,287,113,5,220,15,Cash,2026-04-14,19:45:29,935.0
9457,474,101,1,695,0,UPI,2026-04-28,13:25:20,695.0
9458,190,111,1,320,10,UPI,2026-04-18,11:25:13,288.0
9459,220,107,2,695,0,Card,2026-05-15,18:43:57,1390.0
9460,20,104,1,390,0,UPI,2026-06-11,13:05:28,390.0
9461,444,107,3,695,0,UPI,2026-03-02,13:22:10,2085.0
9462,473,123,1,420,5,UPI,2026-06-14,18:04:36,399.0
9463,247,101,1,695,0,UPI,2026-02-14,20:53:35,695.0
9464,189,104,1,390,10,Cash,2026-03-26,14:07:05,351.0
9465,186,119,1,220,5,UPI,2026-01-03,20:51:40,209.0
9466,134,102,2,380,0,Card,2026-06-03,18:08:42,760.0
9467,187,118,2,150,0,UPI,2026-01-27,19:07:06,300.0
9468,41,111,1,320,0,Card,2026-04-23,13:50:34,320.0
9469,360,102,1,380,0,Card,2026-02-08,20:22:57,380.0
9470,157,101,1,695,5,UPI,2026-03-11,13:52:18,660.25
9471,367,123,4,420,0,Cash,2026-05-03,13:11:30,1680.0
9472,120,120,1,120,0,UPI,2026-05-15,20:06:09,120.0
9473,277,102,2,380,0,Card,2026-05-22,12:19:49,760.0
9474,81,120,1,120,0,UPI,2026-03-14,18:03:46,120.0
9475,203,107,1,695,0,Card,2026-02-20,19:30:00,695.0
9476,446,101,2,695,0,Card,2026-02-21,13:01:11,1390.0
9477,126,119,3,220,0,UPI,2026-05-12,19:12:01,660.0
9478,452,125,1,120,0,UPI,2026-06-10,13:10:00,120.0
9479,391,123,3,420,15,UPI,2026-04-24,14:46:52,1071.0
9480,360,119,2,220,0,UPI,2026-01-03,14:13:43,440.0
9481,236,105,1,420,0,UPI,2026-03-05,20:57:17,420.0
9482,401,101,1,695,0,UPI,2026-03-11,13:48:10,695.0
9483,198,103,1,320,10,UPI,2026-03-15,13:35:46,288.0
9484,318,124,1,180,0,UPI,2026-05-14,14:17:14,180.0
9485,353,103,1,320,0,UPI,2026-05-31,20:13:23,320.0
9486,225,105,2,420,5,UPI,2026-04-02,19:29:19,798.0
9487,340,116,1,120,0,Card,2026-06-24,12:48:34,120.0
9488,163,126,3,60,0,UPI,2026-06-18,22:51:35,180.0
9489,67,116,1,120,0,Card,2026-04-26,19:59:47,120.0
9490,270,127,2,90,0,UPI,2026-06-03,20:23:15,180.0
9491,357,116,1,120,0,UPI,2026-04-26,14:11:09,120.0
9492,337,117,1,130,0,UPI,2026-03-07,14:04:21,130.0
9493,123,116,1,120,0,Card,2026-01-05,12:55:35,120.0
9494,353,111,1,320,0,UPI,2026-05-27,20:09:48,320.0
9495,114,103,2,320,0,UPI,2026-01-23,20:03:49,640.0
9496,134,107,1,695,0,UPI,2026-02-16,13:34:19,695.0
9497,358,119,2,220,5,Card,2026-04-03,19:52:10,418.0
9498,130,117,5,130,5,Card,2026-03-15,18:13:55,617.5
9499,2,122,1,320,0,UPI,2026-06-14,20:07:04,320.0
9500,105,119,1,220,10,UPI,2026-06-28,18:39:13,198.0
9501,167,116,1,120,0,UPI,2026-04-01,19:34:57,120.0
9502,269,101,1,695,0,Card,2026-01-07,12:46:03,695.0
9503,207,123,1,420,0,Card,2026-05-01,12:47:37,420.0
9504,8,105,1,420,0,Cash,2026-02-23,12:35:10,420.0
9505,96,118,1,150,0,UPI,2026-03-10,11:27:30,150.0
9506,201,115,1,150,10,UPI,2026-06-20,20:57:03,135.0
9507,115,120,1,120,10,Cash,2026-03-31,21:14:48,108.0
9508,244,122,4,320,0,Card,2026-04-24,12:59:20,1280.0
9509,7,118,2,150,0,UPI,2026-06-29,19:13:48,300.0
9510,41,102,3,380,10,Card,2026-05-09,13:40:38,1026.0
9511,255,123,3,420,0,Card,2026-01-31,21:31:29,1260.0
9512,31,130,1,220,0,UPI,2026-02-19,19:58:13,220.0
9513,3,105,1,420,0,Cash,2026-02-28,14:55:24,420.0
9514,435,109,2,650,0,UPI,2026-02-16,14:25:52,1300.0
9515,251,103,1,320,0,UPI,2026-06-20,20:46:10,320.0
9516,357,116,2,120,15,Cash,2026-04-02,18:18:37,204.0
9517,265,125,2,120,0,UPI,2026-05-30,11:52:51,240.0
9518,114,113,2,220,0,UPI,2026-03-22,19:02:24,440.0
9519,100,128,1,150,0,UPI,2026-03-22,19:02:16,150.0
9520,448,105,1,420,0,UPI,2026-01-14,13:45:06,420.0
9521,37,115,5,150,10,UPI,2026-03-01,21:15:10,675.0
9522,312,105,2,420,5,Card,2026-04-29,22:08:22,798.0
9523,15,113,2,220,5,UPI,2026-06-02,21:09:06,418.0
9524,44,102,3,380,0,Card,2026-01-26,20:09:15,1140.0
9525,77,120,1,120,10,UPI,2026-02-03,20:07:51,108.0
9526,248,102,5,380,0,UPI,2026-05-17,21:32:45,1900.0
9527,282,122,4,320,0,UPI,2026-05-03,11:00:06,1280.0
9528,387,106,1,300,10,UPI,2026-04-17,18:22:19,270.0
9529,326,102,1,380,0,Card,2026-03-02,13:22:11,380.0
9530,17,118,4,150,10,UPI,2026-03-12,19:44:58,540.0
9531,287,111,1,320,0,UPI,2026-06-24,19:12:36,320.0
9532,340,101,1,695,0,UPI,2026-03-23,18:05:58,695.0
9533,479,101,1,695,5,UPI,2026-03-13,13:13:13,660.25
9534,305,103,1,320,0,UPI,2026-01-11,19:59:14,320.0
9535,274,118,1,150,0,UPI,2026-03-16,13:22:29,150.0
9536,292,115,3,150,0,UPI,2026-05-07,20:53:23,450.0
9537,254,125,2,120,0,Cash,2026-05-06,12:39:11,240.0
9538,350,111,2,320,0,Cash,2026-03-06,18:05:21,640.0
9539,398,106,1,300,5,UPI,2026-05-25,18:07:02,285.0
9540,490,115,1,150,0,Card,2026-05-04,18:04:10,150.0
9541,67,101,1,695,10,UPI,2026-02-13,19:50:11,625.5
9542,141,120,1,120,0,UPI,2026-01-21,22:45:14,120.0
9543,211,119,2,220,0,Cash,2026-04-07,13:50:10,440.0
9544,45,107,2,695,5,UPI,2026-06-11,19:57:18,1320.5
9545,225,104,1,390,0,Card,2026-01-02,12:56:01,390.0
9546,40,125,1,120,0,UPI,2026-02-02,13:53:48,120.0
9547,291,101,3,695,0,Card,2026-01-11,13:56:29,2085.0
9548,220,103,2,320,0,Card,2026-06-18,19:03:11,640.0
9549,272,101,1,695,0,Card,2026-01-01,13:32:48,695.0
9550,391,101,1,695,0,Card,2026-01-03,13:49:27,695.0
9551,83,101,1,695,0,UPI,2026-02-16,11:47:40,695.0
9552,30,109,2,650,5,UPI,2026-02-18,14:27:18,1235.0
9553,382,105,1,420,0,Card,2026-05-28,13:48:29,420.0
9554,458,117,3,130,0,UPI,2026-01-17,20:21:42,390.0
9555,465,129,1,180,0,Card,2026-04-14,19:46:55,180.0
9556,68,102,2,380,0,Cash,2026-06-30,21:14:17,760.0
9557,400,115,1,150,10,Card,2026-02-12,14:04:52,135.0
9558,341,121,1,350,10,UPI,2026-05-20,19:23:03,315.0
9559,14,105,1,420,0,UPI,2026-05-07,13:10:58,420.0
9560,374,109,3,650,0,Card,2026-02-14,13:29:34,1950.0
9561,78,123,1,420,10,UPI,2026-02-25,14:42:20,378.0
9562,114,108,2,695,0,Card,2026-03-23,21:19:44,1390.0
9563,279,127,2,90,0,UPI,2026-04-20,11:10:24,180.0
9564,144,109,2,650,0,UPI,2026-02-24,12:19:57,1300.0
9565,341,105,1,420,15,UPI,2026-01-01,20:24:23,357.0
9566,397,105,2,420,0,Cash,2026-04-29,13:32:11,840.0
9567,433,101,1,695,0,UPI,2026-04-10,21:08:38,695.0
9568,228,121,1,350,5,UPI,2026-04-07,19:05:35,332.5
9569,318,104,1,390,5,UPI,2026-02-19,22:59:05,370.5
9570,351,120,3,120,0,Cash,2026-06-19,21:09:07,360.0
9571,478,118,1,150,10,Cash,2026-02-12,18:19:01,135.0
9572,332,108,1,695,10,UPI,2026-06-14,13:57:58,625.5
9573,77,125,1,120,0,UPI,2026-02-09,13:02:52,120.0
9574,4,125,3,120,0,UPI,2026-03-15,18:50:58,360.0
9575,109,101,1,695,0,UPI,2026-06-28,19:02:50,695.0
9576,74,101,1,695,0,UPI,2026-05-17,12:19:52,695.0
9577,239,111,3,320,0,UPI,2026-06-11,22:26:30,960.0
9578,234,115,2,150,0,UPI,2026-04-27,18:17:39,300.0
9579,101,125,1,120,0,UPI,2026-01-22,18:32:38,120.0
9580,154,130,2,220,0,UPI,2026-05-20,20:04:06,440.0
9581,447,108,3,695,10,UPI,2026-01-13,20:36:02,1876.5
9582,222,110,2,280,0,UPI,2026-01-16,20:23:39,560.0
9583,358,123,1,420,5,UPI,2026-05-07,19:41:35,399.0
9584,177,126,1,60,0,Cash,2026-06-08,19:39:44,60.0
9585,17,105,1,420,0,Cash,2026-04-04,14:28:24,420.0
9586,383,117,1,130,0,UPI,2026-04-22,20:44:58,130.0
9587,236,115,1,150,5,Card,2026-01-27,12:04:31,142.5
9588,271,101,1,695,0,UPI,2026-02-21,12:37:56,695.0
9589,159,118,2,150,5,UPI,2026-04-08,13:03:19,285.0
9590,466,121,2,350,0,Cash,2026-02-09,20:43:13,700.0
9591,171,106,1,300,5,UPI,2026-03-30,14:24:33,285.0
9592,36,108,1,695,5,UPI,2026-04-19,14:48:55,660.25
9593,37,120,5,120,5,Cash,2026-01-25,18:20:37,570.0
9594,319,123,3,420,0,Cash,2026-02-03,13:41:54,1260.0
9595,319,126,3,60,0,UPI,2026-01-30,20:40:56,180.0
9596,487,116,2,120,10,UPI,2026-01-04,18:44:34,216.0
9597,316,105,3,420,0,Card,2026-02-09,18:26:10,1260.0
9598,448,122,3,320,0,UPI,2026-05-11,14:38:55,960.0
9599,30,118,1,150,10,UPI,2026-01-08,13:10:27,135.0
9600,107,113,5,220,10,Cash,2026-04-05,20:12:21,990.0
9601,181,121,3,350,10,UPI,2026-03-02,20:43:30,945.0
9602,299,115,3,150,0,UPI,2026-02-06,20:49:00,450.0
9603,315,130,1,220,0,Card,2026-01-02,13:04:44,220.0
9604,125,102,1,380,5,UPI,2026-02-24,12:43:21,361.0
9605,265,120,1,120,0,UPI,2026-02-08,19:42:11,120.0
9606,177,120,1,120,0,Cash,2026-01-15,19:53:20,120.0
9607,398,115,2,150,0,Cash,2026-01-20,19:52:19,300.0
9608,207,119,2,220,0,Card,2026-02-08,11:06:26,440.0
9609,59,129,1,180,15,Card,2026-06-01,12:13:55,153.0
9610,182,101,1,695,0,UPI,2026-01-29,20:07:45,695.0
9611,375,118,1,150,0,UPI,2026-05-30,20:39:48,150.0
9612,238,120,1,120,0,UPI,2026-02-19,20:17:49,120.0
9613,161,102,4,380,5,UPI,2026-03-19,18:30:44,1444.0
9614,80,120,2,120,5,Card,2026-06-26,19:09:26,228.0
9615,446,127,5,90,0,Card,2026-05-02,19:11:03,450.0
9616,197,122,1,320,0,UPI,2026-03-07,19:51:46,320.0
9617,119,102,2,380,0,UPI,2026-05-02,20:57:18,760.0
9618,480,107,1,695,0,UPI,2026-01-19,19:05:49,695.0
9619,320,113,3,220,0,UPI,2026-05-31,21:00:22,660.0
9620,471,102,1,380,0,Cash,2026-06-18,22:17:56,380.0
9621,313,104,2,390,0,Cash,2026-04-14,13:52:58,780.0
9622,411,101,1,695,10,Card,2026-01-15,13:43:37,625.5
9623,144,113,2,220,0,UPI,2026-02-28,12:45:05,440.0
9624,389,113,1,220,0,Card,2026-03-01,21:54:18,220.0
9625,472,122,2,320,15,UPI,2026-04-07,13:29:59,544.0
9626,254,105,1,420,0,UPI,2026-04-09,19:30:03,420.0
9627,217,102,1,380,5,UPI,2026-02-05,12:43:02,361.0
9628,324,119,2,220,10,Cash,2026-04-26,11:34:40,396.0
9629,211,104,1,390,15,UPI,2026-06-20,11:18:28,331.5
9630,451,106,1,300,0,UPI,2026-05-22,19:07:21,300.0
9631,203,102,2,380,0,Card,2026-01-11,21:37:36,760.0
9632,416,102,1,380,0,UPI,2026-01-24,18:33:46,380.0
9633,484,104,3,390,10,Cash,2026-03-04,19:59:45,1053.0
9634,268,118,2,150,0,UPI,2026-02-10,18:54:49,300.0
9635,296,115,2,150,0,UPI,2026-05-17,20:51:07,300.0
9636,499,124,2,180,10,Card,2026-06-27,19:56:49,324.0
9637,395,122,2,320,0,UPI,2026-02-05,11:56:47,640.0
9638,71,116,5,120,5,UPI,2026-01-20,11:51:11,570.0
9639,32,120,4,120,0,Card,2026-06-29,13:46:57,480.0
9640,96,112,1,240,0,UPI,2026-03-18,20:43:09,240.0
9641,296,101,3,695,0,UPI,2026-01-19,12:44:05,2085.0
9642,200,126,2,60,10,Cash,2026-05-09,21:26:26,108.0
9643,261,101,1,695,0,Cash,2026-02-06,18:25:10,695.0
9644,400,102,1,380,0,UPI,2026-01-28,19:38:58,380.0
9645,350,111,2,320,0,UPI,2026-02-25,12:20:55,640.0
9646,405,123,4,420,0,Card,2026-03-11,19:27:53,1680.0
9647,337,126,1,60,5,UPI,2026-05-18,18:31:14,57.0
9648,205,125,3,120,0,UPI,2026-05-19,13:59:54,360.0
9649,459,123,1,420,0,Cash,2026-03-26,22:41:20,420.0
9650,382,101,1,695,0,Cash,2026-03-12,20:21:59,695.0
9651,85,111,1,320,5,UPI,2026-05-17,13:02:08,304.0
9652,252,113,2,220,15,UPI,2026-04-18,11:36:57,374.0
9653,424,115,1,150,5,UPI,2026-06-20,20:53:39,142.5
9654,404,125,1,120,0,Card,2026-05-24,20:34:41,120.0
9655,180,121,1,350,5,UPI,2026-03-10,12:42:01,332.5
9656,216,115,5,150,0,UPI,2026-01-14,19:59:33,750.0
9657,28,109,2,650,10,Card,2026-03-23,13:13:16,1170.0
9658,148,111,3,320,0,UPI,2026-06-28,14:43:04,960.0
9659,339,101,1,695,0,Cash,2026-03-13,12:36:49,695.0
9660,375,129,4,180,5,UPI,2026-03-01,12:58:36,684.0
9661,197,104,4,390,15,Card,2026-03-01,13:42:49,1326.0
9662,263,108,2,695,0,UPI,2026-06-23,21:13:14,1390.0
9663,135,105,2,420,0,UPI,2026-01-26,14:14:30,840.0
9664,414,107,2,695,0,Card,2026-05-31,11:35:21,1390.0
9665,335,107,2,695,0,Card,2026-04-22,21:12:53,1390.0
9666,168,113,2,220,5,UPI,2026-04-24,13:52:13,418.0
9667,121,112,1,240,0,UPI,2026-06-10,12:26:07,240.0
9668,428,106,1,300,0,UPI,2026-05-19,13:39:37,300.0
9669,186,110,3,280,0,Card,2026-02-24,19:18:50,840.0
9670,484,113,1,220,5,UPI,2026-01-16,13:29:06,209.0
9671,38,105,1,420,0,Card,2026-05-21,19:03:22,420.0
9672,393,102,1,380,0,Cash,2026-05-02,12:41:38,380.0
9673,226,101,2,695,0,Cash,2026-01-26,18:17:23,1390.0
9674,356,101,2,695,0,Card,2026-02-10,12:54:02,1390.0
9675,349,109,1,650,0,UPI,2026-01-27,19:07:14,650.0
9676,265,125,2,120,15,UPI,2026-03-16,13:49:18,204.0
9677,462,119,4,220,0,Card,2026-06-26,20:50:54,880.0
9678,12,102,1,380,0,Card,2026-05-18,11:15:28,380.0
9679,253,119,1,220,0,Cash,2026-01-18,20:04:11,220.0
9680,347,121,2,350,0,UPI,2026-03-09,13:19:21,700.0
9681,404,103,2,320,0,UPI,2026-03-24,13:05:21,640.0
9682,285,118,1,150,15,Card,2026-01-16,19:34:55,127.5
9683,375,119,1,220,0,UPI,2026-04-03,22:04:36,220.0
9684,296,103,1,320,0,Card,2026-06-13,19:02:06,320.0
9685,105,118,1,150,0,UPI,2026-03-15,18:58:32,150.0
9686,408,110,5,280,0,UPI,2026-03-25,12:52:23,1400.0
9687,325,111,1,320,5,Card,2026-03-18,19:46:18,304.0
9688,137,118,1,150,5,UPI,2026-01-26,13:12:18,142.5
9689,189,107,3,695,0,UPI,2026-02-01,11:07:11,2085.0
9690,193,120,1,120,0,Card,2026-01-16,13:11:07,120.0
9691,70,127,2,90,5,Card,2026-02-17,13:57:34,171.0
9692,250,108,4,695,5,UPI,2026-06-09,19:19:49,2641.0
9693,288,119,3,220,0,UPI,2026-02-10,22:53:29,660.0
9694,154,127,3,90,10,UPI,2026-03-16,12:11:13,243.0
9695,418,120,1,120,5,UPI,2026-05-13,19:47:28,114.0
9696,438,104,2,390,0,UPI,2026-06-25,19:33:58,780.0
9697,420,111,1,320,0,UPI,2026-01-27,20:07:41,320.0
9698,335,105,3,420,0,Cash,2026-04-02,19:46:04,1260.0
9699,48,105,3,420,0,UPI,2026-02-24,12:15:49,1260.0
9700,419,105,1,420,0,UPI,2026-01-12,20:45:59,420.0
9701,198,119,2,220,10,UPI,2026-06-12,12:31:51,396.0
9702,465,124,1,180,0,Cash,2026-05-02,12:53:34,180.0
9703,357,115,2,150,0,UPI,2026-02-26,21:39:32,300.0
9704,458,101,3,695,0,UPI,2026-01-28,12:25:59,2085.0
9705,452,102,1,380,0,UPI,2026-05-23,13:07:37,380.0
9706,170,115,1,150,5,UPI,2026-01-27,12:16:06,142.5
9707,166,116,2,120,0,UPI,2026-04-06,18:03:33,240.0
9708,174,108,1,695,0,UPI,2026-05-28,12:06:06,695.0
9709,185,115,2,150,15,UPI,2026-02-04,19:49:43,255.0
9710,456,122,3,320,15,UPI,2026-01-10,19:36:40,816.0
9711,79,109,1,650,0,Cash,2026-01-17,19:51:45,650.0
9712,128,130,4,220,5,Cash,2026-05-22,19:17:55,836.0
9713,480,108,3,695,0,Card,2026-02-15,13:51:42,2085.0
9714,283,109,1,650,0,Card,2026-03-24,19:21:46,650.0
9715,411,118,5,150,0,UPI,2026-03-16,12:40:06,750.0
9716,148,109,3,650,0,UPI,2026-06-20,19:02:24,1950.0
9717,150,110,1,280,5,UPI,2026-06-07,21:32:19,266.0
9718,40,123,1,420,0,UPI,2026-02-15,19:41:51,420.0
9719,254,109,5,650,10,UPI,2026-02-04,19:16:59,2925.0
9720,248,120,2,120,10,UPI,2026-05-12,12:49:28,216.0
9721,67,108,1,695,0,Cash,2026-04-16,20:42:34,695.0
9722,201,126,1,60,0,UPI,2026-05-01,13:31:59,60.0
9723,364,119,1,220,10,UPI,2026-03-20,19:24:03,198.0
9724,264,119,1,220,0,Cash,2026-01-16,18:39:34,220.0
9725,335,114,1,180,0,Card,2026-04-10,13:30:13,180.0
9726,191,118,1,150,5,UPI,2026-06-19,12:19:10,142.5
9727,188,112,1,240,0,UPI,2026-02-20,21:07:48,240.0
9728,376,104,1,390,0,UPI,2026-04-05,19:39:52,390.0
9729,129,101,1,695,10,UPI,2026-05-22,14:22:23,625.5
9730,109,122,1,320,0,Cash,2026-03-16,21:21:26,320.0
9731,93,102,2,380,5,UPI,2026-05-30,14:45:50,722.0
9732,326,124,4,180,10,Card,2026-05-31,19:41:26,648.0
9733,238,122,3,320,0,UPI,2026-01-03,12:40:50,960.0
9734,438,108,3,695,0,UPI,2026-04-12,20:56:28,2085.0
9735,311,129,1,180,0,Cash,2026-05-05,14:47:38,180.0
9736,444,110,1,280,0,UPI,2026-03-05,12:45:51,280.0
9737,375,101,2,695,0,Cash,2026-04-02,13:38:09,1390.0
9738,319,114,1,180,0,Cash,2026-06-21,13:47:48,180.0
9739,462,122,2,320,0,UPI,2026-01-18,21:41:40,640.0
9740,488,109,3,650,10,UPI,2026-04-04,20:35:35,1755.0
9741,373,123,1,420,0,UPI,2026-04-05,13:03:45,420.0
9742,37,119,2,220,10,Card,2026-02-15,12:21:12,396.0
9743,134,125,2,120,10,Card,2026-05-22,19:48:44,216.0
9744,260,121,2,350,10,Cash,2026-05-13,13:22:40,630.0
9745,324,116,1,120,0,Cash,2026-06-07,21:05:29,120.0
9746,471,108,3,695,0,UPI,2026-03-12,14:36:51,2085.0
9747,329,109,1,650,0,UPI,2026-01-31,13:27:45,650.0
9748,81,109,2,650,0,UPI,2026-01-14,11:26:17,1300.0
9749,282,116,2,120,0,UPI,2026-01-13,13:11:36,240.0
9750,480,120,1,120,0,UPI,2026-06-06,13:25:14,120.0
9751,473,129,2,180,10,UPI,2026-05-18,11:49:04,324.0
9752,290,105,1,420,10,UPI,2026-06-26,11:35:23,378.0
9753,485,124,2,180,0,UPI,2026-02-19,20:32:01,360.0
9754,399,106,2,300,0,UPI,2026-04-02,14:38:14,600.0
9755,256,120,4,120,10,UPI,2026-01-29,14:18:31,432.0
9756,12,127,2,90,0,Card,2026-06-04,12:43:14,180.0
9757,76,101,1,695,0,UPI,2026-05-23,12:27:08,695.0
9758,157,102,1,380,15,UPI,2026-03-08,19:57:38,323.0
9759,86,102,1,380,0,Card,2026-05-27,11:10:21,380.0
9760,465,119,2,220,0,UPI,2026-05-27,13:41:10,440.0
9761,91,125,2,120,0,Cash,2026-05-30,13:54:29,240.0
9762,117,105,2,420,0,UPI,2026-02-14,19:26:44,840.0
9763,286,104,3,390,10,UPI,2026-06-26,13:28:46,1053.0
9764,384,107,1,695,5,UPI,2026-06-13,12:47:42,660.25
9765,11,101,2,695,10,Cash,2026-02-07,20:55:57,1251.0
9766,125,123,2,420,0,Card,2026-05-09,13:18:05,840.0
9767,57,111,1,320,0,Card,2026-06-15,20:57:59,320.0
9768,369,128,2,150,0,UPI,2026-01-29,12:51:03,300.0
9769,54,126,2,60,5,UPI,2026-06-06,13:52:04,114.0
9770,500,120,2,120,0,UPI,2026-06-25,13:05:08,240.0
9771,130,104,2,390,0,UPI,2026-03-14,19:27:39,780.0
9772,129,121,2,350,0,UPI,2026-06-01,13:04:42,700.0
9773,214,121,2,350,10,UPI,2026-06-19,13:35:56,630.0
9774,273,107,1,695,0,UPI,2026-03-20,12:57:02,695.0
9775,272,104,3,390,0,UPI,2026-05-04,14:06:47,1170.0
9776,54,126,3,60,0,UPI,2026-01-25,12:29:28,180.0
9777,372,118,1,150,5,Card,2026-05-16,21:20:32,142.5
9778,379,111,2,320,0,Card,2026-05-09,12:17:04,640.0
9779,454,107,1,695,0,Card,2026-01-29,19:11:44,695.0
9780,255,104,2,390,0,UPI,2026-05-09,13:43:09,780.0
9781,295,104,1,390,0,Card,2026-02-09,14:16:20,390.0
9782,151,103,1,320,0,UPI,2026-05-12,19:12:49,320.0
9783,202,111,2,320,0,UPI,2026-05-19,20:19:53,640.0
9784,122,123,2,420,5,Cash,2026-04-13,14:28:11,798.0
9785,27,105,2,420,0,Card,2026-02-24,12:32:34,840.0
9786,161,112,2,240,5,UPI,2026-04-07,12:28:03,456.0
9787,358,120,1,120,0,UPI,2026-03-13,20:39:33,120.0
9788,93,103,1,320,0,Cash,2026-03-18,12:36:31,320.0
9789,264,117,1,130,0,Card,2026-06-02,18:03:43,130.0
9790,51,123,2,420,0,Card,2026-01-02,13:11:08,840.0
9791,304,102,2,380,5,UPI,2026-02-18,20:05:51,722.0
9792,440,110,1,280,0,UPI,2026-02-02,13:00:04,280.0
9793,352,123,1,420,0,UPI,2026-06-03,11:05:56,420.0
9794,154,111,2,320,0,UPI,2026-06-18,18:49:36,640.0
9795,439,122,1,320,0,Cash,2026-06-02,12:29:17,320.0
9796,415,118,1,150,0,Cash,2026-04-03,21:21:45,150.0
9797,208,123,3,420,10,UPI,2026-03-23,18:30:12,1134.0
9798,14,102,2,380,0,UPI,2026-04-28,20:35:41,760.0
9799,244,105,3,420,5,UPI,2026-03-09,20:36:21,1197.0
9800,388,104,1,390,5,Card,2026-03-27,19:30:09,370.5
9801,211,102,1,380,5,Card,2026-05-07,12:59:40,361.0
9802,342,101,5,695,10,UPI,2026-06-26,13:41:57,3127.5
9803,49,122,1,320,15,UPI,2026-05-18,11:15:05,272.0
9804,192,122,2,320,5,UPI,2026-04-22,20:42:40,608.0
9805,319,128,1,150,0,Cash,2026-03-26,13:29:37,150.0
9806,415,112,1,240,0,UPI,2026-05-06,14:25:16,240.0
9807,95,104,2,390,0,UPI,2026-01-28,14:42:57,780.0
9808,15,122,4,320,0,UPI,2026-03-31,19:52:31,1280.0
9809,459,124,1,180,0,UPI,2026-04-21,13:03:43,180.0
9810,144,110,2,280,15,Cash,2026-05-13,12:09:07,476.0
9811,54,101,3,695,0,UPI,2026-01-16,13:55:36,2085.0
9812,288,125,1,120,5,Card,2026-04-27,11:30:56,114.0
9813,222,105,1,420,0,UPI,2026-01-19,13:40:06,420.0
9814,354,119,2,220,0,UPI,2026-06-11,19:56:00,440.0
9815,64,103,1,320,0,UPI,2026-05-30,18:41:39,320.0
9816,356,101,3,695,0,Cash,2026-03-28,19:34:24,2085.0
9817,496,126,3,60,0,UPI,2026-03-20,13:41:46,180.0
9818,414,108,2,695,0,UPI,2026-05-08,13:38:00,1390.0
9819,428,111,1,320,10,Card,2026-06-16,20:39:09,288.0
9820,267,118,1,150,0,UPI,2026-06-01,20:03:04,150.0
9821,236,113,2,220,0,Card,2026-06-23,13:33:48,440.0
9822,79,104,1,390,0,UPI,2026-03-09,14:13:51,390.0
9823,160,112,1,240,5,UPI,2026-05-08,12:45:04,228.0
9824,178,101,2,695,0,Cash,2026-05-07,11:25:01,1390.0
9825,88,113,1,220,5,UPI,2026-01-27,14:18:27,209.0
9826,99,112,4,240,5,Card,2026-05-24,13:52:34,912.0
9827,276,108,2,695,0,Card,2026-05-04,14:38:19,1390.0
9828,209,102,2,380,5,UPI,2026-02-18,12:47:56,722.0
9829,187,126,1,60,0,Cash,2026-01-07,13:27:58,60.0
9830,324,109,1,650,0,UPI,2026-01-09,12:22:00,650.0
9831,419,101,1,695,0,Cash,2026-06-25,20:22:07,695.0
9832,309,119,1,220,0,Card,2026-05-16,19:22:04,220.0
9833,441,106,2,300,10,Cash,2026-03-31,18:21:51,540.0
9834,340,111,4,320,0,UPI,2026-04-20,12:31:27,1280.0
9835,150,120,1,120,0,Card,2026-02-26,12:19:38,120.0
9836,102,108,1,695,10,UPI,2026-03-25,12:43:13,625.5
9837,232,122,3,320,0,Card,2026-06-18,11:22:22,960.0
9838,82,102,1,380,0,Cash,2026-02-27,14:45:02,380.0
9839,347,129,1,180,0,Card,2026-06-19,14:36:42,180.0
9840,315,103,2,320,5,UPI,2026-02-27,13:16:24,608.0
9841,368,103,2,320,0,UPI,2026-02-11,18:18:59,640.0
9842,283,102,1,380,10,Cash,2026-04-07,12:27:06,342.0
9843,368,105,2,420,0,UPI,2026-06-16,14:49:27,840.0
9844,344,101,2,695,5,Card,2026-02-16,13:15:38,1320.5
9845,379,129,2,180,0,Cash,2026-02-27,14:59:11,360.0
9846,471,114,1,180,10,Card,2026-06-18,13:06:38,162.0
9847,186,107,2,695,10,UPI,2026-05-20,19:30:10,1251.0
9848,21,102,3,380,0,Card,2026-06-15,12:37:26,1140.0
9849,483,109,2,650,5,UPI,2026-05-30,13:56:30,1235.0
9850,333,115,1,150,0,UPI,2026-02-10,20:44:30,150.0
9851,96,102,1,380,0,Cash,2026-05-16,21:45:29,380.0
9852,148,102,1,380,0,UPI,2026-06-22,13:54:57,380.0
9853,51,102,1,380,0,Card,2026-03-16,11:14:15,380.0
9854,125,106,1,300,0,UPI,2026-01-27,13:10:22,300.0
9855,67,107,2,695,0,Card,2026-05-11,13:06:13,1390.0
9856,284,118,3,150,0,Card,2026-05-14,13:59:14,450.0
9857,442,115,4,150,0,UPI,2026-02-10,14:27:58,600.0
9858,32,102,1,380,0,Cash,2026-01-08,13:29:27,380.0
9859,9,106,1,300,15,UPI,2026-01-06,13:45:40,255.0
9860,54,128,2,150,0,UPI,2026-03-18,19:55:47,300.0
9861,51,128,1,150,0,UPI,2026-06-17,18:39:37,150.0
9862,204,116,2,120,0,UPI,2026-02-27,19:22:16,240.0
9863,312,102,3,380,0,UPI,2026-06-14,19:58:42,1140.0
9864,33,127,1,90,10,UPI,2026-05-26,13:56:27,81.0
9865,389,107,1,695,5,Card,2026-05-14,22:59:19,660.25
9866,45,101,2,695,10,Card,2026-04-24,12:10:34,1251.0
9867,69,105,1,420,0,UPI,2026-05-04,20:24:50,420.0
9868,439,104,4,390,0,UPI,2026-04-18,13:30:16,1560.0
9869,363,118,1,150,0,UPI,2026-02-04,20:27:13,150.0
9870,296,101,1,695,0,UPI,2026-04-22,21:26:53,695.0
9871,354,119,1,220,10,UPI,2026-01-25,19:42:17,198.0
9872,124,122,2,320,0,UPI,2026-06-10,19:56:44,640.0
9873,118,117,2,130,10,Cash,2026-03-10,19:36:02,234.0
9874,93,106,2,300,0,UPI,2026-05-09,18:07:36,600.0
9875,358,116,1,120,0,UPI,2026-06-25,11:23:45,120.0
9876,341,113,2,220,0,UPI,2026-02-28,13:08:02,440.0
9877,7,106,1,300,0,Card,2026-04-08,19:32:37,300.0
9878,177,105,1,420,15,UPI,2026-06-27,13:56:25,357.0
9879,191,105,1,420,0,Card,2026-06-18,19:19:04,420.0
9880,335,104,2,390,0,UPI,2026-03-23,19:24:37,780.0
9881,345,120,2,120,0,Card,2026-03-29,20:32:41,240.0
9882,279,114,1,180,5,Card,2026-03-12,19:52:48,171.0
9883,162,103,1,320,0,UPI,2026-05-29,18:19:07,320.0
9884,477,102,2,380,0,Card,2026-06-13,18:41:45,760.0
9885,377,103,2,320,10,UPI,2026-01-29,19:02:27,576.0
9886,478,101,1,695,15,UPI,2026-01-04,20:56:40,590.75
9887,455,125,4,120,0,UPI,2026-06-28,13:10:52,480.0
9888,31,124,2,180,0,UPI,2026-02-23,11:25:02,360.0
9889,210,121,4,350,0,Card,2026-01-27,12:07:58,1400.0
9890,197,105,1,420,10,Cash,2026-04-19,20:19:42,378.0
9891,486,117,1,130,0,Card,2026-06-03,11:30:04,130.0
9892,401,124,2,180,5,UPI,2026-03-05,19:20:28,342.0
9893,340,120,1,120,5,UPI,2026-05-23,19:46:15,114.0
9894,474,121,1,350,10,Card,2026-04-18,13:44:34,315.0
9895,472,111,1,320,0,UPI,2026-03-28,19:21:39,320.0
9896,107,119,2,220,0,UPI,2026-04-30,19:24:42,440.0
9897,424,128,3,150,5,UPI,2026-01-14,13:48:56,427.5
9898,239,130,4,220,0,UPI,2026-01-29,20:21:42,880.0
9899,463,121,1,350,0,UPI,2026-06-17,21:44:24,350.0
9900,265,120,1,120,5,UPI,2026-06-20,21:41:03,114.0
9901,254,104,3,390,5,Card,2026-03-26,20:11:03,1111.5
9902,312,125,2,120,0,Cash,2026-03-13,19:41:04,240.0
9903,283,122,1,320,0,UPI,2026-04-01,14:42:40,320.0
9904,171,123,1,420,0,Cash,2026-04-09,11:34:35,420.0
9905,150,103,1,320,0,UPI,2026-02-03,13:00:57,320.0
9906,127,104,1,390,0,UPI,2026-02-07,11:10:33,390.0
9907,498,114,1,180,0,UPI,2026-04-14,19:12:21,180.0
9908,138,109,3,650,0,Card,2026-03-17,20:20:49,1950.0
9909,61,107,2,695,0,Cash,2026-03-18,21:06:28,1390.0
9910,12,123,1,420,0,UPI,2026-06-12,20:51:41,420.0
9911,74,104,1,390,0,Card,2026-01-16,21:57:43,390.0
9912,245,127,1,90,0,UPI,2026-03-12,13:01:16,90.0
9913,306,111,2,320,0,Card,2026-02-08,11:41:08,640.0
9914,268,118,4,150,5,Cash,2026-02-18,13:51:15,570.0
9915,36,121,1,350,10,UPI,2026-06-07,13:49:48,315.0
9916,280,126,1,60,0,Card,2026-06-07,13:01:16,60.0
9917,77,110,3,280,0,UPI,2026-02-22,13:14:28,840.0
9918,440,105,1,420,0,Card,2026-01-31,12:03:43,420.0
9919,416,130,2,220,5,Cash,2026-04-19,18:59:01,418.0
9920,211,123,4,420,0,UPI,2026-06-18,13:24:41,1680.0
9921,165,103,2,320,0,Cash,2026-03-13,21:03:44,640.0
9922,50,103,1,320,0,UPI,2026-01-29,21:16:50,320.0
9923,132,129,1,180,10,UPI,2026-03-01,20:17:17,162.0
9924,201,107,1,695,0,UPI,2026-01-02,14:38:48,695.0
9925,444,104,1,390,10,Card,2026-02-05,21:51:57,351.0
9926,355,107,1,695,0,UPI,2026-01-01,12:49:20,695.0
9927,271,128,1,150,0,UPI,2026-01-24,14:59:19,150.0
9928,494,105,3,420,0,UPI,2026-05-10,20:05:07,1260.0
9929,473,101,3,695,10,UPI,2026-05-20,19:40:05,1876.5
9930,435,128,2,150,5,UPI,2026-03-04,11:50:00,285.0
9931,214,116,1,120,0,UPI,2026-02-17,19:32:11,120.0
9932,240,108,1,695,15,UPI,2026-02-03,19:04:52,590.75
9933,395,108,2,695,5,UPI,2026-02-23,12:39:25,1320.5
9934,176,104,3,390,0,UPI,2026-05-17,12:36:45,1170.0
9935,70,107,4,695,0,UPI,2026-03-15,21:24:13,2780.0
9936,63,124,1,180,0,UPI,2026-06-08,14:58:37,180.0
9937,460,116,1,120,0,Cash,2026-05-27,18:55:49,120.0
9938,318,109,2,650,0,UPI,2026-06-10,12:36:30,1300.0
9939,213,118,2,150,0,Card,2026-01-24,18:13:54,300.0
9940,270,112,2,240,0,UPI,2026-05-02,13:34:42,480.0
9941,467,126,1,60,0,UPI,2026-06-24,19:57:48,60.0
9942,443,123,1,420,10,Card,2026-04-27,11:39:01,378.0
9943,228,104,1,390,0,Cash,2026-03-07,19:09:09,390.0
9944,330,106,1,300,0,UPI,2026-02-17,21:41:43,300.0
9945,144,101,3,695,0,UPI,2026-05-26,20:42:28,2085.0
9946,489,116,1,120,10,UPI,2026-02-04,11:00:06,108.0
9947,215,122,1,320,0,Card,2026-04-22,14:24:30,320.0
9948,195,121,1,350,0,Card,2026-01-08,12:42:43,350.0
9949,213,125,1,120,0,UPI,2026-05-14,18:53:26,120.0
9950,420,128,1,150,0,Cash,2026-03-03,18:00:12,150.0
9951,94,124,1,180,0,Card,2026-05-21,12:52:46,180.0
9952,233,119,1,220,0,Card,2026-01-02,14:18:18,220.0
9953,8,109,2,650,0,UPI,2026-04-02,18:54:18,1300.0
9954,131,109,1,650,0,UPI,2026-04-15,11:07:24,650.0
9955,297,102,3,380,10,UPI,2026-04-18,12:27:30,1026.0
9956,482,127,1,90,10,UPI,2026-01-13,13:54:32,81.0
9957,456,107,1,695,0,Cash,2026-02-17,12:36:18,695.0
9958,277,120,3,120,10,Cash,2026-03-15,12:22:11,324.0
9959,123,101,3,695,0,UPI,2026-05-30,18:35:13,2085.0
9960,418,102,1,380,0,UPI,2026-02-05,19:16:49,380.0
9961,199,124,3,180,10,UPI,2026-02-09,20:51:19,486.0
9962,368,115,1,150,10,UPI,2026-04-26,13:56:22,135.0
9963,494,116,1,120,5,UPI,2026-05-12,12:22:18,114.0
9964,115,129,2,180,0,Card,2026-06-28,13:41:08,360.0
9965,464,119,2,220,0,Card,2026-06-18,13:22:40,440.0
9966,297,107,2,695,0,UPI,2026-06-03,14:56:50,1390.0
9967,422,101,1,695,5,Cash,2026-02-24,18:59:39,660.25
9968,311,123,2,420,0,Card,2026-05-07,13:37:54,840.0
9969,304,105,2,420,15,UPI,2026-03-29,18:01:45,714.0
9970,274,109,1,650,0,Card,2026-06-26,13:41:55,650.0
9971,109,116,2,120,0,UPI,2026-05-02,18:26:26,240.0
9972,46,130,1,220,0,UPI,2026-06-23,14:59:03,220.0
9973,352,121,1,350,5,UPI,2026-05-07,14:56:25,332.5
9974,179,101,4,695,0,Cash,2026-03-09,13:59:45,2780.0
9975,408,103,1,320,0,UPI,2026-05-07,11:43:15,320.0
9976,83,113,2,220,5,UPI,2026-01-13,12:24:52,418.0
9977,29,114,1,180,0,UPI,2026-06-08,12:13:08,180.0
9978,121,106,1,300,5,UPI,2026-06-01,21:02:30,285.0
9979,492,121,2,350,5,UPI,2026-05-06,21:44:40,665.0
9980,223,105,5,420,0,Cash,2026-06-20,18:46:11,2100.0
9981,433,117,2,130,5,Card,2026-01-10,14:34:53,247.0
9982,392,101,1,695,0,UPI,2026-01-19,12:11:40,695.0
9983,294,106,1,300,0,UPI,2026-03-21,11:49:30,300.0
9984,94,106,1,300,0,UPI,2026-01-10,14:38:57,300.0
9985,307,120,2,120,0,UPI,2026-04-15,21:07:27,240.0
9986,251,115,4,150,0,UPI,2026-06-26,14:48:36,600.0
9987,348,121,2,350,0,Card,2026-01-15,21:39:11,700.0
9988,412,101,2,695,0,Card,2026-04-21,12:33:29,1390.0
9989,281,122,1,320,0,Card,2026-03-24,13:26:29,320.0
9990,239,127,1,90,0,UPI,2026-03-15,20:58:06,90.0
9991,311,104,1,390,0,UPI,2026-05-23,12:31:42,390.0
9992,264,127,2,90,0,UPI,2026-01-21,12:49:43,180.0
9993,296,120,1,120,10,UPI,2026-04-09,12:06:02,108.0
9994,277,101,1,695,0,UPI,2026-03-01,20:58:40,695.0
9995,111,116,3,120,0,Card,2026-05-10,19:05:40,360.0
9996,135,102,2,380,0,Card,2026-06-01,14:02:15,760.0
9997,46,119,1,220,0,Card,2026-05-13,13:14:00,220.0
9998,382,109,4,650,15,Card,2026-02-10,18:46:00,2210.0
9999,107,116,1,120,0,UPI,2026-05-13,12:43:03,120.0
10000,58,108,1,695,0,UPI,2026-01-25,18:07:08,695.0
